[2026-01-21T20:02:16.733+0000] {manager.py:470} INFO - Processing files using up to 2 processes at a time 
[2026-01-21T20:02:16.735+0000] {manager.py:471} INFO - Process each file at most once every 30 seconds
[2026-01-21T20:02:16.735+0000] {manager.py:472} INFO - Checking for new files in /opt/airflow/dags every 300 seconds
[2026-01-21T20:02:16.736+0000] {manager.py:737} INFO - Searching for files in /opt/airflow/dags
[2026-01-21T20:02:16.747+0000] {manager.py:740} INFO - There are 0 files in /opt/airflow/dags
[2026-01-21T20:07:17.290+0000] {manager.py:737} INFO - Searching for files in /opt/airflow/dags
[2026-01-21T20:07:17.305+0000] {manager.py:740} INFO - There are 0 files in /opt/airflow/dags
[2026-01-21T20:11:43.755+0000] {manager.py:452} INFO - Exiting gracefully upon receiving signal 15
[2026-01-21T20:12:36.584+0000] {manager.py:470} INFO - Processing files using up to 2 processes at a time 
[2026-01-21T20:12:36.584+0000] {manager.py:471} INFO - Process each file at most once every 30 seconds
[2026-01-21T20:12:36.585+0000] {manager.py:472} INFO - Checking for new files in /opt/airflow/dags every 300 seconds
[2026-01-21T20:12:36.586+0000] {manager.py:737} INFO - Searching for files in /opt/airflow/dags
[2026-01-21T20:12:36.597+0000] {manager.py:740} INFO - There are 0 files in /opt/airflow/dags
[2026-01-21T20:17:37.207+0000] {manager.py:737} INFO - Searching for files in /opt/airflow/dags
[2026-01-21T20:17:37.218+0000] {manager.py:740} INFO - There are 0 files in /opt/airflow/dags
[2026-01-21T20:22:37.978+0000] {manager.py:737} INFO - Searching for files in /opt/airflow/dags
[2026-01-21T20:22:37.990+0000] {manager.py:740} INFO - There are 0 files in /opt/airflow/dags
[2026-01-21T20:22:50.440+0000] {manager.py:452} INFO - Exiting gracefully upon receiving signal 15
[2026-01-24T09:22:23.475+0000] {manager.py:470} INFO - Processing files using up to 2 processes at a time 
[2026-01-24T09:22:23.475+0000] {manager.py:471} INFO - Process each file at most once every 30 seconds
[2026-01-24T09:22:23.476+0000] {manager.py:472} INFO - Checking for new files in /opt/airflow/dags every 300 seconds
[2026-01-24T09:22:23.477+0000] {manager.py:737} INFO - Searching for files in /opt/airflow/dags
[2026-01-24T09:22:23.488+0000] {manager.py:740} INFO - There are 0 files in /opt/airflow/dags
[2026-01-24T09:27:23.868+0000] {manager.py:737} INFO - Searching for files in /opt/airflow/dags
[2026-01-24T09:27:23.886+0000] {manager.py:740} INFO - There are 0 files in /opt/airflow/dags
[2026-01-24T09:32:24.228+0000] {manager.py:737} INFO - Searching for files in /opt/airflow/dags
[2026-01-24T09:32:24.240+0000] {manager.py:740} INFO - There are 0 files in /opt/airflow/dags
[2026-01-24T09:37:24.356+0000] {manager.py:737} INFO - Searching for files in /opt/airflow/dags
[2026-01-24T09:37:24.366+0000] {manager.py:740} INFO - There are 0 files in /opt/airflow/dags
[2026-01-24T09:39:09.713+0000] {manager.py:452} INFO - Exiting gracefully upon receiving signal 15
[2026-01-24T09:40:01.925+0000] {manager.py:470} INFO - Processing files using up to 2 processes at a time 
[2026-01-24T09:40:01.926+0000] {manager.py:471} INFO - Process each file at most once every 30 seconds
[2026-01-24T09:40:01.927+0000] {manager.py:472} INFO - Checking for new files in /opt/airflow/dags every 300 seconds
[2026-01-24T09:40:01.927+0000] {manager.py:737} INFO - Searching for files in /opt/airflow/dags
[2026-01-24T09:40:01.940+0000] {manager.py:740} INFO - There are 0 files in /opt/airflow/dags
[2026-01-24T09:41:09.826+0000] {manager.py:452} INFO - Exiting gracefully upon receiving signal 15
[2026-01-24T09:42:44.465+0000] {manager.py:470} INFO - Processing files using up to 2 processes at a time 
[2026-01-24T09:42:44.466+0000] {manager.py:471} INFO - Process each file at most once every 30 seconds
[2026-01-24T09:42:44.467+0000] {manager.py:472} INFO - Checking for new files in /opt/airflow/dags every 300 seconds
[2026-01-24T09:42:44.467+0000] {manager.py:737} INFO - Searching for files in /opt/airflow/dags
[2026-01-24T09:42:44.487+0000] {manager.py:740} INFO - There are 1 files in /opt/airflow/dags
[2026-01-24T09:42:44.591+0000] {manager.py:878} INFO - 
================================================================================
DAG File Processing Stats

File Path                               PID  Runtime      # DAGs    # Errors  Last Runtime    Last Run
------------------------------------  -----  ---------  --------  ----------  --------------  ----------
/opt/airflow/dags/reports_etl_dag.py    173  0.03s             0           0
================================================================================
[2026-01-24T09:43:14.941+0000] {manager.py:878} INFO - 
================================================================================
DAG File Processing Stats

File Path                             PID    Runtime      # DAGs    # Errors  Last Runtime    Last Run
------------------------------------  -----  ---------  --------  ----------  --------------  -------------------
/opt/airflow/dags/reports_etl_dag.py                           1           0  1.22s           2026-01-24T09:42:45
================================================================================
[2026-01-24T09:43:45.472+0000] {manager.py:878} INFO - 
================================================================================
DAG File Processing Stats

File Path                             PID    Runtime      # DAGs    # Errors  Last Runtime    Last Run
------------------------------------  -----  ---------  --------  ----------  --------------  -------------------
/opt/airflow/dags/reports_etl_dag.py                           1           0  0.47s           2026-01-24T09:43:16
================================================================================
[2026-01-24T09:44:16.128+0000] {manager.py:878} INFO - 
================================================================================
DAG File Processing Stats

File Path                             PID    Runtime      # DAGs    # Errors  Last Runtime    Last Run
------------------------------------  -----  ---------  --------  ----------  --------------  -------------------
/opt/airflow/dags/reports_etl_dag.py                           1           0  0.44s           2026-01-24T09:43:46
================================================================================
[2026-01-24T09:44:46.569+0000] {manager.py:878} INFO - 
================================================================================
DAG File Processing Stats

File Path                             PID    Runtime      # DAGs    # Errors  Last Runtime    Last Run
------------------------------------  -----  ---------  --------  ----------  --------------  -------------------
/opt/airflow/dags/reports_etl_dag.py                           1           0  0.44s           2026-01-24T09:44:17
================================================================================
[2026-01-24T09:45:17.303+0000] {manager.py:878} INFO - 
================================================================================
DAG File Processing Stats

File Path                             PID    Runtime      # DAGs    # Errors  Last Runtime    Last Run
------------------------------------  -----  ---------  --------  ----------  --------------  -------------------
/opt/airflow/dags/reports_etl_dag.py                           1           0  0.44s           2026-01-24T09:44:48
================================================================================
[2026-01-24T09:45:47.742+0000] {manager.py:878} INFO - 
================================================================================
DAG File Processing Stats

File Path                             PID    Runtime      # DAGs    # Errors  Last Runtime    Last Run
------------------------------------  -----  ---------  --------  ----------  --------------  -------------------
/opt/airflow/dags/reports_etl_dag.py                           1           0  0.42s           2026-01-24T09:45:18
================================================================================
[2026-01-24T09:46:18.485+0000] {manager.py:878} INFO - 
================================================================================
DAG File Processing Stats

File Path                             PID    Runtime      # DAGs    # Errors  Last Runtime    Last Run
------------------------------------  -----  ---------  --------  ----------  --------------  -------------------
/opt/airflow/dags/reports_etl_dag.py                           1           0  0.43s           2026-01-24T09:45:49
================================================================================
[2026-01-24T09:46:48.889+0000] {manager.py:878} INFO - 
================================================================================
DAG File Processing Stats

File Path                             PID    Runtime      # DAGs    # Errors  Last Runtime    Last Run
------------------------------------  -----  ---------  --------  ----------  --------------  -------------------
/opt/airflow/dags/reports_etl_dag.py                           1           0  0.43s           2026-01-24T09:46:19
================================================================================
[2026-01-24T09:47:19.156+0000] {manager.py:878} INFO - 
================================================================================
DAG File Processing Stats

File Path                             PID    Runtime      # DAGs    # Errors  Last Runtime    Last Run
------------------------------------  -----  ---------  --------  ----------  --------------  -------------------
/opt/airflow/dags/reports_etl_dag.py                           1           0  0.49s           2026-01-24T09:46:50
================================================================================
[2026-01-24T09:47:44.495+0000] {manager.py:737} INFO - Searching for files in /opt/airflow/dags
[2026-01-24T09:47:44.517+0000] {manager.py:740} INFO - There are 1 files in /opt/airflow/dags
[2026-01-24T09:47:49.553+0000] {manager.py:878} INFO - 
================================================================================
DAG File Processing Stats

File Path                             PID    Runtime      # DAGs    # Errors  Last Runtime    Last Run
------------------------------------  -----  ---------  --------  ----------  --------------  -------------------
/opt/airflow/dags/reports_etl_dag.py                           1           0  0.42s           2026-01-24T09:47:21
================================================================================
[2026-01-24T09:48:19.825+0000] {manager.py:878} INFO - 
================================================================================
DAG File Processing Stats

File Path                             PID    Runtime      # DAGs    # Errors  Last Runtime    Last Run
------------------------------------  -----  ---------  --------  ----------  --------------  -------------------
/opt/airflow/dags/reports_etl_dag.py                           1           0  0.47s           2026-01-24T09:47:52
================================================================================
[2026-01-24T09:48:50.133+0000] {manager.py:878} INFO - 
================================================================================
DAG File Processing Stats

File Path                             PID    Runtime      # DAGs    # Errors  Last Runtime    Last Run
------------------------------------  -----  ---------  --------  ----------  --------------  -------------------
/opt/airflow/dags/reports_etl_dag.py                           1           0  0.44s           2026-01-24T09:48:23
================================================================================
[2026-01-24T09:49:20.382+0000] {manager.py:878} INFO - 
================================================================================
DAG File Processing Stats

File Path                             PID    Runtime      # DAGs    # Errors  Last Runtime    Last Run
------------------------------------  -----  ---------  --------  ----------  --------------  -------------------
/opt/airflow/dags/reports_etl_dag.py                           1           0  0.42s           2026-01-24T09:48:54
================================================================================
[2026-01-24T09:49:50.799+0000] {manager.py:878} INFO - 
================================================================================
DAG File Processing Stats

File Path                             PID    Runtime      # DAGs    # Errors  Last Runtime    Last Run
------------------------------------  -----  ---------  --------  ----------  --------------  -------------------
/opt/airflow/dags/reports_etl_dag.py                           1           0  0.44s           2026-01-24T09:49:24
================================================================================
[2026-01-24T09:50:21.000+0000] {manager.py:878} INFO - 
================================================================================
DAG File Processing Stats

File Path                             PID    Runtime      # DAGs    # Errors  Last Runtime    Last Run
------------------------------------  -----  ---------  --------  ----------  --------------  -------------------
/opt/airflow/dags/reports_etl_dag.py                           1           0  0.44s           2026-01-24T09:49:55
================================================================================
[2026-01-24T09:50:51.318+0000] {manager.py:878} INFO - 
================================================================================
DAG File Processing Stats

File Path                             PID    Runtime      # DAGs    # Errors  Last Runtime    Last Run
------------------------------------  -----  ---------  --------  ----------  --------------  -------------------
/opt/airflow/dags/reports_etl_dag.py                           1           0  0.44s           2026-01-24T09:50:26
================================================================================
[2026-01-24T09:51:21.569+0000] {manager.py:878} INFO - 
================================================================================
DAG File Processing Stats

File Path                             PID    Runtime      # DAGs    # Errors  Last Runtime    Last Run
------------------------------------  -----  ---------  --------  ----------  --------------  -------------------
/opt/airflow/dags/reports_etl_dag.py                           1           0  0.42s           2026-01-24T09:50:57
================================================================================
[2026-01-24T09:51:51.934+0000] {manager.py:878} INFO - 
================================================================================
DAG File Processing Stats

File Path                             PID    Runtime      # DAGs    # Errors  Last Runtime    Last Run
------------------------------------  -----  ---------  --------  ----------  --------------  -------------------
/opt/airflow/dags/reports_etl_dag.py                           1           0  0.43s           2026-01-24T09:51:28
================================================================================
[2026-01-24T09:52:22.119+0000] {manager.py:878} INFO - 
================================================================================
DAG File Processing Stats

File Path                             PID    Runtime      # DAGs    # Errors  Last Runtime    Last Run
------------------------------------  -----  ---------  --------  ----------  --------------  -------------------
/opt/airflow/dags/reports_etl_dag.py                           1           0  0.42s           2026-01-24T09:51:58
================================================================================
[2026-01-24T09:52:44.894+0000] {manager.py:737} INFO - Searching for files in /opt/airflow/dags
[2026-01-24T09:52:44.913+0000] {manager.py:740} INFO - There are 1 files in /opt/airflow/dags
[2026-01-24T09:52:52.483+0000] {manager.py:878} INFO - 
================================================================================
DAG File Processing Stats

File Path                             PID    Runtime      # DAGs    # Errors  Last Runtime    Last Run
------------------------------------  -----  ---------  --------  ----------  --------------  -------------------
/opt/airflow/dags/reports_etl_dag.py                           1           0  0.44s           2026-01-24T09:52:29
================================================================================
[2026-01-24T09:53:22.750+0000] {manager.py:878} INFO - 
================================================================================
DAG File Processing Stats

File Path                             PID    Runtime      # DAGs    # Errors  Last Runtime    Last Run
------------------------------------  -----  ---------  --------  ----------  --------------  -------------------
/opt/airflow/dags/reports_etl_dag.py                           1           0  0.43s           2026-01-24T09:53:00
================================================================================
[2026-01-24T09:53:53.130+0000] {manager.py:878} INFO - 
================================================================================
DAG File Processing Stats

File Path                             PID    Runtime      # DAGs    # Errors  Last Runtime    Last Run
------------------------------------  -----  ---------  --------  ----------  --------------  -------------------
/opt/airflow/dags/reports_etl_dag.py                           1           0  0.44s           2026-01-24T09:53:31
================================================================================
[2026-01-24T09:54:23.374+0000] {manager.py:878} INFO - 
================================================================================
DAG File Processing Stats

File Path                             PID    Runtime      # DAGs    # Errors  Last Runtime    Last Run
------------------------------------  -----  ---------  --------  ----------  --------------  -------------------
/opt/airflow/dags/reports_etl_dag.py                           1           0  0.45s           2026-01-24T09:54:02
================================================================================
[2026-01-24T09:54:54.294+0000] {manager.py:878} INFO - 
================================================================================
DAG File Processing Stats

File Path                             PID    Runtime      # DAGs    # Errors  Last Runtime    Last Run
------------------------------------  -----  ---------  --------  ----------  --------------  -------------------
/opt/airflow/dags/reports_etl_dag.py                           1           0  0.55s           2026-01-24T09:54:33
================================================================================
[2026-01-24T09:55:24.684+0000] {manager.py:878} INFO - 
================================================================================
DAG File Processing Stats

File Path                             PID    Runtime      # DAGs    # Errors  Last Runtime    Last Run
------------------------------------  -----  ---------  --------  ----------  --------------  -------------------
/opt/airflow/dags/reports_etl_dag.py                           1           0  0.60s           2026-01-24T09:55:04
================================================================================
[2026-01-24T09:55:55.039+0000] {manager.py:878} INFO - 
================================================================================
DAG File Processing Stats

File Path                             PID    Runtime      # DAGs    # Errors  Last Runtime    Last Run
------------------------------------  -----  ---------  --------  ----------  --------------  -------------------
/opt/airflow/dags/reports_etl_dag.py                           1           0  0.44s           2026-01-24T09:55:34
================================================================================
[2026-01-24T09:56:25.471+0000] {manager.py:878} INFO - 
================================================================================
DAG File Processing Stats

File Path                             PID    Runtime      # DAGs    # Errors  Last Runtime    Last Run
------------------------------------  -----  ---------  --------  ----------  --------------  -------------------
/opt/airflow/dags/reports_etl_dag.py                           1           0  0.46s           2026-01-24T09:56:05
================================================================================
[2026-01-24T09:56:55.856+0000] {manager.py:878} INFO - 
================================================================================
DAG File Processing Stats

File Path                             PID    Runtime      # DAGs    # Errors  Last Runtime    Last Run
------------------------------------  -----  ---------  --------  ----------  --------------  -------------------
/opt/airflow/dags/reports_etl_dag.py                           1           0  0.58s           2026-01-24T09:56:36
================================================================================
[2026-01-24T09:57:26.279+0000] {manager.py:878} INFO - 
================================================================================
DAG File Processing Stats

File Path                             PID    Runtime      # DAGs    # Errors  Last Runtime    Last Run
------------------------------------  -----  ---------  --------  ----------  --------------  -------------------
/opt/airflow/dags/reports_etl_dag.py                           1           0  0.44s           2026-01-24T09:57:07
================================================================================
[2026-01-24T09:57:45.564+0000] {manager.py:737} INFO - Searching for files in /opt/airflow/dags
[2026-01-24T09:57:45.587+0000] {manager.py:740} INFO - There are 1 files in /opt/airflow/dags
[2026-01-24T09:57:56.665+0000] {manager.py:878} INFO - 
================================================================================
DAG File Processing Stats

File Path                             PID    Runtime      # DAGs    # Errors  Last Runtime    Last Run
------------------------------------  -----  ---------  --------  ----------  --------------  -------------------
/opt/airflow/dags/reports_etl_dag.py                           1           0  0.55s           2026-01-24T09:57:38
================================================================================
[2026-01-24T09:58:27.048+0000] {manager.py:878} INFO - 
================================================================================
DAG File Processing Stats

File Path                             PID    Runtime      # DAGs    # Errors  Last Runtime    Last Run
------------------------------------  -----  ---------  --------  ----------  --------------  -------------------
/opt/airflow/dags/reports_etl_dag.py                           1           0  0.45s           2026-01-24T09:58:09
================================================================================
[2026-01-24T09:58:57.328+0000] {manager.py:878} INFO - 
================================================================================
DAG File Processing Stats

File Path                             PID    Runtime      # DAGs    # Errors  Last Runtime    Last Run
------------------------------------  -----  ---------  --------  ----------  --------------  -------------------
/opt/airflow/dags/reports_etl_dag.py                           1           0  0.45s           2026-01-24T09:58:40
================================================================================
[2026-01-24T09:59:28.246+0000] {manager.py:878} INFO - 
================================================================================
DAG File Processing Stats

File Path                             PID    Runtime      # DAGs    # Errors  Last Runtime    Last Run
------------------------------------  -----  ---------  --------  ----------  --------------  -------------------
/opt/airflow/dags/reports_etl_dag.py                           1           0  0.56s           2026-01-24T09:59:11
================================================================================
[2026-01-24T09:59:58.663+0000] {manager.py:878} INFO - 
================================================================================
DAG File Processing Stats

File Path                             PID    Runtime      # DAGs    # Errors  Last Runtime    Last Run
------------------------------------  -----  ---------  --------  ----------  --------------  -------------------
/opt/airflow/dags/reports_etl_dag.py                           1           0  0.54s           2026-01-24T09:59:42
================================================================================
[2026-01-24T10:00:29.029+0000] {manager.py:878} INFO - 
================================================================================
DAG File Processing Stats

File Path                             PID    Runtime      # DAGs    # Errors  Last Runtime    Last Run
------------------------------------  -----  ---------  --------  ----------  --------------  -------------------
/opt/airflow/dags/reports_etl_dag.py                           1           0  0.55s           2026-01-24T10:00:12
================================================================================
[2026-01-24T10:00:59.884+0000] {manager.py:878} INFO - 
================================================================================
DAG File Processing Stats

File Path                             PID    Runtime      # DAGs    # Errors  Last Runtime    Last Run
------------------------------------  -----  ---------  --------  ----------  --------------  -------------------
/opt/airflow/dags/reports_etl_dag.py                           1           0  0.55s           2026-01-24T10:00:43
================================================================================
[2026-01-24T10:01:30.277+0000] {manager.py:878} INFO - 
================================================================================
DAG File Processing Stats

File Path                             PID    Runtime      # DAGs    # Errors  Last Runtime    Last Run
------------------------------------  -----  ---------  --------  ----------  --------------  -------------------
/opt/airflow/dags/reports_etl_dag.py                           1           0  0.54s           2026-01-24T10:01:14
================================================================================
[2026-01-24T10:02:00.596+0000] {manager.py:878} INFO - 
================================================================================
DAG File Processing Stats

File Path                             PID    Runtime      # DAGs    # Errors  Last Runtime    Last Run
------------------------------------  -----  ---------  --------  ----------  --------------  -------------------
/opt/airflow/dags/reports_etl_dag.py                           1           0  0.55s           2026-01-24T10:01:45
================================================================================
[2026-01-24T10:02:31.101+0000] {manager.py:878} INFO - 
================================================================================
DAG File Processing Stats

File Path                             PID    Runtime      # DAGs    # Errors  Last Runtime    Last Run
------------------------------------  -----  ---------  --------  ----------  --------------  -------------------
/opt/airflow/dags/reports_etl_dag.py                           1           0  0.59s           2026-01-24T10:02:16
================================================================================
[2026-01-24T10:02:45.838+0000] {manager.py:737} INFO - Searching for files in /opt/airflow/dags
[2026-01-24T10:02:45.859+0000] {manager.py:740} INFO - There are 1 files in /opt/airflow/dags
[2026-01-24T10:03:01.454+0000] {manager.py:878} INFO - 
================================================================================
DAG File Processing Stats

File Path                             PID    Runtime      # DAGs    # Errors  Last Runtime    Last Run
------------------------------------  -----  ---------  --------  ----------  --------------  -------------------
/opt/airflow/dags/reports_etl_dag.py                           1           0  0.58s           2026-01-24T10:02:47
================================================================================
[2026-01-24T10:03:31.844+0000] {manager.py:878} INFO - 
================================================================================
DAG File Processing Stats

File Path                             PID    Runtime      # DAGs    # Errors  Last Runtime    Last Run
------------------------------------  -----  ---------  --------  ----------  --------------  -------------------
/opt/airflow/dags/reports_etl_dag.py                           1           0  0.54s           2026-01-24T10:03:18
================================================================================
[2026-01-24T10:04:02.161+0000] {manager.py:878} INFO - 
================================================================================
DAG File Processing Stats

File Path                             PID    Runtime      # DAGs    # Errors  Last Runtime    Last Run
------------------------------------  -----  ---------  --------  ----------  --------------  -------------------
/opt/airflow/dags/reports_etl_dag.py                           1           0  0.54s           2026-01-24T10:03:49
================================================================================
[2026-01-24T10:04:32.629+0000] {manager.py:878} INFO - 
================================================================================
DAG File Processing Stats

File Path                             PID    Runtime      # DAGs    # Errors  Last Runtime    Last Run
------------------------------------  -----  ---------  --------  ----------  --------------  -------------------
/opt/airflow/dags/reports_etl_dag.py                           1           0  0.54s           2026-01-24T10:04:20
================================================================================
[2026-01-24T10:05:02.992+0000] {manager.py:878} INFO - 
================================================================================
DAG File Processing Stats

File Path                             PID    Runtime      # DAGs    # Errors  Last Runtime    Last Run
------------------------------------  -----  ---------  --------  ----------  --------------  -------------------
/opt/airflow/dags/reports_etl_dag.py                           1           0  0.55s           2026-01-24T10:04:50
================================================================================
[2026-01-24T10:05:33.797+0000] {manager.py:878} INFO - 
================================================================================
DAG File Processing Stats

File Path                             PID    Runtime      # DAGs    # Errors  Last Runtime    Last Run
------------------------------------  -----  ---------  --------  ----------  --------------  -------------------
/opt/airflow/dags/reports_etl_dag.py                           1           0  0.54s           2026-01-24T10:05:21
================================================================================
[2026-01-24T10:06:04.226+0000] {manager.py:878} INFO - 
================================================================================
DAG File Processing Stats

File Path                             PID    Runtime      # DAGs    # Errors  Last Runtime    Last Run
------------------------------------  -----  ---------  --------  ----------  --------------  -------------------
/opt/airflow/dags/reports_etl_dag.py                           1           0  0.52s           2026-01-24T10:05:52
================================================================================
[2026-01-24T10:06:34.540+0000] {manager.py:878} INFO - 
================================================================================
DAG File Processing Stats

File Path                             PID    Runtime      # DAGs    # Errors  Last Runtime    Last Run
------------------------------------  -----  ---------  --------  ----------  --------------  -------------------
/opt/airflow/dags/reports_etl_dag.py                           1           0  0.58s           2026-01-24T10:06:23
================================================================================
[2026-01-24T10:07:04.956+0000] {manager.py:878} INFO - 
================================================================================
DAG File Processing Stats

File Path                             PID    Runtime      # DAGs    # Errors  Last Runtime    Last Run
------------------------------------  -----  ---------  --------  ----------  --------------  -------------------
/opt/airflow/dags/reports_etl_dag.py                           1           0  0.52s           2026-01-24T10:06:54
================================================================================
[2026-01-24T10:07:35.298+0000] {manager.py:878} INFO - 
================================================================================
DAG File Processing Stats

File Path                             PID    Runtime      # DAGs    # Errors  Last Runtime    Last Run
------------------------------------  -----  ---------  --------  ----------  --------------  -------------------
/opt/airflow/dags/reports_etl_dag.py                           1           0  0.54s           2026-01-24T10:07:25
================================================================================
[2026-01-24T10:07:46.006+0000] {manager.py:737} INFO - Searching for files in /opt/airflow/dags
[2026-01-24T10:07:46.027+0000] {manager.py:740} INFO - There are 1 files in /opt/airflow/dags
[2026-01-24T10:08:06.131+0000] {manager.py:878} INFO - 
================================================================================
DAG File Processing Stats

File Path                             PID    Runtime      # DAGs    # Errors  Last Runtime    Last Run
------------------------------------  -----  ---------  --------  ----------  --------------  -------------------
/opt/airflow/dags/reports_etl_dag.py                           1           0  0.55s           2026-01-24T10:07:56
================================================================================
[2026-01-24T10:08:36.570+0000] {manager.py:878} INFO - 
================================================================================
DAG File Processing Stats

File Path                             PID    Runtime      # DAGs    # Errors  Last Runtime    Last Run
------------------------------------  -----  ---------  --------  ----------  --------------  -------------------
/opt/airflow/dags/reports_etl_dag.py                           1           0  0.53s           2026-01-24T10:08:26
================================================================================
[2026-01-24T10:09:07.072+0000] {manager.py:878} INFO - 
================================================================================
DAG File Processing Stats

File Path                             PID    Runtime      # DAGs    # Errors  Last Runtime    Last Run
------------------------------------  -----  ---------  --------  ----------  --------------  -------------------
/opt/airflow/dags/reports_etl_dag.py                           1           0  0.52s           2026-01-24T10:08:57
================================================================================
[2026-01-24T10:09:37.918+0000] {manager.py:878} INFO - 
================================================================================
DAG File Processing Stats

File Path                             PID    Runtime      # DAGs    # Errors  Last Runtime    Last Run
------------------------------------  -----  ---------  --------  ----------  --------------  -------------------
/opt/airflow/dags/reports_etl_dag.py                           1           0  0.54s           2026-01-24T10:09:28
================================================================================
[2026-01-24T10:10:08.252+0000] {manager.py:878} INFO - 
================================================================================
DAG File Processing Stats

File Path                             PID    Runtime      # DAGs    # Errors  Last Runtime    Last Run
------------------------------------  -----  ---------  --------  ----------  --------------  -------------------
/opt/airflow/dags/reports_etl_dag.py                           1           0  0.53s           2026-01-24T10:09:59
================================================================================
[2026-01-24T10:10:38.596+0000] {manager.py:878} INFO - 
================================================================================
DAG File Processing Stats

File Path                             PID    Runtime      # DAGs    # Errors  Last Runtime    Last Run
------------------------------------  -----  ---------  --------  ----------  --------------  -------------------
/opt/airflow/dags/reports_etl_dag.py                           1           0  0.54s           2026-01-24T10:10:30
================================================================================
[2026-01-24T10:11:08.939+0000] {manager.py:878} INFO - 
================================================================================
DAG File Processing Stats

File Path                             PID    Runtime      # DAGs    # Errors  Last Runtime    Last Run
------------------------------------  -----  ---------  --------  ----------  --------------  -------------------
/opt/airflow/dags/reports_etl_dag.py                           1           0  0.58s           2026-01-24T10:11:01
================================================================================
[2026-01-24T10:11:39.257+0000] {manager.py:878} INFO - 
================================================================================
DAG File Processing Stats

File Path                             PID    Runtime      # DAGs    # Errors  Last Runtime    Last Run
------------------------------------  -----  ---------  --------  ----------  --------------  -------------------
/opt/airflow/dags/reports_etl_dag.py                           1           0  0.57s           2026-01-24T10:11:32
================================================================================
[2026-01-24T10:12:09.696+0000] {manager.py:878} INFO - 
================================================================================
DAG File Processing Stats

File Path                             PID    Runtime      # DAGs    # Errors  Last Runtime    Last Run
------------------------------------  -----  ---------  --------  ----------  --------------  -------------------
/opt/airflow/dags/reports_etl_dag.py                           1           0  0.53s           2026-01-24T10:12:02
================================================================================
[2026-01-24T10:12:40.038+0000] {manager.py:878} INFO - 
================================================================================
DAG File Processing Stats

File Path                             PID    Runtime      # DAGs    # Errors  Last Runtime    Last Run
------------------------------------  -----  ---------  --------  ----------  --------------  -------------------
/opt/airflow/dags/reports_etl_dag.py                           1           0  0.56s           2026-01-24T10:12:33
================================================================================
[2026-01-24T10:12:46.090+0000] {manager.py:737} INFO - Searching for files in /opt/airflow/dags
[2026-01-24T10:12:46.109+0000] {manager.py:740} INFO - There are 1 files in /opt/airflow/dags
[2026-01-24T10:13:10.850+0000] {manager.py:878} INFO - 
================================================================================
DAG File Processing Stats

File Path                             PID    Runtime      # DAGs    # Errors  Last Runtime    Last Run
------------------------------------  -----  ---------  --------  ----------  --------------  -------------------
/opt/airflow/dags/reports_etl_dag.py                           1           0  0.54s           2026-01-24T10:13:04
================================================================================
[2026-01-24T10:13:41.300+0000] {manager.py:878} INFO - 
================================================================================
DAG File Processing Stats

File Path                             PID    Runtime      # DAGs    # Errors  Last Runtime    Last Run
------------------------------------  -----  ---------  --------  ----------  --------------  -------------------
/opt/airflow/dags/reports_etl_dag.py                           1           0  0.53s           2026-01-24T10:13:35
================================================================================
[2026-01-24T10:14:11.677+0000] {manager.py:878} INFO - 
================================================================================
DAG File Processing Stats

File Path                             PID    Runtime      # DAGs    # Errors  Last Runtime    Last Run
------------------------------------  -----  ---------  --------  ----------  --------------  -------------------
/opt/airflow/dags/reports_etl_dag.py                           1           0  0.54s           2026-01-24T10:14:06
================================================================================
[2026-01-24T10:14:42.458+0000] {manager.py:878} INFO - 
================================================================================
DAG File Processing Stats

File Path                             PID    Runtime      # DAGs    # Errors  Last Runtime    Last Run
------------------------------------  -----  ---------  --------  ----------  --------------  -------------------
/opt/airflow/dags/reports_etl_dag.py                           1           0  0.52s           2026-01-24T10:14:37
================================================================================
[2026-01-24T10:15:12.860+0000] {manager.py:878} INFO - 
================================================================================
DAG File Processing Stats

File Path                             PID    Runtime      # DAGs    # Errors  Last Runtime    Last Run
------------------------------------  -----  ---------  --------  ----------  --------------  -------------------
/opt/airflow/dags/reports_etl_dag.py                           1           0  0.54s           2026-01-24T10:15:08
================================================================================
[2026-01-24T10:15:43.204+0000] {manager.py:878} INFO - 
================================================================================
DAG File Processing Stats

File Path                             PID    Runtime      # DAGs    # Errors  Last Runtime    Last Run
------------------------------------  -----  ---------  --------  ----------  --------------  -------------------
/opt/airflow/dags/reports_etl_dag.py                           1           0  0.69s           2026-01-24T10:15:39
================================================================================
[2026-01-24T10:16:14.034+0000] {manager.py:878} INFO - 
================================================================================
DAG File Processing Stats

File Path                             PID    Runtime      # DAGs    # Errors  Last Runtime    Last Run
------------------------------------  -----  ---------  --------  ----------  --------------  -------------------
/opt/airflow/dags/reports_etl_dag.py                           1           0  0.53s           2026-01-24T10:16:10
================================================================================
[2026-01-24T10:16:44.394+0000] {manager.py:878} INFO - 
================================================================================
DAG File Processing Stats

File Path                             PID    Runtime      # DAGs    # Errors  Last Runtime    Last Run
------------------------------------  -----  ---------  --------  ----------  --------------  -------------------
/opt/airflow/dags/reports_etl_dag.py                           1           0  0.54s           2026-01-24T10:16:40
================================================================================
[2026-01-24T10:17:14.738+0000] {manager.py:878} INFO - 
================================================================================
DAG File Processing Stats

File Path                             PID    Runtime      # DAGs    # Errors  Last Runtime    Last Run
------------------------------------  -----  ---------  --------  ----------  --------------  -------------------
/opt/airflow/dags/reports_etl_dag.py                           1           0  0.54s           2026-01-24T10:17:11
================================================================================
[2026-01-24T10:17:45.110+0000] {manager.py:878} INFO - 
================================================================================
DAG File Processing Stats

File Path                             PID    Runtime      # DAGs    # Errors  Last Runtime    Last Run
------------------------------------  -----  ---------  --------  ----------  --------------  -------------------
/opt/airflow/dags/reports_etl_dag.py                           1           0  0.54s           2026-01-24T10:17:42
================================================================================
[2026-01-24T10:17:46.115+0000] {manager.py:737} INFO - Searching for files in /opt/airflow/dags
[2026-01-24T10:17:46.134+0000] {manager.py:740} INFO - There are 1 files in /opt/airflow/dags
[2026-01-24T10:18:15.471+0000] {manager.py:878} INFO - 
================================================================================
DAG File Processing Stats

File Path                             PID    Runtime      # DAGs    # Errors  Last Runtime    Last Run
------------------------------------  -----  ---------  --------  ----------  --------------  -------------------
/opt/airflow/dags/reports_etl_dag.py                           1           0  0.57s           2026-01-24T10:18:13
================================================================================
[2026-01-24T10:18:45.866+0000] {manager.py:878} INFO - 
================================================================================
DAG File Processing Stats

File Path                             PID    Runtime      # DAGs    # Errors  Last Runtime    Last Run
------------------------------------  -----  ---------  --------  ----------  --------------  -------------------
/opt/airflow/dags/reports_etl_dag.py                           1           0  0.66s           2026-01-24T10:18:44
================================================================================
[2026-01-24T10:19:16.195+0000] {manager.py:878} INFO - 
================================================================================
DAG File Processing Stats

File Path                             PID    Runtime      # DAGs    # Errors  Last Runtime    Last Run
------------------------------------  -----  ---------  --------  ----------  --------------  -------------------
/opt/airflow/dags/reports_etl_dag.py                           1           0  0.55s           2026-01-24T10:19:15
================================================================================
[2026-01-24T10:19:46.735+0000] {manager.py:878} INFO - 
================================================================================
DAG File Processing Stats

File Path                             PID    Runtime      # DAGs    # Errors  Last Runtime    Last Run
------------------------------------  -----  ---------  --------  ----------  --------------  -------------------
/opt/airflow/dags/reports_etl_dag.py                           1           0  0.55s           2026-01-24T10:19:46
================================================================================
[2026-01-24T10:20:17.070+0000] {manager.py:878} INFO - 
================================================================================
DAG File Processing Stats

File Path                             PID    Runtime      # DAGs    # Errors  Last Runtime    Last Run
------------------------------------  -----  ---------  --------  ----------  --------------  -------------------
/opt/airflow/dags/reports_etl_dag.py                           1           0  0.61s           2026-01-24T10:20:17
================================================================================
[2026-01-24T10:20:47.421+0000] {manager.py:878} INFO - 
================================================================================
DAG File Processing Stats

File Path                               PID  Runtime      # DAGs    # Errors  Last Runtime    Last Run
------------------------------------  -----  ---------  --------  ----------  --------------  -------------------
/opt/airflow/dags/reports_etl_dag.py   1116  0.00s             1           0  0.61s           2026-01-24T10:20:17
================================================================================
[2026-01-24T10:21:18.135+0000] {manager.py:878} INFO - 
================================================================================
DAG File Processing Stats

File Path                               PID  Runtime      # DAGs    # Errors  Last Runtime    Last Run
------------------------------------  -----  ---------  --------  ----------  --------------  -------------------
/opt/airflow/dags/reports_etl_dag.py   1129  0.00s             1           0  0.54s           2026-01-24T10:20:47
================================================================================
[2026-01-24T10:21:48.614+0000] {manager.py:878} INFO - 
================================================================================
DAG File Processing Stats

File Path                             PID    Runtime      # DAGs    # Errors  Last Runtime    Last Run
------------------------------------  -----  ---------  --------  ----------  --------------  -------------------
/opt/airflow/dags/reports_etl_dag.py                           1           0  0.58s           2026-01-24T10:21:18
================================================================================
[2026-01-24T10:22:18.932+0000] {manager.py:878} INFO - 
================================================================================
DAG File Processing Stats

File Path                             PID    Runtime      # DAGs    # Errors  Last Runtime    Last Run
------------------------------------  -----  ---------  --------  ----------  --------------  -------------------
/opt/airflow/dags/reports_etl_dag.py                           1           0  0.55s           2026-01-24T10:21:49
================================================================================
[2026-01-24T10:22:46.774+0000] {manager.py:737} INFO - Searching for files in /opt/airflow/dags
[2026-01-24T10:22:46.796+0000] {manager.py:740} INFO - There are 1 files in /opt/airflow/dags
[2026-01-24T10:22:49.818+0000] {manager.py:878} INFO - 
================================================================================
DAG File Processing Stats

File Path                             PID    Runtime      # DAGs    # Errors  Last Runtime    Last Run
------------------------------------  -----  ---------  --------  ----------  --------------  -------------------
/opt/airflow/dags/reports_etl_dag.py                           1           0  0.58s           2026-01-24T10:22:20
================================================================================
[2026-01-24T10:23:20.226+0000] {manager.py:878} INFO - 
================================================================================
DAG File Processing Stats

File Path                             PID    Runtime      # DAGs    # Errors  Last Runtime    Last Run
------------------------------------  -----  ---------  --------  ----------  --------------  -------------------
/opt/airflow/dags/reports_etl_dag.py                           1           0  0.52s           2026-01-24T10:22:51
================================================================================
[2026-01-24T10:23:50.548+0000] {manager.py:878} INFO - 
================================================================================
DAG File Processing Stats

File Path                             PID    Runtime      # DAGs    # Errors  Last Runtime    Last Run
------------------------------------  -----  ---------  --------  ----------  --------------  -------------------
/opt/airflow/dags/reports_etl_dag.py                           1           0  0.56s           2026-01-24T10:23:22
================================================================================
[2026-01-24T10:24:20.888+0000] {manager.py:878} INFO - 
================================================================================
DAG File Processing Stats

File Path                             PID    Runtime      # DAGs    # Errors  Last Runtime    Last Run
------------------------------------  -----  ---------  --------  ----------  --------------  -------------------
/opt/airflow/dags/reports_etl_dag.py                           1           0  0.53s           2026-01-24T10:23:53
================================================================================
[2026-01-24T10:24:51.253+0000] {manager.py:878} INFO - 
================================================================================
DAG File Processing Stats

File Path                             PID    Runtime      # DAGs    # Errors  Last Runtime    Last Run
------------------------------------  -----  ---------  --------  ----------  --------------  -------------------
/opt/airflow/dags/reports_etl_dag.py                           1           0  0.57s           2026-01-24T10:24:23
================================================================================
[2026-01-24T10:25:21.609+0000] {manager.py:878} INFO - 
================================================================================
DAG File Processing Stats

File Path                             PID    Runtime      # DAGs    # Errors  Last Runtime    Last Run
------------------------------------  -----  ---------  --------  ----------  --------------  -------------------
/opt/airflow/dags/reports_etl_dag.py                           1           0  0.56s           2026-01-24T10:24:54
================================================================================
[2026-01-24T10:25:51.925+0000] {manager.py:878} INFO - 
================================================================================
DAG File Processing Stats

File Path                             PID    Runtime      # DAGs    # Errors  Last Runtime    Last Run
------------------------------------  -----  ---------  --------  ----------  --------------  -------------------
/opt/airflow/dags/reports_etl_dag.py                           1           0  0.57s           2026-01-24T10:25:25
================================================================================
[2026-01-24T10:26:22.408+0000] {manager.py:878} INFO - 
================================================================================
DAG File Processing Stats

File Path                             PID    Runtime      # DAGs    # Errors  Last Runtime    Last Run
------------------------------------  -----  ---------  --------  ----------  --------------  -------------------
/opt/airflow/dags/reports_etl_dag.py                           1           0  0.53s           2026-01-24T10:25:56
================================================================================
[2026-01-24T10:26:52.721+0000] {manager.py:878} INFO - 
================================================================================
DAG File Processing Stats

File Path                             PID    Runtime      # DAGs    # Errors  Last Runtime    Last Run
------------------------------------  -----  ---------  --------  ----------  --------------  -------------------
/opt/airflow/dags/reports_etl_dag.py                           1           0  0.64s           2026-01-24T10:26:27
================================================================================
[2026-01-24T10:27:23.018+0000] {manager.py:878} INFO - 
================================================================================
DAG File Processing Stats

File Path                             PID    Runtime      # DAGs    # Errors  Last Runtime    Last Run
------------------------------------  -----  ---------  --------  ----------  --------------  -------------------
/opt/airflow/dags/reports_etl_dag.py                           1           0  0.55s           2026-01-24T10:26:58
================================================================================
[2026-01-24T10:27:47.274+0000] {manager.py:737} INFO - Searching for files in /opt/airflow/dags
[2026-01-24T10:27:47.294+0000] {manager.py:740} INFO - There are 1 files in /opt/airflow/dags
[2026-01-24T10:27:53.361+0000] {manager.py:878} INFO - 
================================================================================
DAG File Processing Stats

File Path                             PID    Runtime      # DAGs    # Errors  Last Runtime    Last Run
------------------------------------  -----  ---------  --------  ----------  --------------  -------------------
/opt/airflow/dags/reports_etl_dag.py                           1           0  0.61s           2026-01-24T10:27:29
================================================================================
[2026-01-24T10:28:23.831+0000] {manager.py:878} INFO - 
================================================================================
DAG File Processing Stats

File Path                             PID    Runtime      # DAGs    # Errors  Last Runtime    Last Run
------------------------------------  -----  ---------  --------  ----------  --------------  -------------------
/opt/airflow/dags/reports_etl_dag.py                           1           0  0.52s           2026-01-24T10:27:59
================================================================================
[2026-01-24T10:28:54.150+0000] {manager.py:878} INFO - 
================================================================================
DAG File Processing Stats

File Path                             PID    Runtime      # DAGs    # Errors  Last Runtime    Last Run
------------------------------------  -----  ---------  --------  ----------  --------------  -------------------
/opt/airflow/dags/reports_etl_dag.py                           1           0  0.56s           2026-01-24T10:28:30
================================================================================
[2026-01-24T10:29:24.910+0000] {manager.py:878} INFO - 
================================================================================
DAG File Processing Stats

File Path                             PID    Runtime      # DAGs    # Errors  Last Runtime    Last Run
------------------------------------  -----  ---------  --------  ----------  --------------  -------------------
/opt/airflow/dags/reports_etl_dag.py                           1           0  0.51s           2026-01-24T10:29:01
================================================================================
[2026-01-24T10:29:55.287+0000] {manager.py:878} INFO - 
================================================================================
DAG File Processing Stats

File Path                             PID    Runtime      # DAGs    # Errors  Last Runtime    Last Run
------------------------------------  -----  ---------  --------  ----------  --------------  -------------------
/opt/airflow/dags/reports_etl_dag.py                           1           0  0.55s           2026-01-24T10:29:32
================================================================================
[2026-01-24T10:30:25.626+0000] {manager.py:878} INFO - 
================================================================================
DAG File Processing Stats

File Path                             PID    Runtime      # DAGs    # Errors  Last Runtime    Last Run
------------------------------------  -----  ---------  --------  ----------  --------------  -------------------
/opt/airflow/dags/reports_etl_dag.py                           1           0  0.53s           2026-01-24T10:30:03
================================================================================
[2026-01-24T10:30:55.948+0000] {manager.py:878} INFO - 
================================================================================
DAG File Processing Stats

File Path                             PID    Runtime      # DAGs    # Errors  Last Runtime    Last Run
------------------------------------  -----  ---------  --------  ----------  --------------  -------------------
/opt/airflow/dags/reports_etl_dag.py                           1           0  0.52s           2026-01-24T10:30:34
================================================================================
[2026-01-24T10:31:26.277+0000] {manager.py:878} INFO - 
================================================================================
DAG File Processing Stats

File Path                             PID    Runtime      # DAGs    # Errors  Last Runtime    Last Run
------------------------------------  -----  ---------  --------  ----------  --------------  -------------------
/opt/airflow/dags/reports_etl_dag.py                           1           0  0.51s           2026-01-24T10:31:05
================================================================================
[2026-01-24T10:31:56.656+0000] {manager.py:878} INFO - 
================================================================================
DAG File Processing Stats

File Path                             PID    Runtime      # DAGs    # Errors  Last Runtime    Last Run
------------------------------------  -----  ---------  --------  ----------  --------------  -------------------
/opt/airflow/dags/reports_etl_dag.py                           1           0  0.52s           2026-01-24T10:31:35
================================================================================
[2026-01-24T10:32:26.998+0000] {manager.py:878} INFO - 
================================================================================
DAG File Processing Stats

File Path                             PID    Runtime      # DAGs    # Errors  Last Runtime    Last Run
------------------------------------  -----  ---------  --------  ----------  --------------  -------------------
/opt/airflow/dags/reports_etl_dag.py                           1           0  0.53s           2026-01-24T10:32:06
================================================================================
[2026-01-24T10:32:47.717+0000] {manager.py:737} INFO - Searching for files in /opt/airflow/dags
[2026-01-24T10:32:47.737+0000] {manager.py:740} INFO - There are 1 files in /opt/airflow/dags
[2026-01-24T10:32:57.832+0000] {manager.py:878} INFO - 
================================================================================
DAG File Processing Stats

File Path                             PID    Runtime      # DAGs    # Errors  Last Runtime    Last Run
------------------------------------  -----  ---------  --------  ----------  --------------  -------------------
/opt/airflow/dags/reports_etl_dag.py                           1           0  0.53s           2026-01-24T10:32:37
================================================================================
[2026-01-24T10:33:28.258+0000] {manager.py:878} INFO - 
================================================================================
DAG File Processing Stats

File Path                             PID    Runtime      # DAGs    # Errors  Last Runtime    Last Run
------------------------------------  -----  ---------  --------  ----------  --------------  -------------------
/opt/airflow/dags/reports_etl_dag.py                           1           0  0.53s           2026-01-24T10:33:08
================================================================================
[2026-01-24T10:33:58.591+0000] {manager.py:878} INFO - 
================================================================================
DAG File Processing Stats

File Path                             PID    Runtime      # DAGs    # Errors  Last Runtime    Last Run
------------------------------------  -----  ---------  --------  ----------  --------------  -------------------
/opt/airflow/dags/reports_etl_dag.py                           1           0  0.55s           2026-01-24T10:33:39
================================================================================
[2026-01-24T10:34:28.961+0000] {manager.py:878} INFO - 
================================================================================
DAG File Processing Stats

File Path                             PID    Runtime      # DAGs    # Errors  Last Runtime    Last Run
------------------------------------  -----  ---------  --------  ----------  --------------  -------------------
/opt/airflow/dags/reports_etl_dag.py                           1           0  0.51s           2026-01-24T10:34:10
================================================================================
[2026-01-24T10:34:59.304+0000] {manager.py:878} INFO - 
================================================================================
DAG File Processing Stats

File Path                             PID    Runtime      # DAGs    # Errors  Last Runtime    Last Run
------------------------------------  -----  ---------  --------  ----------  --------------  -------------------
/opt/airflow/dags/reports_etl_dag.py                           1           0  0.54s           2026-01-24T10:34:41
================================================================================
[2026-01-24T10:35:29.757+0000] {manager.py:878} INFO - 
================================================================================
DAG File Processing Stats

File Path                             PID    Runtime      # DAGs    # Errors  Last Runtime    Last Run
------------------------------------  -----  ---------  --------  ----------  --------------  -------------------
/opt/airflow/dags/reports_etl_dag.py                           1           0  0.59s           2026-01-24T10:35:11
================================================================================
[2026-01-24T10:36:00.063+0000] {manager.py:878} INFO - 
================================================================================
DAG File Processing Stats

File Path                             PID    Runtime      # DAGs    # Errors  Last Runtime    Last Run
------------------------------------  -----  ---------  --------  ----------  --------------  -------------------
/opt/airflow/dags/reports_etl_dag.py                           1           0  0.52s           2026-01-24T10:35:42
================================================================================
[2026-01-24T10:36:30.457+0000] {manager.py:878} INFO - 
================================================================================
DAG File Processing Stats

File Path                             PID    Runtime      # DAGs    # Errors  Last Runtime    Last Run
------------------------------------  -----  ---------  --------  ----------  --------------  -------------------
/opt/airflow/dags/reports_etl_dag.py                           1           0  0.52s           2026-01-24T10:36:13
================================================================================
[2026-01-24T10:37:00.795+0000] {manager.py:878} INFO - 
================================================================================
DAG File Processing Stats

File Path                             PID    Runtime      # DAGs    # Errors  Last Runtime    Last Run
------------------------------------  -----  ---------  --------  ----------  --------------  -------------------
/opt/airflow/dags/reports_etl_dag.py                           1           0  0.51s           2026-01-24T10:36:44
================================================================================
[2026-01-24T10:37:31.111+0000] {manager.py:878} INFO - 
================================================================================
DAG File Processing Stats

File Path                             PID    Runtime      # DAGs    # Errors  Last Runtime    Last Run
------------------------------------  -----  ---------  --------  ----------  --------------  -------------------
/opt/airflow/dags/reports_etl_dag.py                           1           0  0.52s           2026-01-24T10:37:15
================================================================================
[2026-01-24T10:37:48.343+0000] {manager.py:737} INFO - Searching for files in /opt/airflow/dags
[2026-01-24T10:37:48.365+0000] {manager.py:740} INFO - There are 1 files in /opt/airflow/dags
[2026-01-24T10:38:01.469+0000] {manager.py:878} INFO - 
================================================================================
DAG File Processing Stats

File Path                             PID    Runtime      # DAGs    # Errors  Last Runtime    Last Run
------------------------------------  -----  ---------  --------  ----------  --------------  -------------------
/opt/airflow/dags/reports_etl_dag.py                           1           0  0.67s           2026-01-24T10:37:46
================================================================================
[2026-01-24T10:38:31.804+0000] {manager.py:878} INFO - 
================================================================================
DAG File Processing Stats

File Path                             PID    Runtime      # DAGs    # Errors  Last Runtime    Last Run
------------------------------------  -----  ---------  --------  ----------  --------------  -------------------
/opt/airflow/dags/reports_etl_dag.py                           1           0  0.54s           2026-01-24T10:38:17
================================================================================
[2026-01-24T10:39:02.083+0000] {manager.py:878} INFO - 
================================================================================
DAG File Processing Stats

File Path                             PID    Runtime      # DAGs    # Errors  Last Runtime    Last Run
------------------------------------  -----  ---------  --------  ----------  --------------  -------------------
/opt/airflow/dags/reports_etl_dag.py                           1           0  0.55s           2026-01-24T10:38:48
================================================================================
[2026-01-24T10:39:32.548+0000] {manager.py:878} INFO - 
================================================================================
DAG File Processing Stats

File Path                             PID    Runtime      # DAGs    # Errors  Last Runtime    Last Run
------------------------------------  -----  ---------  --------  ----------  --------------  -------------------
/opt/airflow/dags/reports_etl_dag.py                           1           0  0.54s           2026-01-24T10:39:18
================================================================================
[2026-01-24T10:40:02.833+0000] {manager.py:878} INFO - 
================================================================================
DAG File Processing Stats

File Path                             PID    Runtime      # DAGs    # Errors  Last Runtime    Last Run
------------------------------------  -----  ---------  --------  ----------  --------------  -------------------
/opt/airflow/dags/reports_etl_dag.py                           1           0  0.53s           2026-01-24T10:39:49
================================================================================
[2026-01-24T10:40:33.644+0000] {manager.py:878} INFO - 
================================================================================
DAG File Processing Stats

File Path                             PID    Runtime      # DAGs    # Errors  Last Runtime    Last Run
------------------------------------  -----  ---------  --------  ----------  --------------  -------------------
/opt/airflow/dags/reports_etl_dag.py                           1           0  0.55s           2026-01-24T10:40:20
================================================================================
[2026-01-24T10:41:04.029+0000] {manager.py:878} INFO - 
================================================================================
DAG File Processing Stats

File Path                             PID    Runtime      # DAGs    # Errors  Last Runtime    Last Run
------------------------------------  -----  ---------  --------  ----------  --------------  -------------------
/opt/airflow/dags/reports_etl_dag.py                           1           0  0.55s           2026-01-24T10:40:51
================================================================================
[2026-01-24T10:41:34.377+0000] {manager.py:878} INFO - 
================================================================================
DAG File Processing Stats

File Path                             PID    Runtime      # DAGs    # Errors  Last Runtime    Last Run
------------------------------------  -----  ---------  --------  ----------  --------------  -------------------
/opt/airflow/dags/reports_etl_dag.py                           1           0  0.55s           2026-01-24T10:41:22
================================================================================
[2026-01-24T10:42:04.710+0000] {manager.py:878} INFO - 
================================================================================
DAG File Processing Stats

File Path                             PID    Runtime      # DAGs    # Errors  Last Runtime    Last Run
------------------------------------  -----  ---------  --------  ----------  --------------  -------------------
/opt/airflow/dags/reports_etl_dag.py                           1           0  0.54s           2026-01-24T10:41:53
================================================================================
[2026-01-24T10:42:35.026+0000] {manager.py:878} INFO - 
================================================================================
DAG File Processing Stats

File Path                             PID    Runtime      # DAGs    # Errors  Last Runtime    Last Run
------------------------------------  -----  ---------  --------  ----------  --------------  -------------------
/opt/airflow/dags/reports_etl_dag.py                           1           0  0.54s           2026-01-24T10:42:24
================================================================================
[2026-01-24T10:42:49.244+0000] {manager.py:737} INFO - Searching for files in /opt/airflow/dags
[2026-01-24T10:42:49.262+0000] {manager.py:740} INFO - There are 1 files in /opt/airflow/dags
[2026-01-24T10:43:05.373+0000] {manager.py:878} INFO - 
================================================================================
DAG File Processing Stats

File Path                             PID    Runtime      # DAGs    # Errors  Last Runtime    Last Run
------------------------------------  -----  ---------  --------  ----------  --------------  -------------------
/opt/airflow/dags/reports_etl_dag.py                           1           0  0.52s           2026-01-24T10:42:54
================================================================================
[2026-01-24T10:43:35.676+0000] {manager.py:878} INFO - 
================================================================================
DAG File Processing Stats

File Path                             PID    Runtime      # DAGs    # Errors  Last Runtime    Last Run
------------------------------------  -----  ---------  --------  ----------  --------------  -------------------
/opt/airflow/dags/reports_etl_dag.py                           1           0  0.63s           2026-01-24T10:43:25
================================================================================
[2026-01-24T10:44:06.086+0000] {manager.py:878} INFO - 
================================================================================
DAG File Processing Stats

File Path                             PID    Runtime      # DAGs    # Errors  Last Runtime    Last Run
------------------------------------  -----  ---------  --------  ----------  --------------  -------------------
/opt/airflow/dags/reports_etl_dag.py                           1           0  0.57s           2026-01-24T10:43:56
================================================================================
[2026-01-24T10:44:36.383+0000] {manager.py:878} INFO - 
================================================================================
DAG File Processing Stats

File Path                             PID    Runtime      # DAGs    # Errors  Last Runtime    Last Run
------------------------------------  -----  ---------  --------  ----------  --------------  -------------------
/opt/airflow/dags/reports_etl_dag.py                           1           0  0.54s           2026-01-24T10:44:27
================================================================================
[2026-01-24T10:45:06.704+0000] {manager.py:878} INFO - 
================================================================================
DAG File Processing Stats

File Path                             PID    Runtime      # DAGs    # Errors  Last Runtime    Last Run
------------------------------------  -----  ---------  --------  ----------  --------------  -------------------
/opt/airflow/dags/reports_etl_dag.py                           1           0  0.57s           2026-01-24T10:44:58
================================================================================
[2026-01-24T10:45:37.029+0000] {manager.py:878} INFO - 
================================================================================
DAG File Processing Stats

File Path                             PID    Runtime      # DAGs    # Errors  Last Runtime    Last Run
------------------------------------  -----  ---------  --------  ----------  --------------  -------------------
/opt/airflow/dags/reports_etl_dag.py                           1           0  0.53s           2026-01-24T10:45:29
================================================================================
[2026-01-24T10:46:07.334+0000] {manager.py:878} INFO - 
================================================================================
DAG File Processing Stats

File Path                             PID    Runtime      # DAGs    # Errors  Last Runtime    Last Run
------------------------------------  -----  ---------  --------  ----------  --------------  -------------------
/opt/airflow/dags/reports_etl_dag.py                           1           0  0.54s           2026-01-24T10:45:59
================================================================================
[2026-01-24T10:46:37.604+0000] {manager.py:878} INFO - 
================================================================================
DAG File Processing Stats

File Path                             PID    Runtime      # DAGs    # Errors  Last Runtime    Last Run
------------------------------------  -----  ---------  --------  ----------  --------------  -------------------
/opt/airflow/dags/reports_etl_dag.py                           1           0  0.54s           2026-01-24T10:46:30
================================================================================
[2026-01-24T10:47:07.967+0000] {manager.py:878} INFO - 
================================================================================
DAG File Processing Stats

File Path                             PID    Runtime      # DAGs    # Errors  Last Runtime    Last Run
------------------------------------  -----  ---------  --------  ----------  --------------  -------------------
/opt/airflow/dags/reports_etl_dag.py                           1           0  0.52s           2026-01-24T10:47:01
================================================================================
[2026-01-24T10:47:38.271+0000] {manager.py:878} INFO - 
================================================================================
DAG File Processing Stats

File Path                             PID    Runtime      # DAGs    # Errors  Last Runtime    Last Run
------------------------------------  -----  ---------  --------  ----------  --------------  -------------------
/opt/airflow/dags/reports_etl_dag.py                           1           0  0.56s           2026-01-24T10:47:32
================================================================================
[2026-01-24T10:47:49.454+0000] {manager.py:737} INFO - Searching for files in /opt/airflow/dags
[2026-01-24T10:47:49.474+0000] {manager.py:740} INFO - There are 1 files in /opt/airflow/dags
[2026-01-24T10:48:08.997+0000] {manager.py:878} INFO - 
================================================================================
DAG File Processing Stats

File Path                             PID    Runtime      # DAGs    # Errors  Last Runtime    Last Run
------------------------------------  -----  ---------  --------  ----------  --------------  -------------------
/opt/airflow/dags/reports_etl_dag.py                           1           0  0.55s           2026-01-24T10:48:03
================================================================================
[2026-01-24T10:48:39.407+0000] {manager.py:878} INFO - 
================================================================================
DAG File Processing Stats

File Path                             PID    Runtime      # DAGs    # Errors  Last Runtime    Last Run
------------------------------------  -----  ---------  --------  ----------  --------------  -------------------
/opt/airflow/dags/reports_etl_dag.py                           1           0  0.56s           2026-01-24T10:48:33
================================================================================
[2026-01-24T10:49:09.678+0000] {manager.py:878} INFO - 
================================================================================
DAG File Processing Stats

File Path                             PID    Runtime      # DAGs    # Errors  Last Runtime    Last Run
------------------------------------  -----  ---------  --------  ----------  --------------  -------------------
/opt/airflow/dags/reports_etl_dag.py                           1           0  0.44s           2026-01-24T10:49:04
================================================================================
[2026-01-24T10:49:39.966+0000] {manager.py:878} INFO - 
================================================================================
DAG File Processing Stats

File Path                             PID    Runtime      # DAGs    # Errors  Last Runtime    Last Run
------------------------------------  -----  ---------  --------  ----------  --------------  -------------------
/opt/airflow/dags/reports_etl_dag.py                           1           0  0.47s           2026-01-24T10:49:35
================================================================================
[2026-01-24T10:50:10.179+0000] {manager.py:878} INFO - 
================================================================================
DAG File Processing Stats

File Path                             PID    Runtime      # DAGs    # Errors  Last Runtime    Last Run
------------------------------------  -----  ---------  --------  ----------  --------------  -------------------
/opt/airflow/dags/reports_etl_dag.py                           1           0  0.47s           2026-01-24T10:50:06
================================================================================
[2026-01-24T10:50:40.497+0000] {manager.py:878} INFO - 
================================================================================
DAG File Processing Stats

File Path                             PID    Runtime      # DAGs    # Errors  Last Runtime    Last Run
------------------------------------  -----  ---------  --------  ----------  --------------  -------------------
/opt/airflow/dags/reports_etl_dag.py                           1           0  0.48s           2026-01-24T10:50:36
================================================================================
[2026-01-24T10:51:10.714+0000] {manager.py:878} INFO - 
================================================================================
DAG File Processing Stats

File Path                             PID    Runtime      # DAGs    # Errors  Last Runtime    Last Run
------------------------------------  -----  ---------  --------  ----------  --------------  -------------------
/opt/airflow/dags/reports_etl_dag.py                           1           0  0.46s           2026-01-24T10:51:07
================================================================================
[2026-01-24T10:51:40.998+0000] {manager.py:878} INFO - 
================================================================================
DAG File Processing Stats

File Path                             PID    Runtime      # DAGs    # Errors  Last Runtime    Last Run
------------------------------------  -----  ---------  --------  ----------  --------------  -------------------
/opt/airflow/dags/reports_etl_dag.py                           1           0  0.50s           2026-01-24T10:51:38
================================================================================
[2026-01-24T10:52:11.219+0000] {manager.py:878} INFO - 
================================================================================
DAG File Processing Stats

File Path                             PID    Runtime      # DAGs    # Errors  Last Runtime    Last Run
------------------------------------  -----  ---------  --------  ----------  --------------  -------------------
/opt/airflow/dags/reports_etl_dag.py                           1           0  0.45s           2026-01-24T10:52:09
================================================================================
[2026-01-24T10:52:41.507+0000] {manager.py:878} INFO - 
================================================================================
DAG File Processing Stats

File Path                             PID    Runtime      # DAGs    # Errors  Last Runtime    Last Run
------------------------------------  -----  ---------  --------  ----------  --------------  -------------------
/opt/airflow/dags/reports_etl_dag.py                           1           0  0.45s           2026-01-24T10:52:39
================================================================================
[2026-01-24T10:52:49.556+0000] {manager.py:737} INFO - Searching for files in /opt/airflow/dags
[2026-01-24T10:52:49.585+0000] {manager.py:740} INFO - There are 1 files in /opt/airflow/dags
[2026-01-24T10:53:11.719+0000] {manager.py:878} INFO - 
================================================================================
DAG File Processing Stats

File Path                             PID    Runtime      # DAGs    # Errors  Last Runtime    Last Run
------------------------------------  -----  ---------  --------  ----------  --------------  -------------------
/opt/airflow/dags/reports_etl_dag.py                           1           0  0.45s           2026-01-24T10:53:10
================================================================================
[2026-01-24T10:53:42.006+0000] {manager.py:878} INFO - 
================================================================================
DAG File Processing Stats

File Path                             PID    Runtime      # DAGs    # Errors  Last Runtime    Last Run
------------------------------------  -----  ---------  --------  ----------  --------------  -------------------
/opt/airflow/dags/reports_etl_dag.py                           1           0  0.44s           2026-01-24T10:53:41
================================================================================
[2026-01-24T10:54:12.168+0000] {manager.py:878} INFO - 
================================================================================
DAG File Processing Stats

File Path                             PID    Runtime      # DAGs    # Errors  Last Runtime    Last Run
------------------------------------  -----  ---------  --------  ----------  --------------  -------------------
/opt/airflow/dags/reports_etl_dag.py                           1           0  0.44s           2026-01-24T10:54:12
================================================================================
[2026-01-24T10:54:42.534+0000] {manager.py:878} INFO - 
================================================================================
DAG File Processing Stats

File Path                               PID  Runtime      # DAGs    # Errors  Last Runtime    Last Run
------------------------------------  -----  ---------  --------  ----------  --------------  -------------------
/opt/airflow/dags/reports_etl_dag.py   2009  0.00s             1           0  0.44s           2026-01-24T10:54:12
================================================================================
[2026-01-24T10:55:12.820+0000] {manager.py:878} INFO - 
================================================================================
DAG File Processing Stats

File Path                             PID    Runtime      # DAGs    # Errors  Last Runtime    Last Run
------------------------------------  -----  ---------  --------  ----------  --------------  -------------------
/opt/airflow/dags/reports_etl_dag.py                           1           0  0.44s           2026-01-24T10:54:42
================================================================================
[2026-01-24T10:55:43.015+0000] {manager.py:878} INFO - 
================================================================================
DAG File Processing Stats

File Path                             PID    Runtime      # DAGs    # Errors  Last Runtime    Last Run
------------------------------------  -----  ---------  --------  ----------  --------------  -------------------
/opt/airflow/dags/reports_etl_dag.py                           1           0  0.45s           2026-01-24T10:55:13
================================================================================
[2026-01-24T10:56:13.328+0000] {manager.py:878} INFO - 
================================================================================
DAG File Processing Stats

File Path                             PID    Runtime      # DAGs    # Errors  Last Runtime    Last Run
------------------------------------  -----  ---------  --------  ----------  --------------  -------------------
/opt/airflow/dags/reports_etl_dag.py                           1           0  0.44s           2026-01-24T10:55:44
================================================================================
[2026-01-24T10:56:43.497+0000] {manager.py:878} INFO - 
================================================================================
DAG File Processing Stats

File Path                             PID    Runtime      # DAGs    # Errors  Last Runtime    Last Run
------------------------------------  -----  ---------  --------  ----------  --------------  -------------------
/opt/airflow/dags/reports_etl_dag.py                           1           0  0.43s           2026-01-24T10:56:15
================================================================================
[2026-01-24T10:57:13.846+0000] {manager.py:878} INFO - 
================================================================================
DAG File Processing Stats

File Path                             PID    Runtime      # DAGs    # Errors  Last Runtime    Last Run
------------------------------------  -----  ---------  --------  ----------  --------------  -------------------
/opt/airflow/dags/reports_etl_dag.py                           1           0  0.49s           2026-01-24T10:56:46
================================================================================
[2026-01-24T10:57:23.172+0000] {manager.py:452} INFO - Exiting gracefully upon receiving signal 15
[2026-01-24T11:01:13.113+0000] {manager.py:470} INFO - Processing files using up to 2 processes at a time 
[2026-01-24T11:01:13.114+0000] {manager.py:471} INFO - Process each file at most once every 30 seconds
[2026-01-24T11:01:13.114+0000] {manager.py:472} INFO - Checking for new files in /opt/airflow/dags every 300 seconds
[2026-01-24T11:01:13.115+0000] {manager.py:737} INFO - Searching for files in /opt/airflow/dags
[2026-01-24T11:01:13.131+0000] {manager.py:740} INFO - There are 1 files in /opt/airflow/dags
[2026-01-24T11:01:13.236+0000] {manager.py:878} INFO - 
================================================================================
DAG File Processing Stats

File Path                               PID  Runtime      # DAGs    # Errors  Last Runtime    Last Run
------------------------------------  -----  ---------  --------  ----------  --------------  ----------
/opt/airflow/dags/reports_etl_dag.py    172  0.04s             0           0
================================================================================
[2026-01-24T11:01:43.544+0000] {manager.py:878} INFO - 
================================================================================
DAG File Processing Stats

File Path                             PID    Runtime      # DAGs    # Errors  Last Runtime    Last Run
------------------------------------  -----  ---------  --------  ----------  --------------  -------------------
/opt/airflow/dags/reports_etl_dag.py                           1           0  1.46s           2026-01-24T11:01:14
================================================================================
[2026-01-24T11:02:14.217+0000] {manager.py:878} INFO - 
================================================================================
DAG File Processing Stats

File Path                             PID    Runtime      # DAGs    # Errors  Last Runtime    Last Run
------------------------------------  -----  ---------  --------  ----------  --------------  -------------------
/opt/airflow/dags/reports_etl_dag.py                           1           0  0.45s           2026-01-24T11:01:45
================================================================================
[2026-01-24T11:02:44.413+0000] {manager.py:878} INFO - 
================================================================================
DAG File Processing Stats

File Path                             PID    Runtime      # DAGs    # Errors  Last Runtime    Last Run
------------------------------------  -----  ---------  --------  ----------  --------------  -------------------
/opt/airflow/dags/reports_etl_dag.py                           1           0  0.45s           2026-01-24T11:02:16
================================================================================
[2026-01-24T11:03:14.725+0000] {manager.py:878} INFO - 
================================================================================
DAG File Processing Stats

File Path                             PID    Runtime      # DAGs    # Errors  Last Runtime    Last Run
------------------------------------  -----  ---------  --------  ----------  --------------  -------------------
/opt/airflow/dags/reports_etl_dag.py                           1           0  0.45s           2026-01-24T11:02:46
================================================================================
[2026-01-24T11:03:42.632+0000] {manager.py:452} INFO - Exiting gracefully upon receiving signal 15
[2026-01-24T11:05:09.412+0000] {manager.py:470} INFO - Processing files using up to 2 processes at a time 
[2026-01-24T11:05:09.412+0000] {manager.py:471} INFO - Process each file at most once every 30 seconds
[2026-01-24T11:05:09.413+0000] {manager.py:472} INFO - Checking for new files in /opt/airflow/dags every 300 seconds
[2026-01-24T11:05:09.413+0000] {manager.py:737} INFO - Searching for files in /opt/airflow/dags
[2026-01-24T11:05:09.429+0000] {manager.py:740} INFO - There are 1 files in /opt/airflow/dags
[2026-01-24T11:05:09.530+0000] {manager.py:878} INFO - 
================================================================================
DAG File Processing Stats

File Path                               PID  Runtime      # DAGs    # Errors  Last Runtime    Last Run
------------------------------------  -----  ---------  --------  ----------  --------------  ----------
/opt/airflow/dags/reports_etl_dag.py    172  0.03s             0           0
================================================================================
[2026-01-24T11:05:39.842+0000] {manager.py:878} INFO - 
================================================================================
DAG File Processing Stats

File Path                             PID    Runtime      # DAGs    # Errors  Last Runtime    Last Run
------------------------------------  -----  ---------  --------  ----------  --------------  -------------------
/opt/airflow/dags/reports_etl_dag.py                           1           0  1.19s           2026-01-24T11:05:10
================================================================================
[2026-01-24T11:06:10.204+0000] {manager.py:878} INFO - 
================================================================================
DAG File Processing Stats

File Path                             PID    Runtime      # DAGs    # Errors  Last Runtime    Last Run
------------------------------------  -----  ---------  --------  ----------  --------------  -------------------
/opt/airflow/dags/reports_etl_dag.py                           1           0  0.48s           2026-01-24T11:05:41
================================================================================
[2026-01-24T11:06:40.345+0000] {manager.py:878} INFO - 
================================================================================
DAG File Processing Stats

File Path                             PID    Runtime      # DAGs    # Errors  Last Runtime    Last Run
------------------------------------  -----  ---------  --------  ----------  --------------  -------------------
/opt/airflow/dags/reports_etl_dag.py                           1           0  0.46s           2026-01-24T11:06:12
================================================================================
[2026-01-24T11:07:10.626+0000] {manager.py:878} INFO - 
================================================================================
DAG File Processing Stats

File Path                             PID    Runtime      # DAGs    # Errors  Last Runtime    Last Run
------------------------------------  -----  ---------  --------  ----------  --------------  -------------------
/opt/airflow/dags/reports_etl_dag.py                           1           0  0.46s           2026-01-24T11:06:42
================================================================================
[2026-01-24T11:07:40.823+0000] {manager.py:878} INFO - 
================================================================================
DAG File Processing Stats

File Path                             PID    Runtime      # DAGs    # Errors  Last Runtime    Last Run
------------------------------------  -----  ---------  --------  ----------  --------------  -------------------
/opt/airflow/dags/reports_etl_dag.py                           1           0  0.46s           2026-01-24T11:07:13
================================================================================
[2026-01-24T11:08:11.129+0000] {manager.py:878} INFO - 
================================================================================
DAG File Processing Stats

File Path                             PID    Runtime      # DAGs    # Errors  Last Runtime    Last Run
------------------------------------  -----  ---------  --------  ----------  --------------  -------------------
/opt/airflow/dags/reports_etl_dag.py                           1           0  0.45s           2026-01-24T11:07:44
================================================================================
[2026-01-24T11:08:41.287+0000] {manager.py:878} INFO - 
================================================================================
DAG File Processing Stats

File Path                             PID    Runtime      # DAGs    # Errors  Last Runtime    Last Run
------------------------------------  -----  ---------  --------  ----------  --------------  -------------------
/opt/airflow/dags/reports_etl_dag.py                           1           0  0.46s           2026-01-24T11:08:15
================================================================================
[2026-01-24T11:09:11.530+0000] {manager.py:878} INFO - 
================================================================================
DAG File Processing Stats

File Path                             PID    Runtime      # DAGs    # Errors  Last Runtime    Last Run
------------------------------------  -----  ---------  --------  ----------  --------------  -------------------
/opt/airflow/dags/reports_etl_dag.py                           1           0  0.45s           2026-01-24T11:08:45
================================================================================
[2026-01-24T11:09:41.737+0000] {manager.py:878} INFO - 
================================================================================
DAG File Processing Stats

File Path                             PID    Runtime      # DAGs    # Errors  Last Runtime    Last Run
------------------------------------  -----  ---------  --------  ----------  --------------  -------------------
/opt/airflow/dags/reports_etl_dag.py                           1           0  0.47s           2026-01-24T11:09:16
================================================================================
[2026-01-24T11:10:09.509+0000] {manager.py:737} INFO - Searching for files in /opt/airflow/dags
[2026-01-24T11:10:09.530+0000] {manager.py:740} INFO - There are 1 files in /opt/airflow/dags
[2026-01-24T11:10:12.055+0000] {manager.py:878} INFO - 
================================================================================
DAG File Processing Stats

File Path                             PID    Runtime      # DAGs    # Errors  Last Runtime    Last Run
------------------------------------  -----  ---------  --------  ----------  --------------  -------------------
/opt/airflow/dags/reports_etl_dag.py                           1           0  0.48s           2026-01-24T11:09:47
================================================================================
[2026-01-24T11:10:42.277+0000] {manager.py:878} INFO - 
================================================================================
DAG File Processing Stats

File Path                             PID    Runtime      # DAGs    # Errors  Last Runtime    Last Run
------------------------------------  -----  ---------  --------  ----------  --------------  -------------------
/opt/airflow/dags/reports_etl_dag.py                           1           0  0.45s           2026-01-24T11:10:18
================================================================================
[2026-01-24T11:11:12.546+0000] {manager.py:878} INFO - 
================================================================================
DAG File Processing Stats

File Path                             PID    Runtime      # DAGs    # Errors  Last Runtime    Last Run
------------------------------------  -----  ---------  --------  ----------  --------------  -------------------
/opt/airflow/dags/reports_etl_dag.py                           1           0  0.46s           2026-01-24T11:10:48
================================================================================
[2026-01-24T11:11:42.731+0000] {manager.py:878} INFO - 
================================================================================
DAG File Processing Stats

File Path                             PID    Runtime      # DAGs    # Errors  Last Runtime    Last Run
------------------------------------  -----  ---------  --------  ----------  --------------  -------------------
/opt/airflow/dags/reports_etl_dag.py                           1           0  0.46s           2026-01-24T11:11:19
================================================================================
[2026-01-24T11:12:13.016+0000] {manager.py:878} INFO - 
================================================================================
DAG File Processing Stats

File Path                             PID    Runtime      # DAGs    # Errors  Last Runtime    Last Run
------------------------------------  -----  ---------  --------  ----------  --------------  -------------------
/opt/airflow/dags/reports_etl_dag.py                           1           0  0.49s           2026-01-24T11:11:50
================================================================================
[2026-01-24T11:12:43.273+0000] {manager.py:878} INFO - 
================================================================================
DAG File Processing Stats

File Path                             PID    Runtime      # DAGs    # Errors  Last Runtime    Last Run
------------------------------------  -----  ---------  --------  ----------  --------------  -------------------
/opt/airflow/dags/reports_etl_dag.py                           1           0  0.47s           2026-01-24T11:12:21
================================================================================
[2026-01-24T11:13:14.036+0000] {manager.py:878} INFO - 
================================================================================
DAG File Processing Stats

File Path                             PID    Runtime      # DAGs    # Errors  Last Runtime    Last Run
------------------------------------  -----  ---------  --------  ----------  --------------  -------------------
/opt/airflow/dags/reports_etl_dag.py                           1           0  0.46s           2026-01-24T11:12:51
================================================================================
[2026-01-24T11:13:44.321+0000] {manager.py:878} INFO - 
================================================================================
DAG File Processing Stats

File Path                             PID    Runtime      # DAGs    # Errors  Last Runtime    Last Run
------------------------------------  -----  ---------  --------  ----------  --------------  -------------------
/opt/airflow/dags/reports_etl_dag.py                           1           0  0.53s           2026-01-24T11:13:30
================================================================================
[2026-01-24T11:14:15.040+0000] {manager.py:878} INFO - 
================================================================================
DAG File Processing Stats

File Path                             PID    Runtime      # DAGs    # Errors  Last Runtime    Last Run
------------------------------------  -----  ---------  --------  ----------  --------------  -------------------
/opt/airflow/dags/reports_etl_dag.py                           1           0  0.48s           2026-01-24T11:14:00
================================================================================
[2026-01-24T11:14:45.394+0000] {manager.py:878} INFO - 
================================================================================
DAG File Processing Stats

File Path                             PID    Runtime      # DAGs    # Errors  Last Runtime    Last Run
------------------------------------  -----  ---------  --------  ----------  --------------  -------------------
/opt/airflow/dags/reports_etl_dag.py                           1           0  0.46s           2026-01-24T11:14:31
================================================================================
[2026-01-24T11:15:06.564+0000] {manager.py:452} INFO - Exiting gracefully upon receiving signal 15
[2026-01-24T11:15:59.575+0000] {manager.py:470} INFO - Processing files using up to 2 processes at a time 
[2026-01-24T11:15:59.576+0000] {manager.py:471} INFO - Process each file at most once every 30 seconds
[2026-01-24T11:15:59.576+0000] {manager.py:472} INFO - Checking for new files in /opt/airflow/dags every 300 seconds
[2026-01-24T11:15:59.577+0000] {manager.py:737} INFO - Searching for files in /opt/airflow/dags
[2026-01-24T11:15:59.593+0000] {manager.py:740} INFO - There are 1 files in /opt/airflow/dags
[2026-01-24T11:15:59.688+0000] {manager.py:878} INFO - 
================================================================================
DAG File Processing Stats

File Path                               PID  Runtime      # DAGs    # Errors  Last Runtime    Last Run
------------------------------------  -----  ---------  --------  ----------  --------------  ----------
/opt/airflow/dags/reports_etl_dag.py    172  0.03s             0           0
================================================================================
[2026-01-24T11:16:29.942+0000] {manager.py:878} INFO - 
================================================================================
DAG File Processing Stats

File Path                             PID    Runtime      # DAGs    # Errors  Last Runtime    Last Run
------------------------------------  -----  ---------  --------  ----------  --------------  -------------------
/opt/airflow/dags/reports_etl_dag.py                           1           0  1.19s           2026-01-24T11:16:00
================================================================================
[2026-01-24T11:17:00.327+0000] {manager.py:878} INFO - 
================================================================================
DAG File Processing Stats

File Path                             PID    Runtime      # DAGs    # Errors  Last Runtime    Last Run
------------------------------------  -----  ---------  --------  ----------  --------------  -------------------
/opt/airflow/dags/reports_etl_dag.py                           1           0  0.47s           2026-01-24T11:16:31
================================================================================
[2026-01-24T11:17:30.934+0000] {manager.py:878} INFO - 
================================================================================
DAG File Processing Stats

File Path                             PID    Runtime      # DAGs    # Errors  Last Runtime    Last Run
------------------------------------  -----  ---------  --------  ----------  --------------  -------------------
/opt/airflow/dags/reports_etl_dag.py                           1           0  0.45s           2026-01-24T11:17:02
================================================================================
[2026-01-24T11:18:01.125+0000] {manager.py:878} INFO - 
================================================================================
DAG File Processing Stats

File Path                             PID    Runtime      # DAGs    # Errors  Last Runtime    Last Run
------------------------------------  -----  ---------  --------  ----------  --------------  -------------------
/opt/airflow/dags/reports_etl_dag.py                           1           0  0.44s           2026-01-24T11:17:32
================================================================================
[2026-01-24T11:18:31.415+0000] {manager.py:878} INFO - 
================================================================================
DAG File Processing Stats

File Path                             PID    Runtime      # DAGs    # Errors  Last Runtime    Last Run
------------------------------------  -----  ---------  --------  ----------  --------------  -------------------
/opt/airflow/dags/reports_etl_dag.py                           1           0  0.46s           2026-01-24T11:18:03
================================================================================
[2026-01-24T11:19:01.538+0000] {manager.py:878} INFO - 
================================================================================
DAG File Processing Stats

File Path                             PID    Runtime      # DAGs    # Errors  Last Runtime    Last Run
------------------------------------  -----  ---------  --------  ----------  --------------  -------------------
/opt/airflow/dags/reports_etl_dag.py                           1           0  0.44s           2026-01-24T11:18:34
================================================================================
[2026-01-24T11:19:31.808+0000] {manager.py:878} INFO - 
================================================================================
DAG File Processing Stats

File Path                             PID    Runtime      # DAGs    # Errors  Last Runtime    Last Run
------------------------------------  -----  ---------  --------  ----------  --------------  -------------------
/opt/airflow/dags/reports_etl_dag.py                           1           0  0.45s           2026-01-24T11:19:05
================================================================================
[2026-01-24T11:20:02.010+0000] {manager.py:878} INFO - 
================================================================================
DAG File Processing Stats

File Path                             PID    Runtime      # DAGs    # Errors  Last Runtime    Last Run
------------------------------------  -----  ---------  --------  ----------  --------------  -------------------
/opt/airflow/dags/reports_etl_dag.py                           1           0  0.45s           2026-01-24T11:19:35
================================================================================
[2026-01-24T11:20:32.152+0000] {manager.py:878} INFO - 
================================================================================
DAG File Processing Stats

File Path                             PID    Runtime      # DAGs    # Errors  Last Runtime    Last Run
------------------------------------  -----  ---------  --------  ----------  --------------  -------------------
/opt/airflow/dags/reports_etl_dag.py                           1           0  0.49s           2026-01-24T11:20:06
================================================================================
[2026-01-24T11:20:59.893+0000] {manager.py:737} INFO - Searching for files in /opt/airflow/dags
[2026-01-24T11:20:59.908+0000] {manager.py:740} INFO - There are 1 files in /opt/airflow/dags
[2026-01-24T11:21:02.397+0000] {manager.py:878} INFO - 
================================================================================
DAG File Processing Stats

File Path                             PID    Runtime      # DAGs    # Errors  Last Runtime    Last Run
------------------------------------  -----  ---------  --------  ----------  --------------  -------------------
/opt/airflow/dags/reports_etl_dag.py                           1           0  0.48s           2026-01-24T11:20:37
================================================================================
[2026-01-24T11:21:32.633+0000] {manager.py:878} INFO - 
================================================================================
DAG File Processing Stats

File Path                             PID    Runtime      # DAGs    # Errors  Last Runtime    Last Run
------------------------------------  -----  ---------  --------  ----------  --------------  -------------------
/opt/airflow/dags/reports_etl_dag.py                           1           0  0.46s           2026-01-24T11:21:07
================================================================================
[2026-01-24T11:22:02.839+0000] {manager.py:878} INFO - 
================================================================================
DAG File Processing Stats

File Path                             PID    Runtime      # DAGs    # Errors  Last Runtime    Last Run
------------------------------------  -----  ---------  --------  ----------  --------------  -------------------
/opt/airflow/dags/reports_etl_dag.py                           1           0  0.48s           2026-01-24T11:21:38
================================================================================
[2026-01-24T11:22:33.133+0000] {manager.py:878} INFO - 
================================================================================
DAG File Processing Stats

File Path                             PID    Runtime      # DAGs    # Errors  Last Runtime    Last Run
------------------------------------  -----  ---------  --------  ----------  --------------  -------------------
/opt/airflow/dags/reports_etl_dag.py                           1           0  0.49s           2026-01-24T11:22:09
================================================================================
[2026-01-24T11:23:03.333+0000] {manager.py:878} INFO - 
================================================================================
DAG File Processing Stats

File Path                             PID    Runtime      # DAGs    # Errors  Last Runtime    Last Run
------------------------------------  -----  ---------  --------  ----------  --------------  -------------------
/opt/airflow/dags/reports_etl_dag.py                           1           0  0.45s           2026-01-24T11:22:40
================================================================================
[2026-01-24T11:23:33.597+0000] {manager.py:878} INFO - 
================================================================================
DAG File Processing Stats

File Path                             PID    Runtime      # DAGs    # Errors  Last Runtime    Last Run
------------------------------------  -----  ---------  --------  ----------  --------------  -------------------
/opt/airflow/dags/reports_etl_dag.py                           1           0  0.46s           2026-01-24T11:23:10
================================================================================
[2026-01-24T11:24:03.785+0000] {manager.py:878} INFO - 
================================================================================
DAG File Processing Stats

File Path                             PID    Runtime      # DAGs    # Errors  Last Runtime    Last Run
------------------------------------  -----  ---------  --------  ----------  --------------  -------------------
/opt/airflow/dags/reports_etl_dag.py                           1           0  0.46s           2026-01-24T11:23:41
================================================================================
[2026-01-24T11:24:34.066+0000] {manager.py:878} INFO - 
================================================================================
DAG File Processing Stats

File Path                             PID    Runtime      # DAGs    # Errors  Last Runtime    Last Run
------------------------------------  -----  ---------  --------  ----------  --------------  -------------------
/opt/airflow/dags/reports_etl_dag.py                           1           0  0.44s           2026-01-24T11:24:12
================================================================================
[2026-01-24T11:25:04.226+0000] {manager.py:878} INFO - 
================================================================================
DAG File Processing Stats

File Path                             PID    Runtime      # DAGs    # Errors  Last Runtime    Last Run
------------------------------------  -----  ---------  --------  ----------  --------------  -------------------
/opt/airflow/dags/reports_etl_dag.py                           1           0  0.45s           2026-01-24T11:24:43
================================================================================
[2026-01-24T11:25:34.535+0000] {manager.py:878} INFO - 
================================================================================
DAG File Processing Stats

File Path                             PID    Runtime      # DAGs    # Errors  Last Runtime    Last Run
------------------------------------  -----  ---------  --------  ----------  --------------  -------------------
/opt/airflow/dags/reports_etl_dag.py                           1           0  0.44s           2026-01-24T11:25:13
================================================================================
[2026-01-24T11:26:00.172+0000] {manager.py:737} INFO - Searching for files in /opt/airflow/dags
[2026-01-24T11:26:00.189+0000] {manager.py:740} INFO - There are 1 files in /opt/airflow/dags
[2026-01-24T11:26:04.665+0000] {manager.py:878} INFO - 
================================================================================
DAG File Processing Stats

File Path                             PID    Runtime      # DAGs    # Errors  Last Runtime    Last Run
------------------------------------  -----  ---------  --------  ----------  --------------  -------------------
/opt/airflow/dags/reports_etl_dag.py                           1           0  0.45s           2026-01-24T11:25:44
================================================================================
[2026-01-24T11:26:34.799+0000] {manager.py:878} INFO - 
================================================================================
DAG File Processing Stats

File Path                             PID    Runtime      # DAGs    # Errors  Last Runtime    Last Run
------------------------------------  -----  ---------  --------  ----------  --------------  -------------------
/opt/airflow/dags/reports_etl_dag.py                           1           0  0.44s           2026-01-24T11:26:15
================================================================================
[2026-01-24T11:27:04.938+0000] {manager.py:878} INFO - 
================================================================================
DAG File Processing Stats

File Path                             PID    Runtime      # DAGs    # Errors  Last Runtime    Last Run
------------------------------------  -----  ---------  --------  ----------  --------------  -------------------
/opt/airflow/dags/reports_etl_dag.py                           1           0  0.44s           2026-01-24T11:26:45
================================================================================
[2026-01-24T11:27:35.199+0000] {manager.py:878} INFO - 
================================================================================
DAG File Processing Stats

File Path                             PID    Runtime      # DAGs    # Errors  Last Runtime    Last Run
------------------------------------  -----  ---------  --------  ----------  --------------  -------------------
/opt/airflow/dags/reports_etl_dag.py                           1           0  0.48s           2026-01-24T11:27:16
================================================================================
[2026-01-24T11:28:05.491+0000] {manager.py:878} INFO - 
================================================================================
DAG File Processing Stats

File Path                             PID    Runtime      # DAGs    # Errors  Last Runtime    Last Run
------------------------------------  -----  ---------  --------  ----------  --------------  -------------------
/opt/airflow/dags/reports_etl_dag.py                           1           0  0.49s           2026-01-24T11:27:47
================================================================================
[2026-01-24T11:28:36.251+0000] {manager.py:878} INFO - 
================================================================================
DAG File Processing Stats

File Path                             PID    Runtime      # DAGs    # Errors  Last Runtime    Last Run
------------------------------------  -----  ---------  --------  ----------  --------------  -------------------
/opt/airflow/dags/reports_etl_dag.py                           1           0  0.49s           2026-01-24T11:28:18
================================================================================
[2026-01-24T11:29:06.535+0000] {manager.py:878} INFO - 
================================================================================
DAG File Processing Stats

File Path                             PID    Runtime      # DAGs    # Errors  Last Runtime    Last Run
------------------------------------  -----  ---------  --------  ----------  --------------  -------------------
/opt/airflow/dags/reports_etl_dag.py                           1           0  0.43s           2026-01-24T11:28:48
================================================================================
[2026-01-24T11:29:36.794+0000] {manager.py:878} INFO - 
================================================================================
DAG File Processing Stats

File Path                             PID    Runtime      # DAGs    # Errors  Last Runtime    Last Run
------------------------------------  -----  ---------  --------  ----------  --------------  -------------------
/opt/airflow/dags/reports_etl_dag.py                           1           0  0.56s           2026-01-24T11:29:19
================================================================================
[2026-01-24T11:30:07.470+0000] {manager.py:878} INFO - 
================================================================================
DAG File Processing Stats

File Path                             PID    Runtime      # DAGs    # Errors  Last Runtime    Last Run
------------------------------------  -----  ---------  --------  ----------  --------------  -------------------
/opt/airflow/dags/reports_etl_dag.py                           1           0  0.55s           2026-01-24T11:29:50
================================================================================
[2026-01-24T11:30:37.855+0000] {manager.py:878} INFO - 
================================================================================
DAG File Processing Stats

File Path                             PID    Runtime      # DAGs    # Errors  Last Runtime    Last Run
------------------------------------  -----  ---------  --------  ----------  --------------  -------------------
/opt/airflow/dags/reports_etl_dag.py                           1           0  0.45s           2026-01-24T11:30:20
================================================================================
[2026-01-24T11:31:00.398+0000] {manager.py:737} INFO - Searching for files in /opt/airflow/dags
[2026-01-24T11:31:00.413+0000] {manager.py:740} INFO - There are 1 files in /opt/airflow/dags
[2026-01-24T11:31:07.985+0000] {manager.py:878} INFO - 
================================================================================
DAG File Processing Stats

File Path                             PID    Runtime      # DAGs    # Errors  Last Runtime    Last Run
------------------------------------  -----  ---------  --------  ----------  --------------  -------------------
/opt/airflow/dags/reports_etl_dag.py                           1           0  0.54s           2026-01-24T11:30:51
================================================================================
[2026-01-24T11:31:38.278+0000] {manager.py:878} INFO - 
================================================================================
DAG File Processing Stats

File Path                             PID    Runtime      # DAGs    # Errors  Last Runtime    Last Run
------------------------------------  -----  ---------  --------  ----------  --------------  -------------------
/opt/airflow/dags/reports_etl_dag.py                           1           0  0.45s           2026-01-24T11:31:22
================================================================================
[2026-01-24T11:32:08.500+0000] {manager.py:878} INFO - 
================================================================================
DAG File Processing Stats

File Path                             PID    Runtime      # DAGs    # Errors  Last Runtime    Last Run
------------------------------------  -----  ---------  --------  ----------  --------------  -------------------
/opt/airflow/dags/reports_etl_dag.py                           1           0  0.54s           2026-01-24T11:31:53
================================================================================
[2026-01-24T11:32:39.230+0000] {manager.py:878} INFO - 
================================================================================
DAG File Processing Stats

File Path                             PID    Runtime      # DAGs    # Errors  Last Runtime    Last Run
------------------------------------  -----  ---------  --------  ----------  --------------  -------------------
/opt/airflow/dags/reports_etl_dag.py                           1           0  0.55s           2026-01-24T11:32:24
================================================================================
[2026-01-24T11:33:09.619+0000] {manager.py:878} INFO - 
================================================================================
DAG File Processing Stats

File Path                             PID    Runtime      # DAGs    # Errors  Last Runtime    Last Run
------------------------------------  -----  ---------  --------  ----------  --------------  -------------------
/opt/airflow/dags/reports_etl_dag.py                           1           0  0.44s           2026-01-24T11:32:54
================================================================================
[2026-01-24T11:33:39.795+0000] {manager.py:878} INFO - 
================================================================================
DAG File Processing Stats

File Path                             PID    Runtime      # DAGs    # Errors  Last Runtime    Last Run
------------------------------------  -----  ---------  --------  ----------  --------------  -------------------
/opt/airflow/dags/reports_etl_dag.py                           1           0  0.54s           2026-01-24T11:33:25
================================================================================
[2026-01-24T11:34:10.553+0000] {manager.py:878} INFO - 
================================================================================
DAG File Processing Stats

File Path                             PID    Runtime      # DAGs    # Errors  Last Runtime    Last Run
------------------------------------  -----  ---------  --------  ----------  --------------  -------------------
/opt/airflow/dags/reports_etl_dag.py                           1           0  0.59s           2026-01-24T11:33:56
================================================================================
[2026-01-24T11:34:40.869+0000] {manager.py:878} INFO - 
================================================================================
DAG File Processing Stats

File Path                             PID    Runtime      # DAGs    # Errors  Last Runtime    Last Run
------------------------------------  -----  ---------  --------  ----------  --------------  -------------------
/opt/airflow/dags/reports_etl_dag.py                           1           0  0.54s           2026-01-24T11:34:27
================================================================================
[2026-01-24T11:35:11.190+0000] {manager.py:878} INFO - 
================================================================================
DAG File Processing Stats

File Path                             PID    Runtime      # DAGs    # Errors  Last Runtime    Last Run
------------------------------------  -----  ---------  --------  ----------  --------------  -------------------
/opt/airflow/dags/reports_etl_dag.py                           1           0  0.56s           2026-01-24T11:34:58
================================================================================
[2026-01-24T11:35:41.517+0000] {manager.py:878} INFO - 
================================================================================
DAG File Processing Stats

File Path                             PID    Runtime      # DAGs    # Errors  Last Runtime    Last Run
------------------------------------  -----  ---------  --------  ----------  --------------  -------------------
/opt/airflow/dags/reports_etl_dag.py                           1           0  0.48s           2026-01-24T11:35:28
================================================================================
[2026-01-24T11:36:00.734+0000] {manager.py:737} INFO - Searching for files in /opt/airflow/dags
[2026-01-24T11:36:00.749+0000] {manager.py:740} INFO - There are 1 files in /opt/airflow/dags
[2026-01-24T11:36:11.836+0000] {manager.py:878} INFO - 
================================================================================
DAG File Processing Stats

File Path                             PID    Runtime      # DAGs    # Errors  Last Runtime    Last Run
------------------------------------  -----  ---------  --------  ----------  --------------  -------------------
/opt/airflow/dags/reports_etl_dag.py                           1           0  0.69s           2026-01-24T11:35:59
================================================================================
[2026-01-24T11:36:42.080+0000] {manager.py:878} INFO - 
================================================================================
DAG File Processing Stats

File Path                             PID    Runtime      # DAGs    # Errors  Last Runtime    Last Run
------------------------------------  -----  ---------  --------  ----------  --------------  -------------------
/opt/airflow/dags/reports_etl_dag.py                           1           0  0.54s           2026-01-24T11:36:30
================================================================================
[2026-01-24T11:37:12.398+0000] {manager.py:878} INFO - 
================================================================================
DAG File Processing Stats

File Path                             PID    Runtime      # DAGs    # Errors  Last Runtime    Last Run
------------------------------------  -----  ---------  --------  ----------  --------------  -------------------
/opt/airflow/dags/reports_etl_dag.py                           1           0  0.54s           2026-01-24T11:37:01
================================================================================
[2026-01-24T11:37:42.716+0000] {manager.py:878} INFO - 
================================================================================
DAG File Processing Stats

File Path                             PID    Runtime      # DAGs    # Errors  Last Runtime    Last Run
------------------------------------  -----  ---------  --------  ----------  --------------  -------------------
/opt/airflow/dags/reports_etl_dag.py                           1           0  0.54s           2026-01-24T11:37:32
================================================================================
[2026-01-24T11:38:12.976+0000] {manager.py:878} INFO - 
================================================================================
DAG File Processing Stats

File Path                             PID    Runtime      # DAGs    # Errors  Last Runtime    Last Run
------------------------------------  -----  ---------  --------  ----------  --------------  -------------------
/opt/airflow/dags/reports_etl_dag.py                           1           0  0.53s           2026-01-24T11:38:02
================================================================================
[2026-01-24T11:38:43.308+0000] {manager.py:878} INFO - 
================================================================================
DAG File Processing Stats

File Path                             PID    Runtime      # DAGs    # Errors  Last Runtime    Last Run
------------------------------------  -----  ---------  --------  ----------  --------------  -------------------
/opt/airflow/dags/reports_etl_dag.py                           1           0  0.54s           2026-01-24T11:38:33
================================================================================
[2026-01-24T11:39:13.571+0000] {manager.py:878} INFO - 
================================================================================
DAG File Processing Stats

File Path                             PID    Runtime      # DAGs    # Errors  Last Runtime    Last Run
------------------------------------  -----  ---------  --------  ----------  --------------  -------------------
/opt/airflow/dags/reports_etl_dag.py                           1           0  0.53s           2026-01-24T11:39:04
================================================================================
[2026-01-24T11:39:43.865+0000] {manager.py:878} INFO - 
================================================================================
DAG File Processing Stats

File Path                             PID    Runtime      # DAGs    # Errors  Last Runtime    Last Run
------------------------------------  -----  ---------  --------  ----------  --------------  -------------------
/opt/airflow/dags/reports_etl_dag.py                           1           0  0.54s           2026-01-24T11:39:35
================================================================================
[2026-01-24T11:40:14.139+0000] {manager.py:878} INFO - 
================================================================================
DAG File Processing Stats

File Path                             PID    Runtime      # DAGs    # Errors  Last Runtime    Last Run
------------------------------------  -----  ---------  --------  ----------  --------------  -------------------
/opt/airflow/dags/reports_etl_dag.py                           1           0  0.55s           2026-01-24T11:40:06
================================================================================
[2026-01-24T11:40:44.466+0000] {manager.py:878} INFO - 
================================================================================
DAG File Processing Stats

File Path                             PID    Runtime      # DAGs    # Errors  Last Runtime    Last Run
------------------------------------  -----  ---------  --------  ----------  --------------  -------------------
/opt/airflow/dags/reports_etl_dag.py                           1           0  0.57s           2026-01-24T11:40:36
================================================================================
[2026-01-24T11:41:01.208+0000] {manager.py:737} INFO - Searching for files in /opt/airflow/dags
[2026-01-24T11:41:01.224+0000] {manager.py:740} INFO - There are 1 files in /opt/airflow/dags
[2026-01-24T11:41:14.715+0000] {manager.py:878} INFO - 
================================================================================
DAG File Processing Stats

File Path                             PID    Runtime      # DAGs    # Errors  Last Runtime    Last Run
------------------------------------  -----  ---------  --------  ----------  --------------  -------------------
/opt/airflow/dags/reports_etl_dag.py                           1           0  0.54s           2026-01-24T11:41:07
================================================================================
[2026-01-24T11:41:45.090+0000] {manager.py:878} INFO - 
================================================================================
DAG File Processing Stats

File Path                             PID    Runtime      # DAGs    # Errors  Last Runtime    Last Run
------------------------------------  -----  ---------  --------  ----------  --------------  -------------------
/opt/airflow/dags/reports_etl_dag.py                           1           0  0.53s           2026-01-24T11:41:38
================================================================================
[2026-01-24T11:42:15.318+0000] {manager.py:878} INFO - 
================================================================================
DAG File Processing Stats

File Path                             PID    Runtime      # DAGs    # Errors  Last Runtime    Last Run
------------------------------------  -----  ---------  --------  ----------  --------------  -------------------
/opt/airflow/dags/reports_etl_dag.py                           1           0  0.55s           2026-01-24T11:42:09
================================================================================
[2026-01-24T11:42:46.056+0000] {manager.py:878} INFO - 
================================================================================
DAG File Processing Stats

File Path                             PID    Runtime      # DAGs    # Errors  Last Runtime    Last Run
------------------------------------  -----  ---------  --------  ----------  --------------  -------------------
/opt/airflow/dags/reports_etl_dag.py                           1           0  0.56s           2026-01-24T11:42:40
================================================================================
[2026-01-24T11:43:16.438+0000] {manager.py:878} INFO - 
================================================================================
DAG File Processing Stats

File Path                             PID    Runtime      # DAGs    # Errors  Last Runtime    Last Run
------------------------------------  -----  ---------  --------  ----------  --------------  -------------------
/opt/airflow/dags/reports_etl_dag.py                           1           0  0.59s           2026-01-24T11:43:10
================================================================================
[2026-01-24T11:43:46.706+0000] {manager.py:878} INFO - 
================================================================================
DAG File Processing Stats

File Path                             PID    Runtime      # DAGs    # Errors  Last Runtime    Last Run
------------------------------------  -----  ---------  --------  ----------  --------------  -------------------
/opt/airflow/dags/reports_etl_dag.py                           1           0  0.57s           2026-01-24T11:43:41
================================================================================
[2026-01-24T11:44:17.003+0000] {manager.py:878} INFO - 
================================================================================
DAG File Processing Stats

File Path                             PID    Runtime      # DAGs    # Errors  Last Runtime    Last Run
------------------------------------  -----  ---------  --------  ----------  --------------  -------------------
/opt/airflow/dags/reports_etl_dag.py                           1           0  0.54s           2026-01-24T11:44:12
================================================================================
[2026-01-24T11:44:47.249+0000] {manager.py:878} INFO - 
================================================================================
DAG File Processing Stats

File Path                             PID    Runtime      # DAGs    # Errors  Last Runtime    Last Run
------------------------------------  -----  ---------  --------  ----------  --------------  -------------------
/opt/airflow/dags/reports_etl_dag.py                           1           0  0.53s           2026-01-24T11:44:43
================================================================================
[2026-01-24T11:45:17.595+0000] {manager.py:878} INFO - 
================================================================================
DAG File Processing Stats

File Path                             PID    Runtime      # DAGs    # Errors  Last Runtime    Last Run
------------------------------------  -----  ---------  --------  ----------  --------------  -------------------
/opt/airflow/dags/reports_etl_dag.py                           1           0  0.54s           2026-01-24T11:45:14
================================================================================
[2026-01-24T11:45:47.871+0000] {manager.py:878} INFO - 
================================================================================
DAG File Processing Stats

File Path                             PID    Runtime      # DAGs    # Errors  Last Runtime    Last Run
------------------------------------  -----  ---------  --------  ----------  --------------  -------------------
/opt/airflow/dags/reports_etl_dag.py                           1           0  0.52s           2026-01-24T11:45:44
================================================================================
[2026-01-24T11:46:02.061+0000] {manager.py:737} INFO - Searching for files in /opt/airflow/dags
[2026-01-24T11:46:02.076+0000] {manager.py:740} INFO - There are 1 files in /opt/airflow/dags
[2026-01-24T11:46:18.202+0000] {manager.py:878} INFO - 
================================================================================
DAG File Processing Stats

File Path                             PID    Runtime      # DAGs    # Errors  Last Runtime    Last Run
------------------------------------  -----  ---------  --------  ----------  --------------  -------------------
/opt/airflow/dags/reports_etl_dag.py                           1           0  0.54s           2026-01-24T11:46:15
================================================================================
[2026-01-24T11:46:48.458+0000] {manager.py:878} INFO - 
================================================================================
DAG File Processing Stats

File Path                             PID    Runtime      # DAGs    # Errors  Last Runtime    Last Run
------------------------------------  -----  ---------  --------  ----------  --------------  -------------------
/opt/airflow/dags/reports_etl_dag.py                           1           0  0.55s           2026-01-24T11:46:46
================================================================================
[2026-01-24T11:47:18.774+0000] {manager.py:878} INFO - 
================================================================================
DAG File Processing Stats

File Path                             PID    Runtime      # DAGs    # Errors  Last Runtime    Last Run
------------------------------------  -----  ---------  --------  ----------  --------------  -------------------
/opt/airflow/dags/reports_etl_dag.py                           1           0  0.55s           2026-01-24T11:47:17
================================================================================
[2026-01-24T11:47:49.019+0000] {manager.py:878} INFO - 
================================================================================
DAG File Processing Stats

File Path                             PID    Runtime      # DAGs    # Errors  Last Runtime    Last Run
------------------------------------  -----  ---------  --------  ----------  --------------  -------------------
/opt/airflow/dags/reports_etl_dag.py                           1           0  0.54s           2026-01-24T11:47:48
================================================================================
[2026-01-24T11:48:19.289+0000] {manager.py:878} INFO - 
================================================================================
DAG File Processing Stats

File Path                             PID    Runtime      # DAGs    # Errors  Last Runtime    Last Run
------------------------------------  -----  ---------  --------  ----------  --------------  -------------------
/opt/airflow/dags/reports_etl_dag.py                           1           0  0.54s           2026-01-24T11:48:18
================================================================================
[2026-01-24T11:48:49.573+0000] {manager.py:878} INFO - 
================================================================================
DAG File Processing Stats

File Path                               PID  Runtime      # DAGs    # Errors  Last Runtime    Last Run
------------------------------------  -----  ---------  --------  ----------  --------------  -------------------
/opt/airflow/dags/reports_etl_dag.py   1139  0.49s             1           0  0.54s           2026-01-24T11:48:18
================================================================================
[2026-01-24T11:49:19.860+0000] {manager.py:878} INFO - 
================================================================================
DAG File Processing Stats

File Path                               PID  Runtime      # DAGs    # Errors  Last Runtime    Last Run
------------------------------------  -----  ---------  --------  ----------  --------------  -------------------
/opt/airflow/dags/reports_etl_dag.py   1155  0.00s             1           0  0.55s           2026-01-24T11:48:49
================================================================================
[2026-01-24T11:49:50.122+0000] {manager.py:878} INFO - 
================================================================================
DAG File Processing Stats

File Path                             PID    Runtime      # DAGs    # Errors  Last Runtime    Last Run
------------------------------------  -----  ---------  --------  ----------  --------------  -------------------
/opt/airflow/dags/reports_etl_dag.py                           1           0  0.58s           2026-01-24T11:49:20
================================================================================
[2026-01-24T11:50:20.406+0000] {manager.py:878} INFO - 
================================================================================
DAG File Processing Stats

File Path                             PID    Runtime      # DAGs    # Errors  Last Runtime    Last Run
------------------------------------  -----  ---------  --------  ----------  --------------  -------------------
/opt/airflow/dags/reports_etl_dag.py                           1           0  0.54s           2026-01-24T11:49:51
================================================================================
[2026-01-24T11:50:50.729+0000] {manager.py:878} INFO - 
================================================================================
DAG File Processing Stats

File Path                             PID    Runtime      # DAGs    # Errors  Last Runtime    Last Run
------------------------------------  -----  ---------  --------  ----------  --------------  -------------------
/opt/airflow/dags/reports_etl_dag.py                           1           0  0.54s           2026-01-24T11:50:21
================================================================================
[2026-01-24T11:51:02.877+0000] {manager.py:737} INFO - Searching for files in /opt/airflow/dags
[2026-01-24T11:51:02.892+0000] {manager.py:740} INFO - There are 1 files in /opt/airflow/dags
[2026-01-24T11:51:20.988+0000] {manager.py:878} INFO - 
================================================================================
DAG File Processing Stats

File Path                             PID    Runtime      # DAGs    # Errors  Last Runtime    Last Run
------------------------------------  -----  ---------  --------  ----------  --------------  -------------------
/opt/airflow/dags/reports_etl_dag.py                           1           0  0.59s           2026-01-24T11:50:52
================================================================================
[2026-01-24T11:51:51.245+0000] {manager.py:878} INFO - 
================================================================================
DAG File Processing Stats

File Path                             PID    Runtime      # DAGs    # Errors  Last Runtime    Last Run
------------------------------------  -----  ---------  --------  ----------  --------------  -------------------
/opt/airflow/dags/reports_etl_dag.py                           1           0  0.54s           2026-01-24T11:51:23
================================================================================
[2026-01-24T11:52:21.496+0000] {manager.py:878} INFO - 
================================================================================
DAG File Processing Stats

File Path                             PID    Runtime      # DAGs    # Errors  Last Runtime    Last Run
------------------------------------  -----  ---------  --------  ----------  --------------  -------------------
/opt/airflow/dags/reports_etl_dag.py                           1           0  0.54s           2026-01-24T11:51:54
================================================================================
[2026-01-24T11:52:51.834+0000] {manager.py:878} INFO - 
================================================================================
DAG File Processing Stats

File Path                             PID    Runtime      # DAGs    # Errors  Last Runtime    Last Run
------------------------------------  -----  ---------  --------  ----------  --------------  -------------------
/opt/airflow/dags/reports_etl_dag.py                           1           0  0.54s           2026-01-24T11:52:25
================================================================================
[2026-01-24T11:53:22.116+0000] {manager.py:878} INFO - 
================================================================================
DAG File Processing Stats

File Path                             PID    Runtime      # DAGs    # Errors  Last Runtime    Last Run
------------------------------------  -----  ---------  --------  ----------  --------------  -------------------
/opt/airflow/dags/reports_etl_dag.py                           1           0  0.54s           2026-01-24T11:52:55
================================================================================
[2026-01-24T11:53:52.430+0000] {manager.py:878} INFO - 
================================================================================
DAG File Processing Stats

File Path                             PID    Runtime      # DAGs    # Errors  Last Runtime    Last Run
------------------------------------  -----  ---------  --------  ----------  --------------  -------------------
/opt/airflow/dags/reports_etl_dag.py                           1           0  0.53s           2026-01-24T11:53:26
================================================================================
[2026-01-24T11:54:22.676+0000] {manager.py:878} INFO - 
================================================================================
DAG File Processing Stats

File Path                             PID    Runtime      # DAGs    # Errors  Last Runtime    Last Run
------------------------------------  -----  ---------  --------  ----------  --------------  -------------------
/opt/airflow/dags/reports_etl_dag.py                           1           0  0.57s           2026-01-24T11:53:57
================================================================================
[2026-01-24T11:54:52.960+0000] {manager.py:878} INFO - 
================================================================================
DAG File Processing Stats

File Path                             PID    Runtime      # DAGs    # Errors  Last Runtime    Last Run
------------------------------------  -----  ---------  --------  ----------  --------------  -------------------
/opt/airflow/dags/reports_etl_dag.py                           1           0  0.57s           2026-01-24T11:54:28
================================================================================
[2026-01-24T11:55:23.223+0000] {manager.py:878} INFO - 
================================================================================
DAG File Processing Stats

File Path                             PID    Runtime      # DAGs    # Errors  Last Runtime    Last Run
------------------------------------  -----  ---------  --------  ----------  --------------  -------------------
/opt/airflow/dags/reports_etl_dag.py                           1           0  0.54s           2026-01-24T11:54:59
================================================================================
[2026-01-24T11:55:53.529+0000] {manager.py:878} INFO - 
================================================================================
DAG File Processing Stats

File Path                             PID    Runtime      # DAGs    # Errors  Last Runtime    Last Run
------------------------------------  -----  ---------  --------  ----------  --------------  -------------------
/opt/airflow/dags/reports_etl_dag.py                           1           0  0.55s           2026-01-24T11:55:29
================================================================================
[2026-01-24T11:56:03.647+0000] {manager.py:737} INFO - Searching for files in /opt/airflow/dags
[2026-01-24T11:56:03.662+0000] {manager.py:740} INFO - There are 1 files in /opt/airflow/dags
[2026-01-24T11:56:23.800+0000] {manager.py:878} INFO - 
================================================================================
DAG File Processing Stats

File Path                             PID    Runtime      # DAGs    # Errors  Last Runtime    Last Run
------------------------------------  -----  ---------  --------  ----------  --------------  -------------------
/opt/airflow/dags/reports_etl_dag.py                           1           0  0.58s           2026-01-24T11:56:00
================================================================================
[2026-01-24T11:56:54.176+0000] {manager.py:878} INFO - 
================================================================================
DAG File Processing Stats

File Path                             PID    Runtime      # DAGs    # Errors  Last Runtime    Last Run
------------------------------------  -----  ---------  --------  ----------  --------------  -------------------
/opt/airflow/dags/reports_etl_dag.py                           1           0  0.53s           2026-01-24T11:56:31
================================================================================
[2026-01-24T11:57:24.496+0000] {manager.py:878} INFO - 
================================================================================
DAG File Processing Stats

File Path                             PID    Runtime      # DAGs    # Errors  Last Runtime    Last Run
------------------------------------  -----  ---------  --------  ----------  --------------  -------------------
/opt/airflow/dags/reports_etl_dag.py                           1           0  0.60s           2026-01-24T11:57:02
================================================================================
[2026-01-24T11:57:54.748+0000] {manager.py:878} INFO - 
================================================================================
DAG File Processing Stats

File Path                             PID    Runtime      # DAGs    # Errors  Last Runtime    Last Run
------------------------------------  -----  ---------  --------  ----------  --------------  -------------------
/opt/airflow/dags/reports_etl_dag.py                           1           0  0.52s           2026-01-24T11:57:33
================================================================================
[2026-01-24T11:58:25.008+0000] {manager.py:878} INFO - 
================================================================================
DAG File Processing Stats

File Path                             PID    Runtime      # DAGs    # Errors  Last Runtime    Last Run
------------------------------------  -----  ---------  --------  ----------  --------------  -------------------
/opt/airflow/dags/reports_etl_dag.py                           1           0  0.56s           2026-01-24T11:58:03
================================================================================
[2026-01-24T11:58:55.311+0000] {manager.py:878} INFO - 
================================================================================
DAG File Processing Stats

File Path                             PID    Runtime      # DAGs    # Errors  Last Runtime    Last Run
------------------------------------  -----  ---------  --------  ----------  --------------  -------------------
/opt/airflow/dags/reports_etl_dag.py                           1           0  0.53s           2026-01-24T11:58:34
================================================================================
[2026-01-24T11:59:25.589+0000] {manager.py:878} INFO - 
================================================================================
DAG File Processing Stats

File Path                             PID    Runtime      # DAGs    # Errors  Last Runtime    Last Run
------------------------------------  -----  ---------  --------  ----------  --------------  -------------------
/opt/airflow/dags/reports_etl_dag.py                           1           0  0.60s           2026-01-24T11:59:05
================================================================================
[2026-01-24T11:59:55.853+0000] {manager.py:878} INFO - 
================================================================================
DAG File Processing Stats

File Path                             PID    Runtime      # DAGs    # Errors  Last Runtime    Last Run
------------------------------------  -----  ---------  --------  ----------  --------------  -------------------
/opt/airflow/dags/reports_etl_dag.py                           1           0  0.60s           2026-01-24T11:59:36
================================================================================
[2026-01-24T12:00:26.081+0000] {manager.py:878} INFO - 
================================================================================
DAG File Processing Stats

File Path                             PID    Runtime      # DAGs    # Errors  Last Runtime    Last Run
------------------------------------  -----  ---------  --------  ----------  --------------  -------------------
/opt/airflow/dags/reports_etl_dag.py                           1           0  0.53s           2026-01-24T12:00:07
================================================================================
[2026-01-24T12:00:56.475+0000] {manager.py:878} INFO - 
================================================================================
DAG File Processing Stats

File Path                             PID    Runtime      # DAGs    # Errors  Last Runtime    Last Run
------------------------------------  -----  ---------  --------  ----------  --------------  -------------------
/opt/airflow/dags/reports_etl_dag.py                           1           0  0.56s           2026-01-24T12:00:37
================================================================================
[2026-01-24T12:01:03.984+0000] {manager.py:737} INFO - Searching for files in /opt/airflow/dags
[2026-01-24T12:01:03.999+0000] {manager.py:740} INFO - There are 1 files in /opt/airflow/dags
[2026-01-24T12:01:26.680+0000] {manager.py:878} INFO - 
================================================================================
DAG File Processing Stats

File Path                             PID    Runtime      # DAGs    # Errors  Last Runtime    Last Run
------------------------------------  -----  ---------  --------  ----------  --------------  -------------------
/opt/airflow/dags/reports_etl_dag.py                           1           0  0.53s           2026-01-24T12:01:08
================================================================================
[2026-01-24T12:01:57.434+0000] {manager.py:878} INFO - 
================================================================================
DAG File Processing Stats

File Path                             PID    Runtime      # DAGs    # Errors  Last Runtime    Last Run
------------------------------------  -----  ---------  --------  ----------  --------------  -------------------
/opt/airflow/dags/reports_etl_dag.py                           1           0  0.52s           2026-01-24T12:01:39
================================================================================
[2026-01-24T12:02:27.722+0000] {manager.py:878} INFO - 
================================================================================
DAG File Processing Stats

File Path                             PID    Runtime      # DAGs    # Errors  Last Runtime    Last Run
------------------------------------  -----  ---------  --------  ----------  --------------  -------------------
/opt/airflow/dags/reports_etl_dag.py                           1           0  0.54s           2026-01-24T12:02:10
================================================================================
[2026-01-24T12:02:57.998+0000] {manager.py:878} INFO - 
================================================================================
DAG File Processing Stats

File Path                             PID    Runtime      # DAGs    # Errors  Last Runtime    Last Run
------------------------------------  -----  ---------  --------  ----------  --------------  -------------------
/opt/airflow/dags/reports_etl_dag.py                           1           0  0.59s           2026-01-24T12:02:41
================================================================================
[2026-01-24T12:03:28.327+0000] {manager.py:878} INFO - 
================================================================================
DAG File Processing Stats

File Path                             PID    Runtime      # DAGs    # Errors  Last Runtime    Last Run
------------------------------------  -----  ---------  --------  ----------  --------------  -------------------
/opt/airflow/dags/reports_etl_dag.py                           1           0  0.54s           2026-01-24T12:03:11
================================================================================
[2026-01-24T12:03:58.575+0000] {manager.py:878} INFO - 
================================================================================
DAG File Processing Stats

File Path                             PID    Runtime      # DAGs    # Errors  Last Runtime    Last Run
------------------------------------  -----  ---------  --------  ----------  --------------  -------------------
/opt/airflow/dags/reports_etl_dag.py                           1           0  0.54s           2026-01-24T12:03:42
================================================================================
[2026-01-24T12:04:28.836+0000] {manager.py:878} INFO - 
================================================================================
DAG File Processing Stats

File Path                             PID    Runtime      # DAGs    # Errors  Last Runtime    Last Run
------------------------------------  -----  ---------  --------  ----------  --------------  -------------------
/opt/airflow/dags/reports_etl_dag.py                           1           0  0.55s           2026-01-24T12:04:13
================================================================================
[2026-01-24T12:04:59.075+0000] {manager.py:878} INFO - 
================================================================================
DAG File Processing Stats

File Path                             PID    Runtime      # DAGs    # Errors  Last Runtime    Last Run
------------------------------------  -----  ---------  --------  ----------  --------------  -------------------
/opt/airflow/dags/reports_etl_dag.py                           1           0  0.55s           2026-01-24T12:04:44
================================================================================
[2026-01-24T12:05:29.483+0000] {manager.py:878} INFO - 
================================================================================
DAG File Processing Stats

File Path                             PID    Runtime      # DAGs    # Errors  Last Runtime    Last Run
------------------------------------  -----  ---------  --------  ----------  --------------  -------------------
/opt/airflow/dags/reports_etl_dag.py                           1           0  0.53s           2026-01-24T12:05:14
================================================================================
[2026-01-24T12:05:59.702+0000] {manager.py:878} INFO - 
================================================================================
DAG File Processing Stats

File Path                             PID    Runtime      # DAGs    # Errors  Last Runtime    Last Run
------------------------------------  -----  ---------  --------  ----------  --------------  -------------------
/opt/airflow/dags/reports_etl_dag.py                           1           0  0.54s           2026-01-24T12:05:45
================================================================================
[2026-01-24T12:06:04.133+0000] {manager.py:737} INFO - Searching for files in /opt/airflow/dags
[2026-01-24T12:06:04.147+0000] {manager.py:740} INFO - There are 1 files in /opt/airflow/dags
[2026-01-24T12:06:30.356+0000] {manager.py:878} INFO - 
================================================================================
DAG File Processing Stats

File Path                             PID    Runtime      # DAGs    # Errors  Last Runtime    Last Run
------------------------------------  -----  ---------  --------  ----------  --------------  -------------------
/opt/airflow/dags/reports_etl_dag.py                           1           0  0.55s           2026-01-24T12:06:16
================================================================================
[2026-01-24T12:07:00.714+0000] {manager.py:878} INFO - 
================================================================================
DAG File Processing Stats

File Path                             PID    Runtime      # DAGs    # Errors  Last Runtime    Last Run
------------------------------------  -----  ---------  --------  ----------  --------------  -------------------
/opt/airflow/dags/reports_etl_dag.py                           1           0  0.57s           2026-01-24T12:06:47
================================================================================
[2026-01-24T12:07:30.951+0000] {manager.py:878} INFO - 
================================================================================
DAG File Processing Stats

File Path                             PID    Runtime      # DAGs    # Errors  Last Runtime    Last Run
------------------------------------  -----  ---------  --------  ----------  --------------  -------------------
/opt/airflow/dags/reports_etl_dag.py                           1           0  0.52s           2026-01-24T12:07:17
================================================================================
[2026-01-24T12:08:01.648+0000] {manager.py:878} INFO - 
================================================================================
DAG File Processing Stats

File Path                             PID    Runtime      # DAGs    # Errors  Last Runtime    Last Run
------------------------------------  -----  ---------  --------  ----------  --------------  -------------------
/opt/airflow/dags/reports_etl_dag.py                           1           0  0.54s           2026-01-24T12:07:48
================================================================================
[2026-01-24T12:08:31.944+0000] {manager.py:878} INFO - 
================================================================================
DAG File Processing Stats

File Path                             PID    Runtime      # DAGs    # Errors  Last Runtime    Last Run
------------------------------------  -----  ---------  --------  ----------  --------------  -------------------
/opt/airflow/dags/reports_etl_dag.py                           1           0  0.53s           2026-01-24T12:08:19
================================================================================
[2026-01-24T12:09:02.190+0000] {manager.py:878} INFO - 
================================================================================
DAG File Processing Stats

File Path                             PID    Runtime      # DAGs    # Errors  Last Runtime    Last Run
------------------------------------  -----  ---------  --------  ----------  --------------  -------------------
/opt/airflow/dags/reports_etl_dag.py                           1           0  0.56s           2026-01-24T12:08:50
================================================================================
[2026-01-24T12:09:32.508+0000] {manager.py:878} INFO - 
================================================================================
DAG File Processing Stats

File Path                             PID    Runtime      # DAGs    # Errors  Last Runtime    Last Run
------------------------------------  -----  ---------  --------  ----------  --------------  -------------------
/opt/airflow/dags/reports_etl_dag.py                           1           0  0.54s           2026-01-24T12:09:20
================================================================================
[2026-01-24T12:10:02.767+0000] {manager.py:878} INFO - 
================================================================================
DAG File Processing Stats

File Path                             PID    Runtime      # DAGs    # Errors  Last Runtime    Last Run
------------------------------------  -----  ---------  --------  ----------  --------------  -------------------
/opt/airflow/dags/reports_etl_dag.py                           1           0  0.60s           2026-01-24T12:09:51
================================================================================
[2026-01-24T12:10:33.074+0000] {manager.py:878} INFO - 
================================================================================
DAG File Processing Stats

File Path                             PID    Runtime      # DAGs    # Errors  Last Runtime    Last Run
------------------------------------  -----  ---------  --------  ----------  --------------  -------------------
/opt/airflow/dags/reports_etl_dag.py                           1           0  0.54s           2026-01-24T12:10:22
================================================================================
[2026-01-24T12:11:03.303+0000] {manager.py:878} INFO - 
================================================================================
DAG File Processing Stats

File Path                             PID    Runtime      # DAGs    # Errors  Last Runtime    Last Run
------------------------------------  -----  ---------  --------  ----------  --------------  -------------------
/opt/airflow/dags/reports_etl_dag.py                           1           0  0.59s           2026-01-24T12:10:53
================================================================================
[2026-01-24T12:11:04.307+0000] {manager.py:737} INFO - Searching for files in /opt/airflow/dags
[2026-01-24T12:11:04.322+0000] {manager.py:740} INFO - There are 1 files in /opt/airflow/dags
[2026-01-24T12:11:33.639+0000] {manager.py:878} INFO - 
================================================================================
DAG File Processing Stats

File Path                             PID    Runtime      # DAGs    # Errors  Last Runtime    Last Run
------------------------------------  -----  ---------  --------  ----------  --------------  -------------------
/opt/airflow/dags/reports_etl_dag.py                           1           0  0.54s           2026-01-24T12:11:24
================================================================================
[2026-01-24T12:12:03.922+0000] {manager.py:878} INFO - 
================================================================================
DAG File Processing Stats

File Path                             PID    Runtime      # DAGs    # Errors  Last Runtime    Last Run
------------------------------------  -----  ---------  --------  ----------  --------------  -------------------
/opt/airflow/dags/reports_etl_dag.py                           1           0  0.58s           2026-01-24T12:11:54
================================================================================
[2026-01-24T12:12:34.150+0000] {manager.py:878} INFO - 
================================================================================
DAG File Processing Stats

File Path                             PID    Runtime      # DAGs    # Errors  Last Runtime    Last Run
------------------------------------  -----  ---------  --------  ----------  --------------  -------------------
/opt/airflow/dags/reports_etl_dag.py                           1           0  0.52s           2026-01-24T12:12:25
================================================================================
[2026-01-24T12:13:04.381+0000] {manager.py:878} INFO - 
================================================================================
DAG File Processing Stats

File Path                             PID    Runtime      # DAGs    # Errors  Last Runtime    Last Run
------------------------------------  -----  ---------  --------  ----------  --------------  -------------------
/opt/airflow/dags/reports_etl_dag.py                           1           0  0.55s           2026-01-24T12:12:56
================================================================================
[2026-01-24T12:13:34.602+0000] {manager.py:878} INFO - 
================================================================================
DAG File Processing Stats

File Path                             PID    Runtime      # DAGs    # Errors  Last Runtime    Last Run
------------------------------------  -----  ---------  --------  ----------  --------------  -------------------
/opt/airflow/dags/reports_etl_dag.py                           1           0  0.53s           2026-01-24T12:13:27
================================================================================
[2026-01-24T12:14:04.825+0000] {manager.py:878} INFO - 
================================================================================
DAG File Processing Stats

File Path                             PID    Runtime      # DAGs    # Errors  Last Runtime    Last Run
------------------------------------  -----  ---------  --------  ----------  --------------  -------------------
/opt/airflow/dags/reports_etl_dag.py                           1           0  0.52s           2026-01-24T12:13:57
================================================================================
[2026-01-24T12:14:35.101+0000] {manager.py:878} INFO - 
================================================================================
DAG File Processing Stats

File Path                             PID    Runtime      # DAGs    # Errors  Last Runtime    Last Run
------------------------------------  -----  ---------  --------  ----------  --------------  -------------------
/opt/airflow/dags/reports_etl_dag.py                           1           0  0.57s           2026-01-24T12:14:28
================================================================================
[2026-01-24T12:15:05.427+0000] {manager.py:878} INFO - 
================================================================================
DAG File Processing Stats

File Path                             PID    Runtime      # DAGs    # Errors  Last Runtime    Last Run
------------------------------------  -----  ---------  --------  ----------  --------------  -------------------
/opt/airflow/dags/reports_etl_dag.py                           1           0  0.64s           2026-01-24T12:14:59
================================================================================
[2026-01-24T12:15:35.816+0000] {manager.py:878} INFO - 
================================================================================
DAG File Processing Stats

File Path                             PID    Runtime      # DAGs    # Errors  Last Runtime    Last Run
------------------------------------  -----  ---------  --------  ----------  --------------  -------------------
/opt/airflow/dags/reports_etl_dag.py                           1           0  0.57s           2026-01-24T12:15:30
================================================================================
[2026-01-24T12:16:04.390+0000] {manager.py:737} INFO - Searching for files in /opt/airflow/dags
[2026-01-24T12:16:04.408+0000] {manager.py:740} INFO - There are 1 files in /opt/airflow/dags
[2026-01-24T12:16:05.968+0000] {manager.py:878} INFO - 
================================================================================
DAG File Processing Stats

File Path                             PID    Runtime      # DAGs    # Errors  Last Runtime    Last Run
------------------------------------  -----  ---------  --------  ----------  --------------  -------------------
/opt/airflow/dags/reports_etl_dag.py                           1           0  0.53s           2026-01-24T12:16:00
================================================================================
[2026-01-24T12:16:36.665+0000] {manager.py:878} INFO - 
================================================================================
DAG File Processing Stats

File Path                             PID    Runtime      # DAGs    # Errors  Last Runtime    Last Run
------------------------------------  -----  ---------  --------  ----------  --------------  -------------------
/opt/airflow/dags/reports_etl_dag.py                           1           0  0.57s           2026-01-24T12:16:31
================================================================================
[2026-01-24T12:17:06.936+0000] {manager.py:878} INFO - 
================================================================================
DAG File Processing Stats

File Path                             PID    Runtime      # DAGs    # Errors  Last Runtime    Last Run
------------------------------------  -----  ---------  --------  ----------  --------------  -------------------
/opt/airflow/dags/reports_etl_dag.py                           1           0  0.59s           2026-01-24T12:17:02
================================================================================
[2026-01-24T12:17:37.124+0000] {manager.py:878} INFO - 
================================================================================
DAG File Processing Stats

File Path                             PID    Runtime      # DAGs    # Errors  Last Runtime    Last Run
------------------------------------  -----  ---------  --------  ----------  --------------  -------------------
/opt/airflow/dags/reports_etl_dag.py                           1           0  0.55s           2026-01-24T12:17:33
================================================================================
[2026-01-24T12:18:07.385+0000] {manager.py:878} INFO - 
================================================================================
DAG File Processing Stats

File Path                             PID    Runtime      # DAGs    # Errors  Last Runtime    Last Run
------------------------------------  -----  ---------  --------  ----------  --------------  -------------------
/opt/airflow/dags/reports_etl_dag.py                           1           0  0.53s           2026-01-24T12:18:03
================================================================================
[2026-01-24T12:18:37.594+0000] {manager.py:878} INFO - 
================================================================================
DAG File Processing Stats

File Path                             PID    Runtime      # DAGs    # Errors  Last Runtime    Last Run
------------------------------------  -----  ---------  --------  ----------  --------------  -------------------
/opt/airflow/dags/reports_etl_dag.py                           1           0  0.57s           2026-01-24T12:18:34
================================================================================
[2026-01-24T12:19:07.818+0000] {manager.py:878} INFO - 
================================================================================
DAG File Processing Stats

File Path                             PID    Runtime      # DAGs    # Errors  Last Runtime    Last Run
------------------------------------  -----  ---------  --------  ----------  --------------  -------------------
/opt/airflow/dags/reports_etl_dag.py                           1           0  0.55s           2026-01-24T12:19:05
================================================================================
[2026-01-24T12:19:38.000+0000] {manager.py:878} INFO - 
================================================================================
DAG File Processing Stats

File Path                             PID    Runtime      # DAGs    # Errors  Last Runtime    Last Run
------------------------------------  -----  ---------  --------  ----------  --------------  -------------------
/opt/airflow/dags/reports_etl_dag.py                           1           0  0.58s           2026-01-24T12:19:36
================================================================================
[2026-01-24T12:20:08.284+0000] {manager.py:878} INFO - 
================================================================================
DAG File Processing Stats

File Path                             PID    Runtime      # DAGs    # Errors  Last Runtime    Last Run
------------------------------------  -----  ---------  --------  ----------  --------------  -------------------
/opt/airflow/dags/reports_etl_dag.py                           1           0  0.54s           2026-01-24T12:20:06
================================================================================
[2026-01-24T12:20:38.447+0000] {manager.py:878} INFO - 
================================================================================
DAG File Processing Stats

File Path                             PID    Runtime      # DAGs    # Errors  Last Runtime    Last Run
------------------------------------  -----  ---------  --------  ----------  --------------  -------------------
/opt/airflow/dags/reports_etl_dag.py                           1           0  0.53s           2026-01-24T12:20:37
================================================================================
[2026-01-24T12:21:04.572+0000] {manager.py:737} INFO - Searching for files in /opt/airflow/dags
[2026-01-24T12:21:04.588+0000] {manager.py:740} INFO - There are 1 files in /opt/airflow/dags
[2026-01-24T12:21:09.105+0000] {manager.py:878} INFO - 
================================================================================
DAG File Processing Stats

File Path                             PID    Runtime      # DAGs    # Errors  Last Runtime    Last Run
------------------------------------  -----  ---------  --------  ----------  --------------  -------------------
/opt/airflow/dags/reports_etl_dag.py                           1           0  0.57s           2026-01-24T12:21:08
================================================================================
[2026-01-24T12:21:39.433+0000] {manager.py:878} INFO - 
================================================================================
DAG File Processing Stats

File Path                             PID    Runtime      # DAGs    # Errors  Last Runtime    Last Run
------------------------------------  -----  ---------  --------  ----------  --------------  -------------------
/opt/airflow/dags/reports_etl_dag.py                           1           0  0.48s           2026-01-24T12:21:38
================================================================================
[2026-01-24T12:22:09.577+0000] {manager.py:878} INFO - 
================================================================================
DAG File Processing Stats

File Path                             PID    Runtime      # DAGs    # Errors  Last Runtime    Last Run
------------------------------------  -----  ---------  --------  ----------  --------------  -------------------
/opt/airflow/dags/reports_etl_dag.py                           1           0  0.48s           2026-01-24T12:22:09
================================================================================
[2026-01-24T12:22:39.782+0000] {manager.py:878} INFO - 
================================================================================
DAG File Processing Stats

File Path                               PID  Runtime      # DAGs    # Errors  Last Runtime    Last Run
------------------------------------  -----  ---------  --------  ----------  --------------  -------------------
/opt/airflow/dags/reports_etl_dag.py   2119  0.00s             1           0  0.48s           2026-01-24T12:22:09
================================================================================
[2026-01-24T12:23:09.957+0000] {manager.py:878} INFO - 
================================================================================
DAG File Processing Stats

File Path                             PID    Runtime      # DAGs    # Errors  Last Runtime    Last Run
------------------------------------  -----  ---------  --------  ----------  --------------  -------------------
/opt/airflow/dags/reports_etl_dag.py                           1           0  0.47s           2026-01-24T12:22:40
================================================================================
[2026-01-24T12:23:40.084+0000] {manager.py:878} INFO - 
================================================================================
DAG File Processing Stats

File Path                             PID    Runtime      # DAGs    # Errors  Last Runtime    Last Run
------------------------------------  -----  ---------  --------  ----------  --------------  -------------------
/opt/airflow/dags/reports_etl_dag.py                           1           0  0.46s           2026-01-24T12:23:10
================================================================================
[2026-01-24T12:24:10.304+0000] {manager.py:878} INFO - 
================================================================================
DAG File Processing Stats

File Path                             PID    Runtime      # DAGs    # Errors  Last Runtime    Last Run
------------------------------------  -----  ---------  --------  ----------  --------------  -------------------
/opt/airflow/dags/reports_etl_dag.py                           1           0  0.45s           2026-01-24T12:23:41
================================================================================
[2026-01-24T12:24:40.393+0000] {manager.py:878} INFO - 
================================================================================
DAG File Processing Stats

File Path                             PID    Runtime      # DAGs    # Errors  Last Runtime    Last Run
------------------------------------  -----  ---------  --------  ----------  --------------  -------------------
/opt/airflow/dags/reports_etl_dag.py                           1           0  0.46s           2026-01-24T12:24:12
================================================================================
[2026-01-24T12:25:10.619+0000] {manager.py:878} INFO - 
================================================================================
DAG File Processing Stats

File Path                             PID    Runtime      # DAGs    # Errors  Last Runtime    Last Run
------------------------------------  -----  ---------  --------  ----------  --------------  -------------------
/opt/airflow/dags/reports_etl_dag.py                           1           0  0.46s           2026-01-24T12:24:42
================================================================================
[2026-01-24T12:25:40.705+0000] {manager.py:878} INFO - 
================================================================================
DAG File Processing Stats

File Path                             PID    Runtime      # DAGs    # Errors  Last Runtime    Last Run
------------------------------------  -----  ---------  --------  ----------  --------------  -------------------
/opt/airflow/dags/reports_etl_dag.py                           1           0  0.44s           2026-01-24T12:25:13
================================================================================
[2026-01-24T12:26:04.874+0000] {manager.py:737} INFO - Searching for files in /opt/airflow/dags
[2026-01-24T12:26:04.891+0000] {manager.py:740} INFO - There are 1 files in /opt/airflow/dags
[2026-01-24T12:26:10.961+0000] {manager.py:878} INFO - 
================================================================================
DAG File Processing Stats

File Path                             PID    Runtime      # DAGs    # Errors  Last Runtime    Last Run
------------------------------------  -----  ---------  --------  ----------  --------------  -------------------
/opt/airflow/dags/reports_etl_dag.py                           1           0  0.45s           2026-01-24T12:25:44
================================================================================
[2026-01-24T12:26:41.593+0000] {manager.py:878} INFO - 
================================================================================
DAG File Processing Stats

File Path                             PID    Runtime      # DAGs    # Errors  Last Runtime    Last Run
------------------------------------  -----  ---------  --------  ----------  --------------  -------------------
/opt/airflow/dags/reports_etl_dag.py                           1           0  0.44s           2026-01-24T12:26:14
================================================================================
[2026-01-24T12:27:11.637+0000] {manager.py:878} INFO - 
================================================================================
DAG File Processing Stats

File Path                             PID    Runtime      # DAGs    # Errors  Last Runtime    Last Run
------------------------------------  -----  ---------  --------  ----------  --------------  -------------------
/opt/airflow/dags/reports_etl_dag.py                           1           0  0.44s           2026-01-24T12:26:45
================================================================================
[2026-01-24T12:27:41.893+0000] {manager.py:878} INFO - 
================================================================================
DAG File Processing Stats

File Path                             PID    Runtime      # DAGs    # Errors  Last Runtime    Last Run
------------------------------------  -----  ---------  --------  ----------  --------------  -------------------
/opt/airflow/dags/reports_etl_dag.py                           1           0  0.45s           2026-01-24T12:27:16
================================================================================
[2026-01-24T12:28:12.031+0000] {manager.py:878} INFO - 
================================================================================
DAG File Processing Stats

File Path                             PID    Runtime      # DAGs    # Errors  Last Runtime    Last Run
------------------------------------  -----  ---------  --------  ----------  --------------  -------------------
/opt/airflow/dags/reports_etl_dag.py                           1           0  0.44s           2026-01-24T12:27:46
================================================================================
[2026-01-24T12:28:42.220+0000] {manager.py:878} INFO - 
================================================================================
DAG File Processing Stats

File Path                             PID    Runtime      # DAGs    # Errors  Last Runtime    Last Run
------------------------------------  -----  ---------  --------  ----------  --------------  -------------------
/opt/airflow/dags/reports_etl_dag.py                           1           0  0.45s           2026-01-24T12:28:17
================================================================================
[2026-01-24T12:29:12.349+0000] {manager.py:878} INFO - 
================================================================================
DAG File Processing Stats

File Path                             PID    Runtime      # DAGs    # Errors  Last Runtime    Last Run
------------------------------------  -----  ---------  --------  ----------  --------------  -------------------
/opt/airflow/dags/reports_etl_dag.py                           1           0  0.46s           2026-01-24T12:28:48
================================================================================
[2026-01-24T12:29:42.583+0000] {manager.py:878} INFO - 
================================================================================
DAG File Processing Stats

File Path                             PID    Runtime      # DAGs    # Errors  Last Runtime    Last Run
------------------------------------  -----  ---------  --------  ----------  --------------  -------------------
/opt/airflow/dags/reports_etl_dag.py                           1           0  0.44s           2026-01-24T12:29:18
================================================================================
[2026-01-24T12:30:07.263+0000] {manager.py:452} INFO - Exiting gracefully upon receiving signal 15
[2026-01-24T12:31:00.160+0000] {manager.py:470} INFO - Processing files using up to 2 processes at a time 
[2026-01-24T12:31:00.161+0000] {manager.py:471} INFO - Process each file at most once every 30 seconds
[2026-01-24T12:31:00.161+0000] {manager.py:472} INFO - Checking for new files in /opt/airflow/dags every 300 seconds
[2026-01-24T12:31:00.162+0000] {manager.py:737} INFO - Searching for files in /opt/airflow/dags
[2026-01-24T12:31:00.178+0000] {manager.py:740} INFO - There are 1 files in /opt/airflow/dags
[2026-01-24T12:31:00.272+0000] {manager.py:878} INFO - 
================================================================================
DAG File Processing Stats

File Path                               PID  Runtime      # DAGs    # Errors  Last Runtime    Last Run
------------------------------------  -----  ---------  --------  ----------  --------------  ----------
/opt/airflow/dags/reports_etl_dag.py    172  0.03s             0           0
================================================================================
[2026-01-24T12:31:30.465+0000] {manager.py:878} INFO - 
================================================================================
DAG File Processing Stats

File Path                             PID    Runtime      # DAGs    # Errors  Last Runtime    Last Run
------------------------------------  -----  ---------  --------  ----------  --------------  -------------------
/opt/airflow/dags/reports_etl_dag.py                           1           0  1.16s           2026-01-24T12:31:01
================================================================================
[2026-01-24T12:32:00.749+0000] {manager.py:878} INFO - 
================================================================================
DAG File Processing Stats

File Path                             PID    Runtime      # DAGs    # Errors  Last Runtime    Last Run
------------------------------------  -----  ---------  --------  ----------  --------------  -------------------
/opt/airflow/dags/reports_etl_dag.py                           1           0  0.46s           2026-01-24T12:31:31
================================================================================
[2026-01-24T12:32:30.876+0000] {manager.py:878} INFO - 
================================================================================
DAG File Processing Stats

File Path                             PID    Runtime      # DAGs    # Errors  Last Runtime    Last Run
------------------------------------  -----  ---------  --------  ----------  --------------  -------------------
/opt/airflow/dags/reports_etl_dag.py                           1           0  0.49s           2026-01-24T12:32:27
================================================================================
[2026-01-24T12:33:01.124+0000] {manager.py:878} INFO - 
================================================================================
DAG File Processing Stats

File Path                             PID    Runtime      # DAGs    # Errors  Last Runtime    Last Run
------------------------------------  -----  ---------  --------  ----------  --------------  -------------------
/opt/airflow/dags/reports_etl_dag.py                           1           0  0.51s           2026-01-24T12:32:47
================================================================================
[2026-01-24T12:33:31.265+0000] {manager.py:878} INFO - 
================================================================================
DAG File Processing Stats

File Path                             PID    Runtime      # DAGs    # Errors  Last Runtime    Last Run
------------------------------------  -----  ---------  --------  ----------  --------------  -------------------
/opt/airflow/dags/reports_etl_dag.py                           1           0  0.46s           2026-01-24T12:33:18
================================================================================
[2026-01-24T12:34:01.465+0000] {manager.py:878} INFO - 
================================================================================
DAG File Processing Stats

File Path                             PID    Runtime      # DAGs    # Errors  Last Runtime    Last Run
------------------------------------  -----  ---------  --------  ----------  --------------  -------------------
/opt/airflow/dags/reports_etl_dag.py                           1           0  0.45s           2026-01-24T12:33:48
================================================================================
[2026-01-24T12:34:21.909+0000] {manager.py:452} INFO - Exiting gracefully upon receiving signal 15
[2026-01-24T12:35:14.904+0000] {manager.py:470} INFO - Processing files using up to 2 processes at a time 
[2026-01-24T12:35:14.905+0000] {manager.py:471} INFO - Process each file at most once every 30 seconds
[2026-01-24T12:35:14.905+0000] {manager.py:472} INFO - Checking for new files in /opt/airflow/dags every 300 seconds
[2026-01-24T12:35:14.906+0000] {manager.py:737} INFO - Searching for files in /opt/airflow/dags
[2026-01-24T12:35:14.922+0000] {manager.py:740} INFO - There are 1 files in /opt/airflow/dags
[2026-01-24T12:35:15.027+0000] {manager.py:878} INFO - 
================================================================================
DAG File Processing Stats

File Path                               PID  Runtime      # DAGs    # Errors  Last Runtime    Last Run
------------------------------------  -----  ---------  --------  ----------  --------------  ----------
/opt/airflow/dags/reports_etl_dag.py    172  0.04s             0           0
================================================================================
[2026-01-24T12:35:45.203+0000] {manager.py:878} INFO - 
================================================================================
DAG File Processing Stats

File Path                             PID    Runtime      # DAGs    # Errors  Last Runtime    Last Run
------------------------------------  -----  ---------  --------  ----------  --------------  -------------------
/opt/airflow/dags/reports_etl_dag.py                           1           0  1.25s           2026-01-24T12:35:16
================================================================================
[2026-01-24T12:36:15.591+0000] {manager.py:878} INFO - 
================================================================================
DAG File Processing Stats

File Path                             PID    Runtime      # DAGs    # Errors  Last Runtime    Last Run
------------------------------------  -----  ---------  --------  ----------  --------------  -------------------
/opt/airflow/dags/reports_etl_dag.py                           1           0  0.44s           2026-01-24T12:35:46
================================================================================
[2026-01-24T12:36:45.720+0000] {manager.py:878} INFO - 
================================================================================
DAG File Processing Stats

File Path                             PID    Runtime      # DAGs    # Errors  Last Runtime    Last Run
------------------------------------  -----  ---------  --------  ----------  --------------  -------------------
/opt/airflow/dags/reports_etl_dag.py                           1           0  0.45s           2026-01-24T12:36:17
================================================================================
[2026-01-24T12:37:15.897+0000] {manager.py:878} INFO - 
================================================================================
DAG File Processing Stats

File Path                             PID    Runtime      # DAGs    # Errors  Last Runtime    Last Run
------------------------------------  -----  ---------  --------  ----------  --------------  -------------------
/opt/airflow/dags/reports_etl_dag.py                           1           0  0.46s           2026-01-24T12:36:48
================================================================================
[2026-01-24T12:37:46.002+0000] {manager.py:878} INFO - 
================================================================================
DAG File Processing Stats

File Path                             PID    Runtime      # DAGs    # Errors  Last Runtime    Last Run
------------------------------------  -----  ---------  --------  ----------  --------------  -------------------
/opt/airflow/dags/reports_etl_dag.py                           1           0  0.45s           2026-01-24T12:37:18
================================================================================
[2026-01-24T12:38:16.215+0000] {manager.py:878} INFO - 
================================================================================
DAG File Processing Stats

File Path                             PID    Runtime      # DAGs    # Errors  Last Runtime    Last Run
------------------------------------  -----  ---------  --------  ----------  --------------  -------------------
/opt/airflow/dags/reports_etl_dag.py                           1           0  0.49s           2026-01-24T12:37:49
================================================================================
[2026-01-24T12:38:46.240+0000] {manager.py:878} INFO - 
================================================================================
DAG File Processing Stats

File Path                             PID    Runtime      # DAGs    # Errors  Last Runtime    Last Run
------------------------------------  -----  ---------  --------  ----------  --------------  -------------------
/opt/airflow/dags/reports_etl_dag.py                           1           0  0.44s           2026-01-24T12:38:20
================================================================================
[2026-01-24T12:39:16.404+0000] {manager.py:878} INFO - 
================================================================================
DAG File Processing Stats

File Path                             PID    Runtime      # DAGs    # Errors  Last Runtime    Last Run
------------------------------------  -----  ---------  --------  ----------  --------------  -------------------
/opt/airflow/dags/reports_etl_dag.py                           1           0  0.53s           2026-01-24T12:38:50
================================================================================
[2026-01-24T12:39:46.574+0000] {manager.py:878} INFO - 
================================================================================
DAG File Processing Stats

File Path                             PID    Runtime      # DAGs    # Errors  Last Runtime    Last Run
------------------------------------  -----  ---------  --------  ----------  --------------  -------------------
/opt/airflow/dags/reports_etl_dag.py                           1           0  0.53s           2026-01-24T12:39:21
================================================================================
[2026-01-24T12:40:15.250+0000] {manager.py:737} INFO - Searching for files in /opt/airflow/dags
[2026-01-24T12:40:15.266+0000] {manager.py:740} INFO - There are 1 files in /opt/airflow/dags
[2026-01-24T12:40:16.743+0000] {manager.py:878} INFO - 
================================================================================
DAG File Processing Stats

File Path                             PID    Runtime      # DAGs    # Errors  Last Runtime    Last Run
------------------------------------  -----  ---------  --------  ----------  --------------  -------------------
/opt/airflow/dags/reports_etl_dag.py                           1           0  0.53s           2026-01-24T12:39:52
================================================================================
[2026-01-24T12:40:46.954+0000] {manager.py:878} INFO - 
================================================================================
DAG File Processing Stats

File Path                             PID    Runtime      # DAGs    # Errors  Last Runtime    Last Run
------------------------------------  -----  ---------  --------  ----------  --------------  -------------------
/opt/airflow/dags/reports_etl_dag.py                           1           0  0.50s           2026-01-24T12:40:22
================================================================================
[2026-01-24T12:41:17.127+0000] {manager.py:878} INFO - 
================================================================================
DAG File Processing Stats

File Path                             PID    Runtime      # DAGs    # Errors  Last Runtime    Last Run
------------------------------------  -----  ---------  --------  ----------  --------------  -------------------
/opt/airflow/dags/reports_etl_dag.py                           1           0  0.45s           2026-01-24T12:40:53
================================================================================
[2026-01-24T12:41:28.264+0000] {manager.py:452} INFO - Exiting gracefully upon receiving signal 15
[2026-01-24T12:42:51.095+0000] {manager.py:470} INFO - Processing files using up to 2 processes at a time 
[2026-01-24T12:42:51.096+0000] {manager.py:471} INFO - Process each file at most once every 30 seconds
[2026-01-24T12:42:51.097+0000] {manager.py:472} INFO - Checking for new files in /opt/airflow/dags every 300 seconds
[2026-01-24T12:42:51.097+0000] {manager.py:737} INFO - Searching for files in /opt/airflow/dags
[2026-01-24T12:42:51.112+0000] {manager.py:740} INFO - There are 1 files in /opt/airflow/dags
[2026-01-24T12:42:51.215+0000] {manager.py:878} INFO - 
================================================================================
DAG File Processing Stats

File Path                               PID  Runtime      # DAGs    # Errors  Last Runtime    Last Run
------------------------------------  -----  ---------  --------  ----------  --------------  ----------
/opt/airflow/dags/reports_etl_dag.py    172  0.03s             0           0
================================================================================
[2026-01-24T12:43:21.364+0000] {manager.py:878} INFO - 
================================================================================
DAG File Processing Stats

File Path                             PID    Runtime      # DAGs    # Errors  Last Runtime    Last Run
------------------------------------  -----  ---------  --------  ----------  --------------  -------------------
/opt/airflow/dags/reports_etl_dag.py                           1           0  1.34s           2026-01-24T12:42:52
================================================================================
[2026-01-24T12:43:51.892+0000] {manager.py:878} INFO - 
================================================================================
DAG File Processing Stats

File Path                             PID    Runtime      # DAGs    # Errors  Last Runtime    Last Run
------------------------------------  -----  ---------  --------  ----------  --------------  -------------------
/opt/airflow/dags/reports_etl_dag.py                           1           0  0.46s           2026-01-24T12:43:23
================================================================================
[2026-01-24T12:44:21.935+0000] {manager.py:878} INFO - 
================================================================================
DAG File Processing Stats

File Path                             PID    Runtime      # DAGs    # Errors  Last Runtime    Last Run
------------------------------------  -----  ---------  --------  ----------  --------------  -------------------
/opt/airflow/dags/reports_etl_dag.py                           1           0  0.44s           2026-01-24T12:43:53
================================================================================
[2026-01-24T12:44:52.092+0000] {manager.py:878} INFO - 
================================================================================
DAG File Processing Stats

File Path                             PID    Runtime      # DAGs    # Errors  Last Runtime    Last Run
------------------------------------  -----  ---------  --------  ----------  --------------  -------------------
/opt/airflow/dags/reports_etl_dag.py                           1           0  0.44s           2026-01-24T12:44:24
================================================================================
[2026-01-24T12:45:22.155+0000] {manager.py:878} INFO - 
================================================================================
DAG File Processing Stats

File Path                             PID    Runtime      # DAGs    # Errors  Last Runtime    Last Run
------------------------------------  -----  ---------  --------  ----------  --------------  -------------------
/opt/airflow/dags/reports_etl_dag.py                           1           0  0.45s           2026-01-24T12:44:55
================================================================================
[2026-01-24T12:45:45.255+0000] {manager.py:452} INFO - Exiting gracefully upon receiving signal 15
[2026-01-24T12:46:48.192+0000] {manager.py:470} INFO - Processing files using up to 2 processes at a time 
[2026-01-24T12:46:48.193+0000] {manager.py:471} INFO - Process each file at most once every 30 seconds
[2026-01-24T12:46:48.193+0000] {manager.py:472} INFO - Checking for new files in /opt/airflow/dags every 300 seconds
[2026-01-24T12:46:48.194+0000] {manager.py:737} INFO - Searching for files in /opt/airflow/dags
[2026-01-24T12:46:48.213+0000] {manager.py:740} INFO - There are 1 files in /opt/airflow/dags
[2026-01-24T12:46:48.314+0000] {manager.py:878} INFO - 
================================================================================
DAG File Processing Stats

File Path                               PID  Runtime      # DAGs    # Errors  Last Runtime    Last Run
------------------------------------  -----  ---------  --------  ----------  --------------  ----------
/opt/airflow/dags/reports_etl_dag.py    172  0.03s             0           0
================================================================================
[2026-01-24T12:47:18.456+0000] {manager.py:878} INFO - 
================================================================================
DAG File Processing Stats

File Path                             PID    Runtime      # DAGs    # Errors  Last Runtime    Last Run
------------------------------------  -----  ---------  --------  ----------  --------------  -------------------
/opt/airflow/dags/reports_etl_dag.py                           1           0  1.24s           2026-01-24T12:46:49
================================================================================
[2026-01-24T12:47:48.842+0000] {manager.py:878} INFO - 
================================================================================
DAG File Processing Stats

File Path                             PID    Runtime      # DAGs    # Errors  Last Runtime    Last Run
------------------------------------  -----  ---------  --------  ----------  --------------  -------------------
/opt/airflow/dags/reports_etl_dag.py                           1           0  0.48s           2026-01-24T12:47:20
================================================================================
[2026-01-24T12:48:18.971+0000] {manager.py:878} INFO - 
================================================================================
DAG File Processing Stats

File Path                             PID    Runtime      # DAGs    # Errors  Last Runtime    Last Run
------------------------------------  -----  ---------  --------  ----------  --------------  -------------------
/opt/airflow/dags/reports_etl_dag.py                           1           0  0.44s           2026-01-24T12:47:50
================================================================================
[2026-01-24T12:48:49.136+0000] {manager.py:878} INFO - 
================================================================================
DAG File Processing Stats

File Path                             PID    Runtime      # DAGs    # Errors  Last Runtime    Last Run
------------------------------------  -----  ---------  --------  ----------  --------------  -------------------
/opt/airflow/dags/reports_etl_dag.py                           1           0  0.45s           2026-01-24T12:48:21
================================================================================
[2026-01-24T12:49:19.192+0000] {manager.py:878} INFO - 
================================================================================
DAG File Processing Stats

File Path                             PID    Runtime      # DAGs    # Errors  Last Runtime    Last Run
------------------------------------  -----  ---------  --------  ----------  --------------  -------------------
/opt/airflow/dags/reports_etl_dag.py                           1           0  0.46s           2026-01-24T12:48:52
================================================================================
[2026-01-24T12:49:49.407+0000] {manager.py:878} INFO - 
================================================================================
DAG File Processing Stats

File Path                             PID    Runtime      # DAGs    # Errors  Last Runtime    Last Run
------------------------------------  -----  ---------  --------  ----------  --------------  -------------------
/opt/airflow/dags/reports_etl_dag.py                           1           0  0.44s           2026-01-24T12:49:22
================================================================================
[2026-01-24T12:50:19.510+0000] {manager.py:878} INFO - 
================================================================================
DAG File Processing Stats

File Path                             PID    Runtime      # DAGs    # Errors  Last Runtime    Last Run
------------------------------------  -----  ---------  --------  ----------  --------------  -------------------
/opt/airflow/dags/reports_etl_dag.py                           1           0  0.44s           2026-01-24T12:49:53
================================================================================
[2026-01-24T12:50:49.720+0000] {manager.py:878} INFO - 
================================================================================
DAG File Processing Stats

File Path                             PID    Runtime      # DAGs    # Errors  Last Runtime    Last Run
------------------------------------  -----  ---------  --------  ----------  --------------  -------------------
/opt/airflow/dags/reports_etl_dag.py                           1           0  0.44s           2026-01-24T12:50:23
================================================================================
[2026-01-24T12:51:19.821+0000] {manager.py:878} INFO - 
================================================================================
DAG File Processing Stats

File Path                             PID    Runtime      # DAGs    # Errors  Last Runtime    Last Run
------------------------------------  -----  ---------  --------  ----------  --------------  -------------------
/opt/airflow/dags/reports_etl_dag.py                           1           0  0.48s           2026-01-24T12:50:54
================================================================================
[2026-01-24T12:51:48.501+0000] {manager.py:737} INFO - Searching for files in /opt/airflow/dags
[2026-01-24T12:51:48.517+0000] {manager.py:740} INFO - There are 1 files in /opt/airflow/dags
[2026-01-24T12:51:50.019+0000] {manager.py:878} INFO - 
================================================================================
DAG File Processing Stats

File Path                             PID    Runtime      # DAGs    # Errors  Last Runtime    Last Run
------------------------------------  -----  ---------  --------  ----------  --------------  -------------------
/opt/airflow/dags/reports_etl_dag.py                           1           0  0.47s           2026-01-24T12:51:25
================================================================================
[2026-01-24T12:52:20.157+0000] {manager.py:878} INFO - 
================================================================================
DAG File Processing Stats

File Path                             PID    Runtime      # DAGs    # Errors  Last Runtime    Last Run
------------------------------------  -----  ---------  --------  ----------  --------------  -------------------
/opt/airflow/dags/reports_etl_dag.py                           1           0  0.46s           2026-01-24T12:51:56
================================================================================
[2026-01-24T12:52:50.330+0000] {manager.py:878} INFO - 
================================================================================
DAG File Processing Stats

File Path                             PID    Runtime      # DAGs    # Errors  Last Runtime    Last Run
------------------------------------  -----  ---------  --------  ----------  --------------  -------------------
/opt/airflow/dags/reports_etl_dag.py                           1           0  0.46s           2026-01-24T12:52:26
================================================================================
[2026-01-24T12:53:19.377+0000] {manager.py:452} INFO - Exiting gracefully upon receiving signal 15
[2026-01-24T18:53:45.534+0000] {manager.py:470} INFO - Processing files using up to 2 processes at a time 
[2026-01-24T18:53:45.535+0000] {manager.py:471} INFO - Process each file at most once every 30 seconds
[2026-01-24T18:53:45.536+0000] {manager.py:472} INFO - Checking for new files in /opt/airflow/dags every 300 seconds
[2026-01-24T18:53:45.536+0000] {manager.py:737} INFO - Searching for files in /opt/airflow/dags
[2026-01-24T18:53:45.555+0000] {manager.py:740} INFO - There are 1 files in /opt/airflow/dags
[2026-01-24T18:53:45.674+0000] {manager.py:878} INFO - 
================================================================================
DAG File Processing Stats

File Path                               PID  Runtime      # DAGs    # Errors  Last Runtime    Last Run
------------------------------------  -----  ---------  --------  ----------  --------------  ----------
/opt/airflow/dags/reports_etl_dag.py    172  0.04s             0           0
================================================================================
[2026-01-24T18:54:14.386+0000] {manager.py:878} INFO - 
================================================================================
DAG File Processing Stats

File Path                             PID    Runtime      # DAGs    # Errors  Last Runtime    Last Run
------------------------------------  -----  ---------  --------  ----------  --------------  -------------------
/opt/airflow/dags/reports_etl_dag.py                           1           0  1.04s           2026-01-24T18:53:46
================================================================================
[2026-01-24T18:54:43.023+0000] {manager.py:878} INFO - 
================================================================================
DAG File Processing Stats

File Path                             PID    Runtime      # DAGs    # Errors  Last Runtime    Last Run
------------------------------------  -----  ---------  --------  ----------  --------------  -------------------
/opt/airflow/dags/reports_etl_dag.py                           1           0  0.50s           2026-01-24T18:54:17
================================================================================
[2026-01-24T18:55:11.701+0000] {manager.py:878} INFO - 
================================================================================
DAG File Processing Stats

File Path                             PID    Runtime      # DAGs    # Errors  Last Runtime    Last Run
------------------------------------  -----  ---------  --------  ----------  --------------  -------------------
/opt/airflow/dags/reports_etl_dag.py                           1           0  0.47s           2026-01-24T18:54:48
================================================================================
[2026-01-24T18:55:40.863+0000] {manager.py:878} INFO - 
================================================================================
DAG File Processing Stats

File Path                             PID    Runtime      # DAGs    # Errors  Last Runtime    Last Run
------------------------------------  -----  ---------  --------  ----------  --------------  -------------------
/opt/airflow/dags/reports_etl_dag.py                           1           0  0.49s           2026-01-24T18:55:18
================================================================================
[2026-01-24T18:56:08.066+0000] {manager.py:878} INFO - 
================================================================================
DAG File Processing Stats

File Path                             PID    Runtime      # DAGs    # Errors  Last Runtime    Last Run
------------------------------------  -----  ---------  --------  ----------  --------------  -------------------
/opt/airflow/dags/reports_etl_dag.py                           1           0  0.47s           2026-01-24T18:55:49
================================================================================
[2026-01-24T18:56:37.200+0000] {manager.py:878} INFO - 
================================================================================
DAG File Processing Stats

File Path                             PID    Runtime      # DAGs    # Errors  Last Runtime    Last Run
------------------------------------  -----  ---------  --------  ----------  --------------  -------------------
/opt/airflow/dags/reports_etl_dag.py                           1           0  0.46s           2026-01-24T18:56:20
================================================================================
[2026-01-24T18:57:05.858+0000] {manager.py:878} INFO - 
================================================================================
DAG File Processing Stats

File Path                             PID    Runtime      # DAGs    # Errors  Last Runtime    Last Run
------------------------------------  -----  ---------  --------  ----------  --------------  -------------------
/opt/airflow/dags/reports_etl_dag.py                           1           0  0.47s           2026-01-24T18:56:51
================================================================================
[2026-01-24T18:57:34.943+0000] {manager.py:878} INFO - 
================================================================================
DAG File Processing Stats

File Path                             PID    Runtime      # DAGs    # Errors  Last Runtime    Last Run
------------------------------------  -----  ---------  --------  ----------  --------------  -------------------
/opt/airflow/dags/reports_etl_dag.py                           1           0  0.48s           2026-01-24T18:57:22
================================================================================
[2026-01-24T18:58:03.632+0000] {manager.py:878} INFO - 
================================================================================
DAG File Processing Stats

File Path                             PID    Runtime      # DAGs    # Errors  Last Runtime    Last Run
------------------------------------  -----  ---------  --------  ----------  --------------  -------------------
/opt/airflow/dags/reports_etl_dag.py                           1           0  0.59s           2026-01-24T18:57:53
================================================================================
[2026-01-24T18:58:32.328+0000] {manager.py:878} INFO - 
================================================================================
DAG File Processing Stats

File Path                             PID    Runtime      # DAGs    # Errors  Last Runtime    Last Run
------------------------------------  -----  ---------  --------  ----------  --------------  -------------------
/opt/airflow/dags/reports_etl_dag.py                           1           0  0.47s           2026-01-24T18:58:24
================================================================================
[2026-01-24T18:58:45.892+0000] {manager.py:737} INFO - Searching for files in /opt/airflow/dags
[2026-01-24T18:58:45.909+0000] {manager.py:740} INFO - There are 1 files in /opt/airflow/dags
[2026-01-24T18:59:01.491+0000] {manager.py:878} INFO - 
================================================================================
DAG File Processing Stats

File Path                             PID    Runtime      # DAGs    # Errors  Last Runtime    Last Run
------------------------------------  -----  ---------  --------  ----------  --------------  -------------------
/opt/airflow/dags/reports_etl_dag.py                           1           0  0.57s           2026-01-24T18:58:55
================================================================================
[2026-01-24T18:59:30.128+0000] {manager.py:878} INFO - 
================================================================================
DAG File Processing Stats

File Path                             PID    Runtime      # DAGs    # Errors  Last Runtime    Last Run
------------------------------------  -----  ---------  --------  ----------  --------------  -------------------
/opt/airflow/dags/reports_etl_dag.py                           1           0  0.61s           2026-01-24T18:59:26
================================================================================
[2026-01-24T18:59:58.742+0000] {manager.py:878} INFO - 
================================================================================
DAG File Processing Stats

File Path                             PID    Runtime      # DAGs    # Errors  Last Runtime    Last Run
------------------------------------  -----  ---------  --------  ----------  --------------  -------------------
/opt/airflow/dags/reports_etl_dag.py                           1           0  0.58s           2026-01-24T18:59:56
================================================================================
[2026-01-24T19:00:27.353+0000] {manager.py:878} INFO - 
================================================================================
DAG File Processing Stats

File Path                               PID  Runtime      # DAGs    # Errors  Last Runtime    Last Run
------------------------------------  -----  ---------  --------  ----------  --------------  -------------------
/opt/airflow/dags/reports_etl_dag.py    533  0.42s             1           0  0.58s           2026-01-24T18:59:56
================================================================================
[2026-01-24T19:00:56.049+0000] {manager.py:878} INFO - 
================================================================================
DAG File Processing Stats

File Path                             PID    Runtime      # DAGs    # Errors  Last Runtime    Last Run
------------------------------------  -----  ---------  --------  ----------  --------------  -------------------
/opt/airflow/dags/reports_etl_dag.py                           1           0  0.56s           2026-01-24T19:00:27
================================================================================
[2026-01-24T19:01:24.688+0000] {manager.py:878} INFO - 
================================================================================
DAG File Processing Stats

File Path                             PID    Runtime      # DAGs    # Errors  Last Runtime    Last Run
------------------------------------  -----  ---------  --------  ----------  --------------  -------------------
/opt/airflow/dags/reports_etl_dag.py                           1           0  0.58s           2026-01-24T19:00:58
================================================================================
[2026-01-24T19:01:53.872+0000] {manager.py:878} INFO - 
================================================================================
DAG File Processing Stats

File Path                             PID    Runtime      # DAGs    # Errors  Last Runtime    Last Run
------------------------------------  -----  ---------  --------  ----------  --------------  -------------------
/opt/airflow/dags/reports_etl_dag.py                           1           0  0.56s           2026-01-24T19:01:29
================================================================================
[2026-01-24T19:02:22.451+0000] {manager.py:878} INFO - 
================================================================================
DAG File Processing Stats

File Path                             PID    Runtime      # DAGs    # Errors  Last Runtime    Last Run
------------------------------------  -----  ---------  --------  ----------  --------------  -------------------
/opt/airflow/dags/reports_etl_dag.py                           1           0  0.57s           2026-01-24T19:02:00
================================================================================
[2026-01-24T19:02:51.091+0000] {manager.py:878} INFO - 
================================================================================
DAG File Processing Stats

File Path                             PID    Runtime      # DAGs    # Errors  Last Runtime    Last Run
------------------------------------  -----  ---------  --------  ----------  --------------  -------------------
/opt/airflow/dags/reports_etl_dag.py                           1           0  0.55s           2026-01-24T19:02:31
================================================================================
[2026-01-24T19:03:20.210+0000] {manager.py:878} INFO - 
================================================================================
DAG File Processing Stats

File Path                             PID    Runtime      # DAGs    # Errors  Last Runtime    Last Run
------------------------------------  -----  ---------  --------  ----------  --------------  -------------------
/opt/airflow/dags/reports_etl_dag.py                           1           0  0.61s           2026-01-24T19:03:01
================================================================================
[2026-01-24T19:03:46.447+0000] {manager.py:737} INFO - Searching for files in /opt/airflow/dags
[2026-01-24T19:03:46.479+0000] {manager.py:740} INFO - There are 1 files in /opt/airflow/dags
[2026-01-24T19:03:48.860+0000] {manager.py:878} INFO - 
================================================================================
DAG File Processing Stats

File Path                             PID    Runtime      # DAGs    # Errors  Last Runtime    Last Run
------------------------------------  -----  ---------  --------  ----------  --------------  -------------------
/opt/airflow/dags/reports_etl_dag.py                           1           0  0.60s           2026-01-24T19:03:32
================================================================================
[2026-01-24T19:04:17.498+0000] {manager.py:878} INFO - 
================================================================================
DAG File Processing Stats

File Path                             PID    Runtime      # DAGs    # Errors  Last Runtime    Last Run
------------------------------------  -----  ---------  --------  ----------  --------------  -------------------
/opt/airflow/dags/reports_etl_dag.py                           1           0  0.60s           2026-01-24T19:04:03
================================================================================
[2026-01-24T19:04:46.085+0000] {manager.py:878} INFO - 
================================================================================
DAG File Processing Stats

File Path                             PID    Runtime      # DAGs    # Errors  Last Runtime    Last Run
------------------------------------  -----  ---------  --------  ----------  --------------  -------------------
/opt/airflow/dags/reports_etl_dag.py                           1           0  0.56s           2026-01-24T19:04:34
================================================================================
[2026-01-24T19:05:14.817+0000] {manager.py:878} INFO - 
================================================================================
DAG File Processing Stats

File Path                             PID    Runtime      # DAGs    # Errors  Last Runtime    Last Run
------------------------------------  -----  ---------  --------  ----------  --------------  -------------------
/opt/airflow/dags/reports_etl_dag.py                           1           0  0.55s           2026-01-24T19:05:05
================================================================================
[2026-01-24T19:05:43.889+0000] {manager.py:878} INFO - 
================================================================================
DAG File Processing Stats

File Path                             PID    Runtime      # DAGs    # Errors  Last Runtime    Last Run
------------------------------------  -----  ---------  --------  ----------  --------------  -------------------
/opt/airflow/dags/reports_etl_dag.py                           1           0  0.64s           2026-01-24T19:05:36
================================================================================
[2026-01-24T19:06:12.679+0000] {manager.py:878} INFO - 
================================================================================
DAG File Processing Stats

File Path                             PID    Runtime      # DAGs    # Errors  Last Runtime    Last Run
------------------------------------  -----  ---------  --------  ----------  --------------  -------------------
/opt/airflow/dags/reports_etl_dag.py                           1           0  0.58s           2026-01-24T19:06:07
================================================================================
[2026-01-24T19:06:41.226+0000] {manager.py:878} INFO - 
================================================================================
DAG File Processing Stats

File Path                             PID    Runtime      # DAGs    # Errors  Last Runtime    Last Run
------------------------------------  -----  ---------  --------  ----------  --------------  -------------------
/opt/airflow/dags/reports_etl_dag.py                           1           0  0.57s           2026-01-24T19:06:38
================================================================================
[2026-01-24T19:07:10.020+0000] {manager.py:878} INFO - 
================================================================================
DAG File Processing Stats

File Path                             PID    Runtime      # DAGs    # Errors  Last Runtime    Last Run
------------------------------------  -----  ---------  --------  ----------  --------------  -------------------
/opt/airflow/dags/reports_etl_dag.py                           1           0  0.68s           2026-01-24T19:07:09
================================================================================
[2026-01-24T19:07:38.565+0000] {manager.py:878} INFO - 
================================================================================
DAG File Processing Stats

File Path                             PID    Runtime      # DAGs    # Errors  Last Runtime    Last Run
------------------------------------  -----  ---------  --------  ----------  --------------  -------------------
/opt/airflow/dags/reports_etl_dag.py                           1           0  0.68s           2026-01-24T19:07:09
================================================================================
[2026-01-24T19:07:44.066+0000] {manager.py:452} INFO - Exiting gracefully upon receiving signal 15
