[2026-01-24T09:42:44.577+0000] {processor.py:161} INFO - Started process (PID=173) to work on /opt/airflow/dags/reports_etl_dag.py
[2026-01-24T09:42:44.578+0000] {processor.py:830} INFO - Processing file /opt/airflow/dags/reports_etl_dag.py for tasks to queue
[2026-01-24T09:42:44.580+0000] {logging_mixin.py:188} INFO - [2026-01-24T09:42:44.580+0000] {dagbag.py:545} INFO - Filling up the DagBag from /opt/airflow/dags/reports_etl_dag.py
[2026-01-24T09:42:45.517+0000] {processor.py:840} INFO - DAG(s) 'reports_etl_dag' retrieved from /opt/airflow/dags/reports_etl_dag.py
[2026-01-24T09:42:45.723+0000] {logging_mixin.py:188} INFO - [2026-01-24T09:42:45.723+0000] {dag.py:3096} INFO - Sync 1 DAGs
[2026-01-24T09:42:45.748+0000] {logging_mixin.py:188} INFO - [2026-01-24T09:42:45.748+0000] {dag.py:3954} INFO - Setting next_dagrun for reports_etl_dag to 2026-01-24 09:39:00+00:00, run_after=2026-01-24 09:42:00+00:00
[2026-01-24T09:42:45.766+0000] {processor.py:183} INFO - Processing /opt/airflow/dags/reports_etl_dag.py took 1.195 seconds
[2026-01-24T09:43:15.971+0000] {processor.py:161} INFO - Started process (PID=186) to work on /opt/airflow/dags/reports_etl_dag.py
[2026-01-24T09:43:15.972+0000] {processor.py:830} INFO - Processing file /opt/airflow/dags/reports_etl_dag.py for tasks to queue
[2026-01-24T09:43:15.974+0000] {logging_mixin.py:188} INFO - [2026-01-24T09:43:15.973+0000] {dagbag.py:545} INFO - Filling up the DagBag from /opt/airflow/dags/reports_etl_dag.py
[2026-01-24T09:43:16.324+0000] {processor.py:840} INFO - DAG(s) 'reports_etl_dag' retrieved from /opt/airflow/dags/reports_etl_dag.py
[2026-01-24T09:43:16.361+0000] {logging_mixin.py:188} INFO - [2026-01-24T09:43:16.360+0000] {dag.py:3096} INFO - Sync 1 DAGs
[2026-01-24T09:43:16.387+0000] {logging_mixin.py:188} INFO - [2026-01-24T09:43:16.387+0000] {dag.py:3954} INFO - Setting next_dagrun for reports_etl_dag to 2026-01-24 09:39:00+00:00, run_after=2026-01-24 09:42:00+00:00
[2026-01-24T09:43:16.417+0000] {processor.py:183} INFO - Processing /opt/airflow/dags/reports_etl_dag.py took 0.451 seconds
[2026-01-24T09:43:46.502+0000] {processor.py:161} INFO - Started process (PID=199) to work on /opt/airflow/dags/reports_etl_dag.py
[2026-01-24T09:43:46.503+0000] {processor.py:830} INFO - Processing file /opt/airflow/dags/reports_etl_dag.py for tasks to queue
[2026-01-24T09:43:46.505+0000] {logging_mixin.py:188} INFO - [2026-01-24T09:43:46.504+0000] {dagbag.py:545} INFO - Filling up the DagBag from /opt/airflow/dags/reports_etl_dag.py
[2026-01-24T09:43:46.824+0000] {processor.py:840} INFO - DAG(s) 'reports_etl_dag' retrieved from /opt/airflow/dags/reports_etl_dag.py
[2026-01-24T09:43:46.861+0000] {logging_mixin.py:188} INFO - [2026-01-24T09:43:46.861+0000] {dag.py:3096} INFO - Sync 1 DAGs
[2026-01-24T09:43:46.887+0000] {logging_mixin.py:188} INFO - [2026-01-24T09:43:46.887+0000] {dag.py:3954} INFO - Setting next_dagrun for reports_etl_dag to 2026-01-24 09:39:00+00:00, run_after=2026-01-24 09:42:00+00:00
[2026-01-24T09:43:46.919+0000] {processor.py:183} INFO - Processing /opt/airflow/dags/reports_etl_dag.py took 0.422 seconds
[2026-01-24T09:44:17.158+0000] {processor.py:161} INFO - Started process (PID=212) to work on /opt/airflow/dags/reports_etl_dag.py
[2026-01-24T09:44:17.159+0000] {processor.py:830} INFO - Processing file /opt/airflow/dags/reports_etl_dag.py for tasks to queue
[2026-01-24T09:44:17.160+0000] {logging_mixin.py:188} INFO - [2026-01-24T09:44:17.160+0000] {dagbag.py:545} INFO - Filling up the DagBag from /opt/airflow/dags/reports_etl_dag.py
[2026-01-24T09:44:17.476+0000] {processor.py:840} INFO - DAG(s) 'reports_etl_dag' retrieved from /opt/airflow/dags/reports_etl_dag.py
[2026-01-24T09:44:17.514+0000] {logging_mixin.py:188} INFO - [2026-01-24T09:44:17.514+0000] {dag.py:3096} INFO - Sync 1 DAGs
[2026-01-24T09:44:17.539+0000] {logging_mixin.py:188} INFO - [2026-01-24T09:44:17.539+0000] {dag.py:3954} INFO - Setting next_dagrun for reports_etl_dag to 2026-01-24 09:39:00+00:00, run_after=2026-01-24 09:42:00+00:00
[2026-01-24T09:44:17.569+0000] {processor.py:183} INFO - Processing /opt/airflow/dags/reports_etl_dag.py took 0.417 seconds
[2026-01-24T09:44:47.617+0000] {processor.py:161} INFO - Started process (PID=225) to work on /opt/airflow/dags/reports_etl_dag.py
[2026-01-24T09:44:47.618+0000] {processor.py:830} INFO - Processing file /opt/airflow/dags/reports_etl_dag.py for tasks to queue
[2026-01-24T09:44:47.620+0000] {logging_mixin.py:188} INFO - [2026-01-24T09:44:47.619+0000] {dagbag.py:545} INFO - Filling up the DagBag from /opt/airflow/dags/reports_etl_dag.py
[2026-01-24T09:44:47.931+0000] {processor.py:840} INFO - DAG(s) 'reports_etl_dag' retrieved from /opt/airflow/dags/reports_etl_dag.py
[2026-01-24T09:44:47.969+0000] {logging_mixin.py:188} INFO - [2026-01-24T09:44:47.968+0000] {dag.py:3096} INFO - Sync 1 DAGs
[2026-01-24T09:44:47.995+0000] {logging_mixin.py:188} INFO - [2026-01-24T09:44:47.995+0000] {dag.py:3954} INFO - Setting next_dagrun for reports_etl_dag to 2026-01-24 09:39:00+00:00, run_after=2026-01-24 09:42:00+00:00
[2026-01-24T09:44:48.027+0000] {processor.py:183} INFO - Processing /opt/airflow/dags/reports_etl_dag.py took 0.416 seconds
[2026-01-24T09:45:18.335+0000] {processor.py:161} INFO - Started process (PID=238) to work on /opt/airflow/dags/reports_etl_dag.py
[2026-01-24T09:45:18.335+0000] {processor.py:830} INFO - Processing file /opt/airflow/dags/reports_etl_dag.py for tasks to queue
[2026-01-24T09:45:18.337+0000] {logging_mixin.py:188} INFO - [2026-01-24T09:45:18.337+0000] {dagbag.py:545} INFO - Filling up the DagBag from /opt/airflow/dags/reports_etl_dag.py
[2026-01-24T09:45:18.652+0000] {processor.py:840} INFO - DAG(s) 'reports_etl_dag' retrieved from /opt/airflow/dags/reports_etl_dag.py
[2026-01-24T09:45:18.688+0000] {logging_mixin.py:188} INFO - [2026-01-24T09:45:18.688+0000] {dag.py:3096} INFO - Sync 1 DAGs
[2026-01-24T09:45:18.713+0000] {logging_mixin.py:188} INFO - [2026-01-24T09:45:18.712+0000] {dag.py:3954} INFO - Setting next_dagrun for reports_etl_dag to 2026-01-24 09:42:00+00:00, run_after=2026-01-24 09:45:00+00:00
[2026-01-24T09:45:18.730+0000] {processor.py:183} INFO - Processing /opt/airflow/dags/reports_etl_dag.py took 0.401 seconds
[2026-01-24T09:45:48.777+0000] {processor.py:161} INFO - Started process (PID=251) to work on /opt/airflow/dags/reports_etl_dag.py
[2026-01-24T09:45:48.778+0000] {processor.py:830} INFO - Processing file /opt/airflow/dags/reports_etl_dag.py for tasks to queue
[2026-01-24T09:45:48.779+0000] {logging_mixin.py:188} INFO - [2026-01-24T09:45:48.779+0000] {dagbag.py:545} INFO - Filling up the DagBag from /opt/airflow/dags/reports_etl_dag.py
[2026-01-24T09:45:49.096+0000] {processor.py:840} INFO - DAG(s) 'reports_etl_dag' retrieved from /opt/airflow/dags/reports_etl_dag.py
[2026-01-24T09:45:49.135+0000] {logging_mixin.py:188} INFO - [2026-01-24T09:45:49.134+0000] {dag.py:3096} INFO - Sync 1 DAGs
[2026-01-24T09:45:49.162+0000] {logging_mixin.py:188} INFO - [2026-01-24T09:45:49.162+0000] {dag.py:3954} INFO - Setting next_dagrun for reports_etl_dag to 2026-01-24 09:42:00+00:00, run_after=2026-01-24 09:45:00+00:00
[2026-01-24T09:45:49.180+0000] {processor.py:183} INFO - Processing /opt/airflow/dags/reports_etl_dag.py took 0.409 seconds
[2026-01-24T09:46:19.513+0000] {processor.py:161} INFO - Started process (PID=264) to work on /opt/airflow/dags/reports_etl_dag.py
[2026-01-24T09:46:19.514+0000] {processor.py:830} INFO - Processing file /opt/airflow/dags/reports_etl_dag.py for tasks to queue
[2026-01-24T09:46:19.516+0000] {logging_mixin.py:188} INFO - [2026-01-24T09:46:19.515+0000] {dagbag.py:545} INFO - Filling up the DagBag from /opt/airflow/dags/reports_etl_dag.py
[2026-01-24T09:46:19.827+0000] {processor.py:840} INFO - DAG(s) 'reports_etl_dag' retrieved from /opt/airflow/dags/reports_etl_dag.py
[2026-01-24T09:46:19.863+0000] {logging_mixin.py:188} INFO - [2026-01-24T09:46:19.863+0000] {dag.py:3096} INFO - Sync 1 DAGs
[2026-01-24T09:46:19.888+0000] {logging_mixin.py:188} INFO - [2026-01-24T09:46:19.888+0000] {dag.py:3954} INFO - Setting next_dagrun for reports_etl_dag to 2026-01-24 09:42:00+00:00, run_after=2026-01-24 09:45:00+00:00
[2026-01-24T09:46:19.919+0000] {processor.py:183} INFO - Processing /opt/airflow/dags/reports_etl_dag.py took 0.411 seconds
[2026-01-24T09:46:50.316+0000] {processor.py:161} INFO - Started process (PID=277) to work on /opt/airflow/dags/reports_etl_dag.py
[2026-01-24T09:46:50.317+0000] {processor.py:830} INFO - Processing file /opt/airflow/dags/reports_etl_dag.py for tasks to queue
[2026-01-24T09:46:50.318+0000] {logging_mixin.py:188} INFO - [2026-01-24T09:46:50.318+0000] {dagbag.py:545} INFO - Filling up the DagBag from /opt/airflow/dags/reports_etl_dag.py
[2026-01-24T09:46:50.674+0000] {processor.py:840} INFO - DAG(s) 'reports_etl_dag' retrieved from /opt/airflow/dags/reports_etl_dag.py
[2026-01-24T09:46:50.716+0000] {logging_mixin.py:188} INFO - [2026-01-24T09:46:50.716+0000] {dag.py:3096} INFO - Sync 1 DAGs
[2026-01-24T09:46:50.745+0000] {logging_mixin.py:188} INFO - [2026-01-24T09:46:50.745+0000] {dag.py:3954} INFO - Setting next_dagrun for reports_etl_dag to 2026-01-24 09:42:00+00:00, run_after=2026-01-24 09:45:00+00:00
[2026-01-24T09:46:50.779+0000] {processor.py:183} INFO - Processing /opt/airflow/dags/reports_etl_dag.py took 0.469 seconds
[2026-01-24T09:47:21.199+0000] {processor.py:161} INFO - Started process (PID=283) to work on /opt/airflow/dags/reports_etl_dag.py
[2026-01-24T09:47:21.200+0000] {processor.py:830} INFO - Processing file /opt/airflow/dags/reports_etl_dag.py for tasks to queue
[2026-01-24T09:47:21.202+0000] {logging_mixin.py:188} INFO - [2026-01-24T09:47:21.202+0000] {dagbag.py:545} INFO - Filling up the DagBag from /opt/airflow/dags/reports_etl_dag.py
[2026-01-24T09:47:21.515+0000] {processor.py:840} INFO - DAG(s) 'reports_etl_dag' retrieved from /opt/airflow/dags/reports_etl_dag.py
[2026-01-24T09:47:21.550+0000] {logging_mixin.py:188} INFO - [2026-01-24T09:47:21.550+0000] {dag.py:3096} INFO - Sync 1 DAGs
[2026-01-24T09:47:21.576+0000] {logging_mixin.py:188} INFO - [2026-01-24T09:47:21.576+0000] {dag.py:3954} INFO - Setting next_dagrun for reports_etl_dag to 2026-01-24 09:42:00+00:00, run_after=2026-01-24 09:45:00+00:00
[2026-01-24T09:47:21.595+0000] {processor.py:183} INFO - Processing /opt/airflow/dags/reports_etl_dag.py took 0.402 seconds
[2026-01-24T09:47:52.022+0000] {processor.py:161} INFO - Started process (PID=296) to work on /opt/airflow/dags/reports_etl_dag.py
[2026-01-24T09:47:52.023+0000] {processor.py:830} INFO - Processing file /opt/airflow/dags/reports_etl_dag.py for tasks to queue
[2026-01-24T09:47:52.025+0000] {logging_mixin.py:188} INFO - [2026-01-24T09:47:52.024+0000] {dagbag.py:545} INFO - Filling up the DagBag from /opt/airflow/dags/reports_etl_dag.py
[2026-01-24T09:47:52.367+0000] {processor.py:840} INFO - DAG(s) 'reports_etl_dag' retrieved from /opt/airflow/dags/reports_etl_dag.py
[2026-01-24T09:47:52.409+0000] {logging_mixin.py:188} INFO - [2026-01-24T09:47:52.408+0000] {dag.py:3096} INFO - Sync 1 DAGs
[2026-01-24T09:47:52.435+0000] {logging_mixin.py:188} INFO - [2026-01-24T09:47:52.435+0000] {dag.py:3954} INFO - Setting next_dagrun for reports_etl_dag to 2026-01-24 09:42:00+00:00, run_after=2026-01-24 09:45:00+00:00
[2026-01-24T09:47:52.465+0000] {processor.py:183} INFO - Processing /opt/airflow/dags/reports_etl_dag.py took 0.448 seconds
[2026-01-24T09:48:22.863+0000] {processor.py:161} INFO - Started process (PID=309) to work on /opt/airflow/dags/reports_etl_dag.py
[2026-01-24T09:48:22.864+0000] {processor.py:830} INFO - Processing file /opt/airflow/dags/reports_etl_dag.py for tasks to queue
[2026-01-24T09:48:22.865+0000] {logging_mixin.py:188} INFO - [2026-01-24T09:48:22.865+0000] {dagbag.py:545} INFO - Filling up the DagBag from /opt/airflow/dags/reports_etl_dag.py
[2026-01-24T09:48:23.186+0000] {processor.py:840} INFO - DAG(s) 'reports_etl_dag' retrieved from /opt/airflow/dags/reports_etl_dag.py
[2026-01-24T09:48:23.221+0000] {logging_mixin.py:188} INFO - [2026-01-24T09:48:23.221+0000] {dag.py:3096} INFO - Sync 1 DAGs
[2026-01-24T09:48:23.244+0000] {logging_mixin.py:188} INFO - [2026-01-24T09:48:23.244+0000] {dag.py:3954} INFO - Setting next_dagrun for reports_etl_dag to 2026-01-24 09:45:00+00:00, run_after=2026-01-24 09:48:00+00:00
[2026-01-24T09:48:23.277+0000] {processor.py:183} INFO - Processing /opt/airflow/dags/reports_etl_dag.py took 0.420 seconds
[2026-01-24T09:48:53.631+0000] {processor.py:161} INFO - Started process (PID=322) to work on /opt/airflow/dags/reports_etl_dag.py
[2026-01-24T09:48:53.631+0000] {processor.py:830} INFO - Processing file /opt/airflow/dags/reports_etl_dag.py for tasks to queue
[2026-01-24T09:48:53.633+0000] {logging_mixin.py:188} INFO - [2026-01-24T09:48:53.633+0000] {dagbag.py:545} INFO - Filling up the DagBag from /opt/airflow/dags/reports_etl_dag.py
[2026-01-24T09:48:53.947+0000] {processor.py:840} INFO - DAG(s) 'reports_etl_dag' retrieved from /opt/airflow/dags/reports_etl_dag.py
[2026-01-24T09:48:53.982+0000] {logging_mixin.py:188} INFO - [2026-01-24T09:48:53.981+0000] {dag.py:3096} INFO - Sync 1 DAGs
[2026-01-24T09:48:54.006+0000] {logging_mixin.py:188} INFO - [2026-01-24T09:48:54.006+0000] {dag.py:3954} INFO - Setting next_dagrun for reports_etl_dag to 2026-01-24 09:45:00+00:00, run_after=2026-01-24 09:48:00+00:00
[2026-01-24T09:48:54.024+0000] {processor.py:183} INFO - Processing /opt/airflow/dags/reports_etl_dag.py took 0.399 seconds
[2026-01-24T09:49:24.439+0000] {processor.py:161} INFO - Started process (PID=335) to work on /opt/airflow/dags/reports_etl_dag.py
[2026-01-24T09:49:24.440+0000] {processor.py:830} INFO - Processing file /opt/airflow/dags/reports_etl_dag.py for tasks to queue
[2026-01-24T09:49:24.442+0000] {logging_mixin.py:188} INFO - [2026-01-24T09:49:24.442+0000] {dagbag.py:545} INFO - Filling up the DagBag from /opt/airflow/dags/reports_etl_dag.py
[2026-01-24T09:49:24.765+0000] {processor.py:840} INFO - DAG(s) 'reports_etl_dag' retrieved from /opt/airflow/dags/reports_etl_dag.py
[2026-01-24T09:49:24.803+0000] {logging_mixin.py:188} INFO - [2026-01-24T09:49:24.803+0000] {dag.py:3096} INFO - Sync 1 DAGs
[2026-01-24T09:49:24.829+0000] {logging_mixin.py:188} INFO - [2026-01-24T09:49:24.829+0000] {dag.py:3954} INFO - Setting next_dagrun for reports_etl_dag to 2026-01-24 09:45:00+00:00, run_after=2026-01-24 09:48:00+00:00
[2026-01-24T09:49:24.853+0000] {processor.py:183} INFO - Processing /opt/airflow/dags/reports_etl_dag.py took 0.419 seconds
[2026-01-24T09:49:55.245+0000] {processor.py:161} INFO - Started process (PID=348) to work on /opt/airflow/dags/reports_etl_dag.py
[2026-01-24T09:49:55.245+0000] {processor.py:830} INFO - Processing file /opt/airflow/dags/reports_etl_dag.py for tasks to queue
[2026-01-24T09:49:55.247+0000] {logging_mixin.py:188} INFO - [2026-01-24T09:49:55.247+0000] {dagbag.py:545} INFO - Filling up the DagBag from /opt/airflow/dags/reports_etl_dag.py
[2026-01-24T09:49:55.568+0000] {processor.py:840} INFO - DAG(s) 'reports_etl_dag' retrieved from /opt/airflow/dags/reports_etl_dag.py
[2026-01-24T09:49:55.614+0000] {logging_mixin.py:188} INFO - [2026-01-24T09:49:55.614+0000] {dag.py:3096} INFO - Sync 1 DAGs
[2026-01-24T09:49:55.637+0000] {logging_mixin.py:188} INFO - [2026-01-24T09:49:55.637+0000] {dag.py:3954} INFO - Setting next_dagrun for reports_etl_dag to 2026-01-24 09:45:00+00:00, run_after=2026-01-24 09:48:00+00:00
[2026-01-24T09:49:55.655+0000] {processor.py:183} INFO - Processing /opt/airflow/dags/reports_etl_dag.py took 0.416 seconds
[2026-01-24T09:50:26.055+0000] {processor.py:161} INFO - Started process (PID=361) to work on /opt/airflow/dags/reports_etl_dag.py
[2026-01-24T09:50:26.056+0000] {processor.py:830} INFO - Processing file /opt/airflow/dags/reports_etl_dag.py for tasks to queue
[2026-01-24T09:50:26.057+0000] {logging_mixin.py:188} INFO - [2026-01-24T09:50:26.057+0000] {dagbag.py:545} INFO - Filling up the DagBag from /opt/airflow/dags/reports_etl_dag.py
[2026-01-24T09:50:26.372+0000] {processor.py:840} INFO - DAG(s) 'reports_etl_dag' retrieved from /opt/airflow/dags/reports_etl_dag.py
[2026-01-24T09:50:26.408+0000] {logging_mixin.py:188} INFO - [2026-01-24T09:50:26.408+0000] {dag.py:3096} INFO - Sync 1 DAGs
[2026-01-24T09:50:26.433+0000] {logging_mixin.py:188} INFO - [2026-01-24T09:50:26.433+0000] {dag.py:3954} INFO - Setting next_dagrun for reports_etl_dag to 2026-01-24 09:45:00+00:00, run_after=2026-01-24 09:48:00+00:00
[2026-01-24T09:50:26.463+0000] {processor.py:183} INFO - Processing /opt/airflow/dags/reports_etl_dag.py took 0.414 seconds
[2026-01-24T09:50:56.817+0000] {processor.py:161} INFO - Started process (PID=374) to work on /opt/airflow/dags/reports_etl_dag.py
[2026-01-24T09:50:56.818+0000] {processor.py:830} INFO - Processing file /opt/airflow/dags/reports_etl_dag.py for tasks to queue
[2026-01-24T09:50:56.820+0000] {logging_mixin.py:188} INFO - [2026-01-24T09:50:56.819+0000] {dagbag.py:545} INFO - Filling up the DagBag from /opt/airflow/dags/reports_etl_dag.py
[2026-01-24T09:50:57.130+0000] {processor.py:840} INFO - DAG(s) 'reports_etl_dag' retrieved from /opt/airflow/dags/reports_etl_dag.py
[2026-01-24T09:50:57.167+0000] {logging_mixin.py:188} INFO - [2026-01-24T09:50:57.167+0000] {dag.py:3096} INFO - Sync 1 DAGs
[2026-01-24T09:50:57.190+0000] {logging_mixin.py:188} INFO - [2026-01-24T09:50:57.190+0000] {dag.py:3954} INFO - Setting next_dagrun for reports_etl_dag to 2026-01-24 09:45:00+00:00, run_after=2026-01-24 09:48:00+00:00
[2026-01-24T09:50:57.207+0000] {processor.py:183} INFO - Processing /opt/airflow/dags/reports_etl_dag.py took 0.396 seconds
[2026-01-24T09:51:27.615+0000] {processor.py:161} INFO - Started process (PID=387) to work on /opt/airflow/dags/reports_etl_dag.py
[2026-01-24T09:51:27.616+0000] {processor.py:830} INFO - Processing file /opt/airflow/dags/reports_etl_dag.py for tasks to queue
[2026-01-24T09:51:27.618+0000] {logging_mixin.py:188} INFO - [2026-01-24T09:51:27.617+0000] {dagbag.py:545} INFO - Filling up the DagBag from /opt/airflow/dags/reports_etl_dag.py
[2026-01-24T09:51:27.943+0000] {processor.py:840} INFO - DAG(s) 'reports_etl_dag' retrieved from /opt/airflow/dags/reports_etl_dag.py
[2026-01-24T09:51:27.980+0000] {logging_mixin.py:188} INFO - [2026-01-24T09:51:27.980+0000] {dag.py:3096} INFO - Sync 1 DAGs
[2026-01-24T09:51:28.004+0000] {logging_mixin.py:188} INFO - [2026-01-24T09:51:28.004+0000] {dag.py:3954} INFO - Setting next_dagrun for reports_etl_dag to 2026-01-24 09:48:00+00:00, run_after=2026-01-24 09:51:00+00:00
[2026-01-24T09:51:28.022+0000] {processor.py:183} INFO - Processing /opt/airflow/dags/reports_etl_dag.py took 0.412 seconds
[2026-01-24T09:51:58.400+0000] {processor.py:161} INFO - Started process (PID=400) to work on /opt/airflow/dags/reports_etl_dag.py
[2026-01-24T09:51:58.401+0000] {processor.py:830} INFO - Processing file /opt/airflow/dags/reports_etl_dag.py for tasks to queue
[2026-01-24T09:51:58.403+0000] {logging_mixin.py:188} INFO - [2026-01-24T09:51:58.402+0000] {dagbag.py:545} INFO - Filling up the DagBag from /opt/airflow/dags/reports_etl_dag.py
[2026-01-24T09:51:58.715+0000] {processor.py:840} INFO - DAG(s) 'reports_etl_dag' retrieved from /opt/airflow/dags/reports_etl_dag.py
[2026-01-24T09:51:58.751+0000] {logging_mixin.py:188} INFO - [2026-01-24T09:51:58.751+0000] {dag.py:3096} INFO - Sync 1 DAGs
[2026-01-24T09:51:58.774+0000] {logging_mixin.py:188} INFO - [2026-01-24T09:51:58.774+0000] {dag.py:3954} INFO - Setting next_dagrun for reports_etl_dag to 2026-01-24 09:48:00+00:00, run_after=2026-01-24 09:51:00+00:00
[2026-01-24T09:51:58.791+0000] {processor.py:183} INFO - Processing /opt/airflow/dags/reports_etl_dag.py took 0.396 seconds
[2026-01-24T09:52:29.174+0000] {processor.py:161} INFO - Started process (PID=413) to work on /opt/airflow/dags/reports_etl_dag.py
[2026-01-24T09:52:29.175+0000] {processor.py:830} INFO - Processing file /opt/airflow/dags/reports_etl_dag.py for tasks to queue
[2026-01-24T09:52:29.177+0000] {logging_mixin.py:188} INFO - [2026-01-24T09:52:29.177+0000] {dagbag.py:545} INFO - Filling up the DagBag from /opt/airflow/dags/reports_etl_dag.py
[2026-01-24T09:52:29.497+0000] {processor.py:840} INFO - DAG(s) 'reports_etl_dag' retrieved from /opt/airflow/dags/reports_etl_dag.py
[2026-01-24T09:52:29.533+0000] {logging_mixin.py:188} INFO - [2026-01-24T09:52:29.533+0000] {dag.py:3096} INFO - Sync 1 DAGs
[2026-01-24T09:52:29.557+0000] {logging_mixin.py:188} INFO - [2026-01-24T09:52:29.556+0000] {dag.py:3954} INFO - Setting next_dagrun for reports_etl_dag to 2026-01-24 09:48:00+00:00, run_after=2026-01-24 09:51:00+00:00
[2026-01-24T09:52:29.588+0000] {processor.py:183} INFO - Processing /opt/airflow/dags/reports_etl_dag.py took 0.420 seconds
[2026-01-24T09:53:00.024+0000] {processor.py:161} INFO - Started process (PID=426) to work on /opt/airflow/dags/reports_etl_dag.py
[2026-01-24T09:53:00.025+0000] {processor.py:830} INFO - Processing file /opt/airflow/dags/reports_etl_dag.py for tasks to queue
[2026-01-24T09:53:00.026+0000] {logging_mixin.py:188} INFO - [2026-01-24T09:53:00.026+0000] {dagbag.py:545} INFO - Filling up the DagBag from /opt/airflow/dags/reports_etl_dag.py
[2026-01-24T09:53:00.342+0000] {processor.py:840} INFO - DAG(s) 'reports_etl_dag' retrieved from /opt/airflow/dags/reports_etl_dag.py
[2026-01-24T09:53:00.380+0000] {logging_mixin.py:188} INFO - [2026-01-24T09:53:00.379+0000] {dag.py:3096} INFO - Sync 1 DAGs
[2026-01-24T09:53:00.403+0000] {logging_mixin.py:188} INFO - [2026-01-24T09:53:00.403+0000] {dag.py:3954} INFO - Setting next_dagrun for reports_etl_dag to 2026-01-24 09:48:00+00:00, run_after=2026-01-24 09:51:00+00:00
[2026-01-24T09:53:00.425+0000] {processor.py:183} INFO - Processing /opt/airflow/dags/reports_etl_dag.py took 0.406 seconds
[2026-01-24T09:53:30.830+0000] {processor.py:161} INFO - Started process (PID=439) to work on /opt/airflow/dags/reports_etl_dag.py
[2026-01-24T09:53:30.831+0000] {processor.py:830} INFO - Processing file /opt/airflow/dags/reports_etl_dag.py for tasks to queue
[2026-01-24T09:53:30.832+0000] {logging_mixin.py:188} INFO - [2026-01-24T09:53:30.832+0000] {dagbag.py:545} INFO - Filling up the DagBag from /opt/airflow/dags/reports_etl_dag.py
[2026-01-24T09:53:31.147+0000] {processor.py:840} INFO - DAG(s) 'reports_etl_dag' retrieved from /opt/airflow/dags/reports_etl_dag.py
[2026-01-24T09:53:31.187+0000] {logging_mixin.py:188} INFO - [2026-01-24T09:53:31.187+0000] {dag.py:3096} INFO - Sync 1 DAGs
[2026-01-24T09:53:31.215+0000] {logging_mixin.py:188} INFO - [2026-01-24T09:53:31.215+0000] {dag.py:3954} INFO - Setting next_dagrun for reports_etl_dag to 2026-01-24 09:48:00+00:00, run_after=2026-01-24 09:51:00+00:00
[2026-01-24T09:53:31.234+0000] {processor.py:183} INFO - Processing /opt/airflow/dags/reports_etl_dag.py took 0.411 seconds
[2026-01-24T09:54:01.808+0000] {processor.py:161} INFO - Started process (PID=452) to work on /opt/airflow/dags/reports_etl_dag.py
[2026-01-24T09:54:01.809+0000] {processor.py:830} INFO - Processing file /opt/airflow/dags/reports_etl_dag.py for tasks to queue
[2026-01-24T09:54:01.811+0000] {logging_mixin.py:188} INFO - [2026-01-24T09:54:01.810+0000] {dagbag.py:545} INFO - Filling up the DagBag from /opt/airflow/dags/reports_etl_dag.py
[2026-01-24T09:54:02.134+0000] {processor.py:840} INFO - DAG(s) 'reports_etl_dag' retrieved from /opt/airflow/dags/reports_etl_dag.py
[2026-01-24T09:54:02.173+0000] {logging_mixin.py:188} INFO - [2026-01-24T09:54:02.173+0000] {dag.py:3096} INFO - Sync 1 DAGs
[2026-01-24T09:54:02.199+0000] {logging_mixin.py:188} INFO - [2026-01-24T09:54:02.199+0000] {dag.py:3954} INFO - Setting next_dagrun for reports_etl_dag to 2026-01-24 09:51:00+00:00, run_after=2026-01-24 09:54:00+00:00
[2026-01-24T09:54:02.232+0000] {processor.py:183} INFO - Processing /opt/airflow/dags/reports_etl_dag.py took 0.430 seconds
[2026-01-24T09:54:32.621+0000] {processor.py:161} INFO - Started process (PID=465) to work on /opt/airflow/dags/reports_etl_dag.py
[2026-01-24T09:54:32.622+0000] {processor.py:830} INFO - Processing file /opt/airflow/dags/reports_etl_dag.py for tasks to queue
[2026-01-24T09:54:32.623+0000] {logging_mixin.py:188} INFO - [2026-01-24T09:54:32.623+0000] {dagbag.py:545} INFO - Filling up the DagBag from /opt/airflow/dags/reports_etl_dag.py
[2026-01-24T09:54:33.037+0000] {processor.py:840} INFO - DAG(s) 'reports_etl_dag' retrieved from /opt/airflow/dags/reports_etl_dag.py
[2026-01-24T09:54:33.080+0000] {logging_mixin.py:188} INFO - [2026-01-24T09:54:33.080+0000] {dag.py:3096} INFO - Sync 1 DAGs
[2026-01-24T09:54:33.109+0000] {logging_mixin.py:188} INFO - [2026-01-24T09:54:33.109+0000] {dag.py:3954} INFO - Setting next_dagrun for reports_etl_dag to 2026-01-24 09:51:00+00:00, run_after=2026-01-24 09:54:00+00:00
[2026-01-24T09:54:33.144+0000] {processor.py:183} INFO - Processing /opt/airflow/dags/reports_etl_dag.py took 0.529 seconds
[2026-01-24T09:55:03.553+0000] {processor.py:161} INFO - Started process (PID=478) to work on /opt/airflow/dags/reports_etl_dag.py
[2026-01-24T09:55:03.554+0000] {processor.py:830} INFO - Processing file /opt/airflow/dags/reports_etl_dag.py for tasks to queue
[2026-01-24T09:55:03.556+0000] {logging_mixin.py:188} INFO - [2026-01-24T09:55:03.555+0000] {dagbag.py:545} INFO - Filling up the DagBag from /opt/airflow/dags/reports_etl_dag.py
[2026-01-24T09:55:03.887+0000] {processor.py:840} INFO - DAG(s) 'reports_etl_dag' retrieved from /opt/airflow/dags/reports_etl_dag.py
[2026-01-24T09:55:03.928+0000] {logging_mixin.py:188} INFO - [2026-01-24T09:55:03.927+0000] {dag.py:3096} INFO - Sync 1 DAGs
[2026-01-24T09:55:03.955+0000] {logging_mixin.py:188} INFO - [2026-01-24T09:55:03.955+0000] {dag.py:3954} INFO - Setting next_dagrun for reports_etl_dag to 2026-01-24 09:51:00+00:00, run_after=2026-01-24 09:54:00+00:00
[2026-01-24T09:55:04.124+0000] {processor.py:183} INFO - Processing /opt/airflow/dags/reports_etl_dag.py took 0.576 seconds
[2026-01-24T09:55:34.544+0000] {processor.py:161} INFO - Started process (PID=491) to work on /opt/airflow/dags/reports_etl_dag.py
[2026-01-24T09:55:34.545+0000] {processor.py:830} INFO - Processing file /opt/airflow/dags/reports_etl_dag.py for tasks to queue
[2026-01-24T09:55:34.547+0000] {logging_mixin.py:188} INFO - [2026-01-24T09:55:34.546+0000] {dagbag.py:545} INFO - Filling up the DagBag from /opt/airflow/dags/reports_etl_dag.py
[2026-01-24T09:55:34.875+0000] {processor.py:840} INFO - DAG(s) 'reports_etl_dag' retrieved from /opt/airflow/dags/reports_etl_dag.py
[2026-01-24T09:55:34.912+0000] {logging_mixin.py:188} INFO - [2026-01-24T09:55:34.912+0000] {dag.py:3096} INFO - Sync 1 DAGs
[2026-01-24T09:55:34.936+0000] {logging_mixin.py:188} INFO - [2026-01-24T09:55:34.936+0000] {dag.py:3954} INFO - Setting next_dagrun for reports_etl_dag to 2026-01-24 09:51:00+00:00, run_after=2026-01-24 09:54:00+00:00
[2026-01-24T09:55:34.954+0000] {processor.py:183} INFO - Processing /opt/airflow/dags/reports_etl_dag.py took 0.416 seconds
[2026-01-24T09:56:05.320+0000] {processor.py:161} INFO - Started process (PID=504) to work on /opt/airflow/dags/reports_etl_dag.py
[2026-01-24T09:56:05.321+0000] {processor.py:830} INFO - Processing file /opt/airflow/dags/reports_etl_dag.py for tasks to queue
[2026-01-24T09:56:05.323+0000] {logging_mixin.py:188} INFO - [2026-01-24T09:56:05.323+0000] {dagbag.py:545} INFO - Filling up the DagBag from /opt/airflow/dags/reports_etl_dag.py
[2026-01-24T09:56:05.671+0000] {processor.py:840} INFO - DAG(s) 'reports_etl_dag' retrieved from /opt/airflow/dags/reports_etl_dag.py
[2026-01-24T09:56:05.708+0000] {logging_mixin.py:188} INFO - [2026-01-24T09:56:05.708+0000] {dag.py:3096} INFO - Sync 1 DAGs
[2026-01-24T09:56:05.732+0000] {logging_mixin.py:188} INFO - [2026-01-24T09:56:05.732+0000] {dag.py:3954} INFO - Setting next_dagrun for reports_etl_dag to 2026-01-24 09:51:00+00:00, run_after=2026-01-24 09:54:00+00:00
[2026-01-24T09:56:05.751+0000] {processor.py:183} INFO - Processing /opt/airflow/dags/reports_etl_dag.py took 0.436 seconds
[2026-01-24T09:56:36.199+0000] {processor.py:161} INFO - Started process (PID=517) to work on /opt/airflow/dags/reports_etl_dag.py
[2026-01-24T09:56:36.200+0000] {processor.py:830} INFO - Processing file /opt/airflow/dags/reports_etl_dag.py for tasks to queue
[2026-01-24T09:56:36.201+0000] {logging_mixin.py:188} INFO - [2026-01-24T09:56:36.201+0000] {dagbag.py:545} INFO - Filling up the DagBag from /opt/airflow/dags/reports_etl_dag.py
[2026-01-24T09:56:36.522+0000] {processor.py:840} INFO - DAG(s) 'reports_etl_dag' retrieved from /opt/airflow/dags/reports_etl_dag.py
[2026-01-24T09:56:36.560+0000] {logging_mixin.py:188} INFO - [2026-01-24T09:56:36.560+0000] {dag.py:3096} INFO - Sync 1 DAGs
[2026-01-24T09:56:36.682+0000] {logging_mixin.py:188} INFO - [2026-01-24T09:56:36.682+0000] {dag.py:3954} INFO - Setting next_dagrun for reports_etl_dag to 2026-01-24 09:51:00+00:00, run_after=2026-01-24 09:54:00+00:00
[2026-01-24T09:56:36.737+0000] {processor.py:183} INFO - Processing /opt/airflow/dags/reports_etl_dag.py took 0.544 seconds
[2026-01-24T09:57:07.183+0000] {processor.py:161} INFO - Started process (PID=530) to work on /opt/airflow/dags/reports_etl_dag.py
[2026-01-24T09:57:07.184+0000] {processor.py:830} INFO - Processing file /opt/airflow/dags/reports_etl_dag.py for tasks to queue
[2026-01-24T09:57:07.186+0000] {logging_mixin.py:188} INFO - [2026-01-24T09:57:07.185+0000] {dagbag.py:545} INFO - Filling up the DagBag from /opt/airflow/dags/reports_etl_dag.py
[2026-01-24T09:57:07.503+0000] {processor.py:840} INFO - DAG(s) 'reports_etl_dag' retrieved from /opt/airflow/dags/reports_etl_dag.py
[2026-01-24T09:57:07.541+0000] {logging_mixin.py:188} INFO - [2026-01-24T09:57:07.541+0000] {dag.py:3096} INFO - Sync 1 DAGs
[2026-01-24T09:57:07.565+0000] {logging_mixin.py:188} INFO - [2026-01-24T09:57:07.565+0000] {dag.py:3954} INFO - Setting next_dagrun for reports_etl_dag to 2026-01-24 09:54:00+00:00, run_after=2026-01-24 09:57:00+00:00
[2026-01-24T09:57:07.596+0000] {processor.py:183} INFO - Processing /opt/airflow/dags/reports_etl_dag.py took 0.418 seconds
[2026-01-24T09:57:38.016+0000] {processor.py:161} INFO - Started process (PID=543) to work on /opt/airflow/dags/reports_etl_dag.py
[2026-01-24T09:57:38.017+0000] {processor.py:830} INFO - Processing file /opt/airflow/dags/reports_etl_dag.py for tasks to queue
[2026-01-24T09:57:38.018+0000] {logging_mixin.py:188} INFO - [2026-01-24T09:57:38.018+0000] {dagbag.py:545} INFO - Filling up the DagBag from /opt/airflow/dags/reports_etl_dag.py
[2026-01-24T09:57:38.340+0000] {processor.py:840} INFO - DAG(s) 'reports_etl_dag' retrieved from /opt/airflow/dags/reports_etl_dag.py
[2026-01-24T09:57:38.380+0000] {logging_mixin.py:188} INFO - [2026-01-24T09:57:38.379+0000] {dag.py:3096} INFO - Sync 1 DAGs
[2026-01-24T09:57:38.406+0000] {logging_mixin.py:188} INFO - [2026-01-24T09:57:38.406+0000] {dag.py:3954} INFO - Setting next_dagrun for reports_etl_dag to 2026-01-24 09:54:00+00:00, run_after=2026-01-24 09:57:00+00:00
[2026-01-24T09:57:38.533+0000] {processor.py:183} INFO - Processing /opt/airflow/dags/reports_etl_dag.py took 0.523 seconds
[2026-01-24T09:58:08.955+0000] {processor.py:161} INFO - Started process (PID=556) to work on /opt/airflow/dags/reports_etl_dag.py
[2026-01-24T09:58:08.955+0000] {processor.py:830} INFO - Processing file /opt/airflow/dags/reports_etl_dag.py for tasks to queue
[2026-01-24T09:58:08.957+0000] {logging_mixin.py:188} INFO - [2026-01-24T09:58:08.957+0000] {dagbag.py:545} INFO - Filling up the DagBag from /opt/airflow/dags/reports_etl_dag.py
[2026-01-24T09:58:09.276+0000] {processor.py:840} INFO - DAG(s) 'reports_etl_dag' retrieved from /opt/airflow/dags/reports_etl_dag.py
[2026-01-24T09:58:09.315+0000] {logging_mixin.py:188} INFO - [2026-01-24T09:58:09.315+0000] {dag.py:3096} INFO - Sync 1 DAGs
[2026-01-24T09:58:09.341+0000] {logging_mixin.py:188} INFO - [2026-01-24T09:58:09.341+0000] {dag.py:3954} INFO - Setting next_dagrun for reports_etl_dag to 2026-01-24 09:54:00+00:00, run_after=2026-01-24 09:57:00+00:00
[2026-01-24T09:58:09.372+0000] {processor.py:183} INFO - Processing /opt/airflow/dags/reports_etl_dag.py took 0.423 seconds
[2026-01-24T09:58:39.772+0000] {processor.py:161} INFO - Started process (PID=569) to work on /opt/airflow/dags/reports_etl_dag.py
[2026-01-24T09:58:39.773+0000] {processor.py:830} INFO - Processing file /opt/airflow/dags/reports_etl_dag.py for tasks to queue
[2026-01-24T09:58:39.774+0000] {logging_mixin.py:188} INFO - [2026-01-24T09:58:39.774+0000] {dagbag.py:545} INFO - Filling up the DagBag from /opt/airflow/dags/reports_etl_dag.py
[2026-01-24T09:58:40.092+0000] {processor.py:840} INFO - DAG(s) 'reports_etl_dag' retrieved from /opt/airflow/dags/reports_etl_dag.py
[2026-01-24T09:58:40.140+0000] {logging_mixin.py:188} INFO - [2026-01-24T09:58:40.139+0000] {dag.py:3096} INFO - Sync 1 DAGs
[2026-01-24T09:58:40.165+0000] {logging_mixin.py:188} INFO - [2026-01-24T09:58:40.165+0000] {dag.py:3954} INFO - Setting next_dagrun for reports_etl_dag to 2026-01-24 09:54:00+00:00, run_after=2026-01-24 09:57:00+00:00
[2026-01-24T09:58:40.188+0000] {processor.py:183} INFO - Processing /opt/airflow/dags/reports_etl_dag.py took 0.422 seconds
[2026-01-24T09:59:10.596+0000] {processor.py:161} INFO - Started process (PID=582) to work on /opt/airflow/dags/reports_etl_dag.py
[2026-01-24T09:59:10.597+0000] {processor.py:830} INFO - Processing file /opt/airflow/dags/reports_etl_dag.py for tasks to queue
[2026-01-24T09:59:10.598+0000] {logging_mixin.py:188} INFO - [2026-01-24T09:59:10.598+0000] {dagbag.py:545} INFO - Filling up the DagBag from /opt/airflow/dags/reports_etl_dag.py
[2026-01-24T09:59:10.928+0000] {processor.py:840} INFO - DAG(s) 'reports_etl_dag' retrieved from /opt/airflow/dags/reports_etl_dag.py
[2026-01-24T09:59:10.965+0000] {logging_mixin.py:188} INFO - [2026-01-24T09:59:10.965+0000] {dag.py:3096} INFO - Sync 1 DAGs
[2026-01-24T09:59:11.098+0000] {logging_mixin.py:188} INFO - [2026-01-24T09:59:11.098+0000] {dag.py:3954} INFO - Setting next_dagrun for reports_etl_dag to 2026-01-24 09:54:00+00:00, run_after=2026-01-24 09:57:00+00:00
[2026-01-24T09:59:11.129+0000] {processor.py:183} INFO - Processing /opt/airflow/dags/reports_etl_dag.py took 0.539 seconds
[2026-01-24T09:59:41.526+0000] {processor.py:161} INFO - Started process (PID=595) to work on /opt/airflow/dags/reports_etl_dag.py
[2026-01-24T09:59:41.526+0000] {processor.py:830} INFO - Processing file /opt/airflow/dags/reports_etl_dag.py for tasks to queue
[2026-01-24T09:59:41.528+0000] {logging_mixin.py:188} INFO - [2026-01-24T09:59:41.528+0000] {dagbag.py:545} INFO - Filling up the DagBag from /opt/airflow/dags/reports_etl_dag.py
[2026-01-24T09:59:41.851+0000] {processor.py:840} INFO - DAG(s) 'reports_etl_dag' retrieved from /opt/airflow/dags/reports_etl_dag.py
[2026-01-24T09:59:41.983+0000] {logging_mixin.py:188} INFO - [2026-01-24T09:59:41.982+0000] {dag.py:3096} INFO - Sync 1 DAGs
[2026-01-24T09:59:42.006+0000] {logging_mixin.py:188} INFO - [2026-01-24T09:59:42.006+0000] {dag.py:3954} INFO - Setting next_dagrun for reports_etl_dag to 2026-01-24 09:54:00+00:00, run_after=2026-01-24 09:57:00+00:00
[2026-01-24T09:59:42.035+0000] {processor.py:183} INFO - Processing /opt/airflow/dags/reports_etl_dag.py took 0.515 seconds
[2026-01-24T10:00:12.406+0000] {processor.py:161} INFO - Started process (PID=608) to work on /opt/airflow/dags/reports_etl_dag.py
[2026-01-24T10:00:12.407+0000] {processor.py:830} INFO - Processing file /opt/airflow/dags/reports_etl_dag.py for tasks to queue
[2026-01-24T10:00:12.408+0000] {logging_mixin.py:188} INFO - [2026-01-24T10:00:12.408+0000] {dagbag.py:545} INFO - Filling up the DagBag from /opt/airflow/dags/reports_etl_dag.py
[2026-01-24T10:00:12.725+0000] {processor.py:840} INFO - DAG(s) 'reports_etl_dag' retrieved from /opt/airflow/dags/reports_etl_dag.py
[2026-01-24T10:00:12.763+0000] {logging_mixin.py:188} INFO - [2026-01-24T10:00:12.763+0000] {dag.py:3096} INFO - Sync 1 DAGs
[2026-01-24T10:00:12.892+0000] {logging_mixin.py:188} INFO - [2026-01-24T10:00:12.891+0000] {dag.py:3954} INFO - Setting next_dagrun for reports_etl_dag to 2026-01-24 09:57:00+00:00, run_after=2026-01-24 10:00:00+00:00
[2026-01-24T10:00:12.926+0000] {processor.py:183} INFO - Processing /opt/airflow/dags/reports_etl_dag.py took 0.526 seconds
[2026-01-24T10:00:43.322+0000] {processor.py:161} INFO - Started process (PID=621) to work on /opt/airflow/dags/reports_etl_dag.py
[2026-01-24T10:00:43.323+0000] {processor.py:830} INFO - Processing file /opt/airflow/dags/reports_etl_dag.py for tasks to queue
[2026-01-24T10:00:43.325+0000] {logging_mixin.py:188} INFO - [2026-01-24T10:00:43.324+0000] {dagbag.py:545} INFO - Filling up the DagBag from /opt/airflow/dags/reports_etl_dag.py
[2026-01-24T10:00:43.643+0000] {processor.py:840} INFO - DAG(s) 'reports_etl_dag' retrieved from /opt/airflow/dags/reports_etl_dag.py
[2026-01-24T10:00:43.782+0000] {logging_mixin.py:188} INFO - [2026-01-24T10:00:43.782+0000] {dag.py:3096} INFO - Sync 1 DAGs
[2026-01-24T10:00:43.807+0000] {logging_mixin.py:188} INFO - [2026-01-24T10:00:43.807+0000] {dag.py:3954} INFO - Setting next_dagrun for reports_etl_dag to 2026-01-24 09:57:00+00:00, run_after=2026-01-24 10:00:00+00:00
[2026-01-24T10:00:43.837+0000] {processor.py:183} INFO - Processing /opt/airflow/dags/reports_etl_dag.py took 0.521 seconds
[2026-01-24T10:01:14.175+0000] {processor.py:161} INFO - Started process (PID=634) to work on /opt/airflow/dags/reports_etl_dag.py
[2026-01-24T10:01:14.176+0000] {processor.py:830} INFO - Processing file /opt/airflow/dags/reports_etl_dag.py for tasks to queue
[2026-01-24T10:01:14.178+0000] {logging_mixin.py:188} INFO - [2026-01-24T10:01:14.177+0000] {dagbag.py:545} INFO - Filling up the DagBag from /opt/airflow/dags/reports_etl_dag.py
[2026-01-24T10:01:14.504+0000] {processor.py:840} INFO - DAG(s) 'reports_etl_dag' retrieved from /opt/airflow/dags/reports_etl_dag.py
[2026-01-24T10:01:14.541+0000] {logging_mixin.py:188} INFO - [2026-01-24T10:01:14.540+0000] {dag.py:3096} INFO - Sync 1 DAGs
[2026-01-24T10:01:14.566+0000] {logging_mixin.py:188} INFO - [2026-01-24T10:01:14.565+0000] {dag.py:3954} INFO - Setting next_dagrun for reports_etl_dag to 2026-01-24 09:57:00+00:00, run_after=2026-01-24 10:00:00+00:00
[2026-01-24T10:01:14.686+0000] {processor.py:183} INFO - Processing /opt/airflow/dags/reports_etl_dag.py took 0.516 seconds
[2026-01-24T10:01:45.106+0000] {processor.py:161} INFO - Started process (PID=647) to work on /opt/airflow/dags/reports_etl_dag.py
[2026-01-24T10:01:45.107+0000] {processor.py:830} INFO - Processing file /opt/airflow/dags/reports_etl_dag.py for tasks to queue
[2026-01-24T10:01:45.109+0000] {logging_mixin.py:188} INFO - [2026-01-24T10:01:45.109+0000] {dagbag.py:545} INFO - Filling up the DagBag from /opt/airflow/dags/reports_etl_dag.py
[2026-01-24T10:01:45.431+0000] {processor.py:840} INFO - DAG(s) 'reports_etl_dag' retrieved from /opt/airflow/dags/reports_etl_dag.py
[2026-01-24T10:01:45.467+0000] {logging_mixin.py:188} INFO - [2026-01-24T10:01:45.466+0000] {dag.py:3096} INFO - Sync 1 DAGs
[2026-01-24T10:01:45.599+0000] {logging_mixin.py:188} INFO - [2026-01-24T10:01:45.599+0000] {dag.py:3954} INFO - Setting next_dagrun for reports_etl_dag to 2026-01-24 09:57:00+00:00, run_after=2026-01-24 10:00:00+00:00
[2026-01-24T10:01:45.629+0000] {processor.py:183} INFO - Processing /opt/airflow/dags/reports_etl_dag.py took 0.529 seconds
[2026-01-24T10:02:15.880+0000] {processor.py:161} INFO - Started process (PID=660) to work on /opt/airflow/dags/reports_etl_dag.py
[2026-01-24T10:02:15.881+0000] {processor.py:830} INFO - Processing file /opt/airflow/dags/reports_etl_dag.py for tasks to queue
[2026-01-24T10:02:15.883+0000] {logging_mixin.py:188} INFO - [2026-01-24T10:02:15.883+0000] {dagbag.py:545} INFO - Filling up the DagBag from /opt/airflow/dags/reports_etl_dag.py
[2026-01-24T10:02:16.353+0000] {processor.py:840} INFO - DAG(s) 'reports_etl_dag' retrieved from /opt/airflow/dags/reports_etl_dag.py
[2026-01-24T10:02:16.390+0000] {logging_mixin.py:188} INFO - [2026-01-24T10:02:16.390+0000] {dag.py:3096} INFO - Sync 1 DAGs
[2026-01-24T10:02:16.414+0000] {logging_mixin.py:188} INFO - [2026-01-24T10:02:16.414+0000] {dag.py:3954} INFO - Setting next_dagrun for reports_etl_dag to 2026-01-24 09:57:00+00:00, run_after=2026-01-24 10:00:00+00:00
[2026-01-24T10:02:16.443+0000] {processor.py:183} INFO - Processing /opt/airflow/dags/reports_etl_dag.py took 0.569 seconds
[2026-01-24T10:02:46.896+0000] {processor.py:161} INFO - Started process (PID=673) to work on /opt/airflow/dags/reports_etl_dag.py
[2026-01-24T10:02:46.897+0000] {processor.py:830} INFO - Processing file /opt/airflow/dags/reports_etl_dag.py for tasks to queue
[2026-01-24T10:02:46.898+0000] {logging_mixin.py:188} INFO - [2026-01-24T10:02:46.898+0000] {dagbag.py:545} INFO - Filling up the DagBag from /opt/airflow/dags/reports_etl_dag.py
[2026-01-24T10:02:47.244+0000] {processor.py:840} INFO - DAG(s) 'reports_etl_dag' retrieved from /opt/airflow/dags/reports_etl_dag.py
[2026-01-24T10:02:47.286+0000] {logging_mixin.py:188} INFO - [2026-01-24T10:02:47.286+0000] {dag.py:3096} INFO - Sync 1 DAGs
[2026-01-24T10:02:47.429+0000] {logging_mixin.py:188} INFO - [2026-01-24T10:02:47.428+0000] {dag.py:3954} INFO - Setting next_dagrun for reports_etl_dag to 2026-01-24 09:57:00+00:00, run_after=2026-01-24 10:00:00+00:00
[2026-01-24T10:02:47.447+0000] {processor.py:183} INFO - Processing /opt/airflow/dags/reports_etl_dag.py took 0.557 seconds
[2026-01-24T10:03:17.796+0000] {processor.py:161} INFO - Started process (PID=679) to work on /opt/airflow/dags/reports_etl_dag.py
[2026-01-24T10:03:17.797+0000] {processor.py:830} INFO - Processing file /opt/airflow/dags/reports_etl_dag.py for tasks to queue
[2026-01-24T10:03:17.798+0000] {logging_mixin.py:188} INFO - [2026-01-24T10:03:17.798+0000] {dagbag.py:545} INFO - Filling up the DagBag from /opt/airflow/dags/reports_etl_dag.py
[2026-01-24T10:03:18.121+0000] {processor.py:840} INFO - DAG(s) 'reports_etl_dag' retrieved from /opt/airflow/dags/reports_etl_dag.py
[2026-01-24T10:03:18.262+0000] {logging_mixin.py:188} INFO - [2026-01-24T10:03:18.261+0000] {dag.py:3096} INFO - Sync 1 DAGs
[2026-01-24T10:03:18.285+0000] {logging_mixin.py:188} INFO - [2026-01-24T10:03:18.284+0000] {dag.py:3954} INFO - Setting next_dagrun for reports_etl_dag to 2026-01-24 10:00:00+00:00, run_after=2026-01-24 10:03:00+00:00
[2026-01-24T10:03:18.302+0000] {processor.py:183} INFO - Processing /opt/airflow/dags/reports_etl_dag.py took 0.511 seconds
[2026-01-24T10:03:48.660+0000] {processor.py:161} INFO - Started process (PID=692) to work on /opt/airflow/dags/reports_etl_dag.py
[2026-01-24T10:03:48.661+0000] {processor.py:830} INFO - Processing file /opt/airflow/dags/reports_etl_dag.py for tasks to queue
[2026-01-24T10:03:48.662+0000] {logging_mixin.py:188} INFO - [2026-01-24T10:03:48.662+0000] {dagbag.py:545} INFO - Filling up the DagBag from /opt/airflow/dags/reports_etl_dag.py
[2026-01-24T10:03:49.080+0000] {processor.py:840} INFO - DAG(s) 'reports_etl_dag' retrieved from /opt/airflow/dags/reports_etl_dag.py
[2026-01-24T10:03:49.115+0000] {logging_mixin.py:188} INFO - [2026-01-24T10:03:49.115+0000] {dag.py:3096} INFO - Sync 1 DAGs
[2026-01-24T10:03:49.137+0000] {logging_mixin.py:188} INFO - [2026-01-24T10:03:49.137+0000] {dag.py:3954} INFO - Setting next_dagrun for reports_etl_dag to 2026-01-24 10:00:00+00:00, run_after=2026-01-24 10:03:00+00:00
[2026-01-24T10:03:49.166+0000] {processor.py:183} INFO - Processing /opt/airflow/dags/reports_etl_dag.py took 0.513 seconds
[2026-01-24T10:04:19.486+0000] {processor.py:161} INFO - Started process (PID=705) to work on /opt/airflow/dags/reports_etl_dag.py
[2026-01-24T10:04:19.487+0000] {processor.py:830} INFO - Processing file /opt/airflow/dags/reports_etl_dag.py for tasks to queue
[2026-01-24T10:04:19.489+0000] {logging_mixin.py:188} INFO - [2026-01-24T10:04:19.488+0000] {dagbag.py:545} INFO - Filling up the DagBag from /opt/airflow/dags/reports_etl_dag.py
[2026-01-24T10:04:19.807+0000] {processor.py:840} INFO - DAG(s) 'reports_etl_dag' retrieved from /opt/airflow/dags/reports_etl_dag.py
[2026-01-24T10:04:19.844+0000] {logging_mixin.py:188} INFO - [2026-01-24T10:04:19.844+0000] {dag.py:3096} INFO - Sync 1 DAGs
[2026-01-24T10:04:19.968+0000] {logging_mixin.py:188} INFO - [2026-01-24T10:04:19.968+0000] {dag.py:3954} INFO - Setting next_dagrun for reports_etl_dag to 2026-01-24 10:00:00+00:00, run_after=2026-01-24 10:03:00+00:00
[2026-01-24T10:04:19.999+0000] {processor.py:183} INFO - Processing /opt/airflow/dags/reports_etl_dag.py took 0.518 seconds
[2026-01-24T10:04:50.371+0000] {processor.py:161} INFO - Started process (PID=718) to work on /opt/airflow/dags/reports_etl_dag.py
[2026-01-24T10:04:50.372+0000] {processor.py:830} INFO - Processing file /opt/airflow/dags/reports_etl_dag.py for tasks to queue
[2026-01-24T10:04:50.373+0000] {logging_mixin.py:188} INFO - [2026-01-24T10:04:50.373+0000] {dagbag.py:545} INFO - Filling up the DagBag from /opt/airflow/dags/reports_etl_dag.py
[2026-01-24T10:04:50.802+0000] {processor.py:840} INFO - DAG(s) 'reports_etl_dag' retrieved from /opt/airflow/dags/reports_etl_dag.py
[2026-01-24T10:04:50.839+0000] {logging_mixin.py:188} INFO - [2026-01-24T10:04:50.839+0000] {dag.py:3096} INFO - Sync 1 DAGs
[2026-01-24T10:04:50.863+0000] {logging_mixin.py:188} INFO - [2026-01-24T10:04:50.863+0000] {dag.py:3954} INFO - Setting next_dagrun for reports_etl_dag to 2026-01-24 10:00:00+00:00, run_after=2026-01-24 10:03:00+00:00
[2026-01-24T10:04:50.895+0000] {processor.py:183} INFO - Processing /opt/airflow/dags/reports_etl_dag.py took 0.530 seconds
[2026-01-24T10:05:21.312+0000] {processor.py:161} INFO - Started process (PID=731) to work on /opt/airflow/dags/reports_etl_dag.py
[2026-01-24T10:05:21.313+0000] {processor.py:830} INFO - Processing file /opt/airflow/dags/reports_etl_dag.py for tasks to queue
[2026-01-24T10:05:21.315+0000] {logging_mixin.py:188} INFO - [2026-01-24T10:05:21.314+0000] {dagbag.py:545} INFO - Filling up the DagBag from /opt/airflow/dags/reports_etl_dag.py
[2026-01-24T10:05:21.736+0000] {processor.py:840} INFO - DAG(s) 'reports_etl_dag' retrieved from /opt/airflow/dags/reports_etl_dag.py
[2026-01-24T10:05:21.769+0000] {logging_mixin.py:188} INFO - [2026-01-24T10:05:21.768+0000] {dag.py:3096} INFO - Sync 1 DAGs
[2026-01-24T10:05:21.791+0000] {logging_mixin.py:188} INFO - [2026-01-24T10:05:21.791+0000] {dag.py:3954} INFO - Setting next_dagrun for reports_etl_dag to 2026-01-24 10:00:00+00:00, run_after=2026-01-24 10:03:00+00:00
[2026-01-24T10:05:21.818+0000] {processor.py:183} INFO - Processing /opt/airflow/dags/reports_etl_dag.py took 0.512 seconds
[2026-01-24T10:05:52.081+0000] {processor.py:161} INFO - Started process (PID=744) to work on /opt/airflow/dags/reports_etl_dag.py
[2026-01-24T10:05:52.082+0000] {processor.py:830} INFO - Processing file /opt/airflow/dags/reports_etl_dag.py for tasks to queue
[2026-01-24T10:05:52.084+0000] {logging_mixin.py:188} INFO - [2026-01-24T10:05:52.083+0000] {dagbag.py:545} INFO - Filling up the DagBag from /opt/airflow/dags/reports_etl_dag.py
[2026-01-24T10:05:52.493+0000] {processor.py:840} INFO - DAG(s) 'reports_etl_dag' retrieved from /opt/airflow/dags/reports_etl_dag.py
[2026-01-24T10:05:52.531+0000] {logging_mixin.py:188} INFO - [2026-01-24T10:05:52.530+0000] {dag.py:3096} INFO - Sync 1 DAGs
[2026-01-24T10:05:52.553+0000] {logging_mixin.py:188} INFO - [2026-01-24T10:05:52.553+0000] {dag.py:3954} INFO - Setting next_dagrun for reports_etl_dag to 2026-01-24 10:00:00+00:00, run_after=2026-01-24 10:03:00+00:00
[2026-01-24T10:05:52.570+0000] {processor.py:183} INFO - Processing /opt/airflow/dags/reports_etl_dag.py took 0.495 seconds
[2026-01-24T10:06:22.988+0000] {processor.py:161} INFO - Started process (PID=757) to work on /opt/airflow/dags/reports_etl_dag.py
[2026-01-24T10:06:22.989+0000] {processor.py:830} INFO - Processing file /opt/airflow/dags/reports_etl_dag.py for tasks to queue
[2026-01-24T10:06:22.990+0000] {logging_mixin.py:188} INFO - [2026-01-24T10:06:22.990+0000] {dagbag.py:545} INFO - Filling up the DagBag from /opt/airflow/dags/reports_etl_dag.py
[2026-01-24T10:06:23.456+0000] {processor.py:840} INFO - DAG(s) 'reports_etl_dag' retrieved from /opt/airflow/dags/reports_etl_dag.py
[2026-01-24T10:06:23.490+0000] {logging_mixin.py:188} INFO - [2026-01-24T10:06:23.489+0000] {dag.py:3096} INFO - Sync 1 DAGs
[2026-01-24T10:06:23.515+0000] {logging_mixin.py:188} INFO - [2026-01-24T10:06:23.515+0000] {dag.py:3954} INFO - Setting next_dagrun for reports_etl_dag to 2026-01-24 10:03:00+00:00, run_after=2026-01-24 10:06:00+00:00
[2026-01-24T10:06:23.534+0000] {processor.py:183} INFO - Processing /opt/airflow/dags/reports_etl_dag.py took 0.552 seconds
[2026-01-24T10:06:53.858+0000] {processor.py:161} INFO - Started process (PID=770) to work on /opt/airflow/dags/reports_etl_dag.py
[2026-01-24T10:06:53.859+0000] {processor.py:830} INFO - Processing file /opt/airflow/dags/reports_etl_dag.py for tasks to queue
[2026-01-24T10:06:53.861+0000] {logging_mixin.py:188} INFO - [2026-01-24T10:06:53.860+0000] {dagbag.py:545} INFO - Filling up the DagBag from /opt/airflow/dags/reports_etl_dag.py
[2026-01-24T10:06:54.270+0000] {processor.py:840} INFO - DAG(s) 'reports_etl_dag' retrieved from /opt/airflow/dags/reports_etl_dag.py
[2026-01-24T10:06:54.306+0000] {logging_mixin.py:188} INFO - [2026-01-24T10:06:54.306+0000] {dag.py:3096} INFO - Sync 1 DAGs
[2026-01-24T10:06:54.329+0000] {logging_mixin.py:188} INFO - [2026-01-24T10:06:54.329+0000] {dag.py:3954} INFO - Setting next_dagrun for reports_etl_dag to 2026-01-24 10:03:00+00:00, run_after=2026-01-24 10:06:00+00:00
[2026-01-24T10:06:54.346+0000] {processor.py:183} INFO - Processing /opt/airflow/dags/reports_etl_dag.py took 0.494 seconds
[2026-01-24T10:07:24.714+0000] {processor.py:161} INFO - Started process (PID=783) to work on /opt/airflow/dags/reports_etl_dag.py
[2026-01-24T10:07:24.715+0000] {processor.py:830} INFO - Processing file /opt/airflow/dags/reports_etl_dag.py for tasks to queue
[2026-01-24T10:07:24.717+0000] {logging_mixin.py:188} INFO - [2026-01-24T10:07:24.716+0000] {dagbag.py:545} INFO - Filling up the DagBag from /opt/airflow/dags/reports_etl_dag.py
[2026-01-24T10:07:25.139+0000] {processor.py:840} INFO - DAG(s) 'reports_etl_dag' retrieved from /opt/airflow/dags/reports_etl_dag.py
[2026-01-24T10:07:25.176+0000] {logging_mixin.py:188} INFO - [2026-01-24T10:07:25.175+0000] {dag.py:3096} INFO - Sync 1 DAGs
[2026-01-24T10:07:25.199+0000] {logging_mixin.py:188} INFO - [2026-01-24T10:07:25.199+0000] {dag.py:3954} INFO - Setting next_dagrun for reports_etl_dag to 2026-01-24 10:03:00+00:00, run_after=2026-01-24 10:06:00+00:00
[2026-01-24T10:07:25.227+0000] {processor.py:183} INFO - Processing /opt/airflow/dags/reports_etl_dag.py took 0.519 seconds
[2026-01-24T10:07:55.634+0000] {processor.py:161} INFO - Started process (PID=796) to work on /opt/airflow/dags/reports_etl_dag.py
[2026-01-24T10:07:55.635+0000] {processor.py:830} INFO - Processing file /opt/airflow/dags/reports_etl_dag.py for tasks to queue
[2026-01-24T10:07:55.636+0000] {logging_mixin.py:188} INFO - [2026-01-24T10:07:55.636+0000] {dagbag.py:545} INFO - Filling up the DagBag from /opt/airflow/dags/reports_etl_dag.py
[2026-01-24T10:07:56.062+0000] {processor.py:840} INFO - DAG(s) 'reports_etl_dag' retrieved from /opt/airflow/dags/reports_etl_dag.py
[2026-01-24T10:07:56.103+0000] {logging_mixin.py:188} INFO - [2026-01-24T10:07:56.103+0000] {dag.py:3096} INFO - Sync 1 DAGs
[2026-01-24T10:07:56.130+0000] {logging_mixin.py:188} INFO - [2026-01-24T10:07:56.130+0000] {dag.py:3954} INFO - Setting next_dagrun for reports_etl_dag to 2026-01-24 10:03:00+00:00, run_after=2026-01-24 10:06:00+00:00
[2026-01-24T10:07:56.150+0000] {processor.py:183} INFO - Processing /opt/airflow/dags/reports_etl_dag.py took 0.522 seconds
[2026-01-24T10:08:26.439+0000] {processor.py:161} INFO - Started process (PID=809) to work on /opt/airflow/dags/reports_etl_dag.py
[2026-01-24T10:08:26.440+0000] {processor.py:830} INFO - Processing file /opt/airflow/dags/reports_etl_dag.py for tasks to queue
[2026-01-24T10:08:26.441+0000] {logging_mixin.py:188} INFO - [2026-01-24T10:08:26.441+0000] {dagbag.py:545} INFO - Filling up the DagBag from /opt/airflow/dags/reports_etl_dag.py
[2026-01-24T10:08:26.866+0000] {processor.py:840} INFO - DAG(s) 'reports_etl_dag' retrieved from /opt/airflow/dags/reports_etl_dag.py
[2026-01-24T10:08:26.900+0000] {logging_mixin.py:188} INFO - [2026-01-24T10:08:26.900+0000] {dag.py:3096} INFO - Sync 1 DAGs
[2026-01-24T10:08:26.922+0000] {logging_mixin.py:188} INFO - [2026-01-24T10:08:26.922+0000] {dag.py:3954} INFO - Setting next_dagrun for reports_etl_dag to 2026-01-24 10:03:00+00:00, run_after=2026-01-24 10:06:00+00:00
[2026-01-24T10:08:26.939+0000] {processor.py:183} INFO - Processing /opt/airflow/dags/reports_etl_dag.py took 0.506 seconds
[2026-01-24T10:08:57.352+0000] {processor.py:161} INFO - Started process (PID=822) to work on /opt/airflow/dags/reports_etl_dag.py
[2026-01-24T10:08:57.353+0000] {processor.py:830} INFO - Processing file /opt/airflow/dags/reports_etl_dag.py for tasks to queue
[2026-01-24T10:08:57.355+0000] {logging_mixin.py:188} INFO - [2026-01-24T10:08:57.355+0000] {dagbag.py:545} INFO - Filling up the DagBag from /opt/airflow/dags/reports_etl_dag.py
[2026-01-24T10:08:57.768+0000] {processor.py:840} INFO - DAG(s) 'reports_etl_dag' retrieved from /opt/airflow/dags/reports_etl_dag.py
[2026-01-24T10:08:57.805+0000] {logging_mixin.py:188} INFO - [2026-01-24T10:08:57.804+0000] {dag.py:3096} INFO - Sync 1 DAGs
[2026-01-24T10:08:57.828+0000] {logging_mixin.py:188} INFO - [2026-01-24T10:08:57.828+0000] {dag.py:3954} INFO - Setting next_dagrun for reports_etl_dag to 2026-01-24 10:03:00+00:00, run_after=2026-01-24 10:06:00+00:00
[2026-01-24T10:08:57.845+0000] {processor.py:183} INFO - Processing /opt/airflow/dags/reports_etl_dag.py took 0.498 seconds
[2026-01-24T10:09:28.236+0000] {processor.py:161} INFO - Started process (PID=836) to work on /opt/airflow/dags/reports_etl_dag.py
[2026-01-24T10:09:28.237+0000] {processor.py:830} INFO - Processing file /opt/airflow/dags/reports_etl_dag.py for tasks to queue
[2026-01-24T10:09:28.239+0000] {logging_mixin.py:188} INFO - [2026-01-24T10:09:28.239+0000] {dagbag.py:545} INFO - Filling up the DagBag from /opt/airflow/dags/reports_etl_dag.py
[2026-01-24T10:09:28.656+0000] {processor.py:840} INFO - DAG(s) 'reports_etl_dag' retrieved from /opt/airflow/dags/reports_etl_dag.py
[2026-01-24T10:09:28.692+0000] {logging_mixin.py:188} INFO - [2026-01-24T10:09:28.692+0000] {dag.py:3096} INFO - Sync 1 DAGs
[2026-01-24T10:09:28.715+0000] {logging_mixin.py:188} INFO - [2026-01-24T10:09:28.715+0000] {dag.py:3954} INFO - Setting next_dagrun for reports_etl_dag to 2026-01-24 10:06:00+00:00, run_after=2026-01-24 10:09:00+00:00
[2026-01-24T10:09:28.744+0000] {processor.py:183} INFO - Processing /opt/airflow/dags/reports_etl_dag.py took 0.514 seconds
[2026-01-24T10:09:59.057+0000] {processor.py:161} INFO - Started process (PID=849) to work on /opt/airflow/dags/reports_etl_dag.py
[2026-01-24T10:09:59.058+0000] {processor.py:830} INFO - Processing file /opt/airflow/dags/reports_etl_dag.py for tasks to queue
[2026-01-24T10:09:59.059+0000] {logging_mixin.py:188} INFO - [2026-01-24T10:09:59.059+0000] {dagbag.py:545} INFO - Filling up the DagBag from /opt/airflow/dags/reports_etl_dag.py
[2026-01-24T10:09:59.470+0000] {processor.py:840} INFO - DAG(s) 'reports_etl_dag' retrieved from /opt/airflow/dags/reports_etl_dag.py
[2026-01-24T10:09:59.506+0000] {logging_mixin.py:188} INFO - [2026-01-24T10:09:59.506+0000] {dag.py:3096} INFO - Sync 1 DAGs
[2026-01-24T10:09:59.527+0000] {logging_mixin.py:188} INFO - [2026-01-24T10:09:59.527+0000] {dag.py:3954} INFO - Setting next_dagrun for reports_etl_dag to 2026-01-24 10:06:00+00:00, run_after=2026-01-24 10:09:00+00:00
[2026-01-24T10:09:59.557+0000] {processor.py:183} INFO - Processing /opt/airflow/dags/reports_etl_dag.py took 0.506 seconds
[2026-01-24T10:10:29.890+0000] {processor.py:161} INFO - Started process (PID=862) to work on /opt/airflow/dags/reports_etl_dag.py
[2026-01-24T10:10:29.891+0000] {processor.py:830} INFO - Processing file /opt/airflow/dags/reports_etl_dag.py for tasks to queue
[2026-01-24T10:10:29.892+0000] {logging_mixin.py:188} INFO - [2026-01-24T10:10:29.892+0000] {dagbag.py:545} INFO - Filling up the DagBag from /opt/airflow/dags/reports_etl_dag.py
[2026-01-24T10:10:30.306+0000] {processor.py:840} INFO - DAG(s) 'reports_etl_dag' retrieved from /opt/airflow/dags/reports_etl_dag.py
[2026-01-24T10:10:30.345+0000] {logging_mixin.py:188} INFO - [2026-01-24T10:10:30.345+0000] {dag.py:3096} INFO - Sync 1 DAGs
[2026-01-24T10:10:30.377+0000] {logging_mixin.py:188} INFO - [2026-01-24T10:10:30.377+0000] {dag.py:3954} INFO - Setting next_dagrun for reports_etl_dag to 2026-01-24 10:06:00+00:00, run_after=2026-01-24 10:09:00+00:00
[2026-01-24T10:10:30.395+0000] {processor.py:183} INFO - Processing /opt/airflow/dags/reports_etl_dag.py took 0.511 seconds
[2026-01-24T10:11:00.742+0000] {processor.py:161} INFO - Started process (PID=875) to work on /opt/airflow/dags/reports_etl_dag.py
[2026-01-24T10:11:00.743+0000] {processor.py:830} INFO - Processing file /opt/airflow/dags/reports_etl_dag.py for tasks to queue
[2026-01-24T10:11:00.745+0000] {logging_mixin.py:188} INFO - [2026-01-24T10:11:00.745+0000] {dagbag.py:545} INFO - Filling up the DagBag from /opt/airflow/dags/reports_etl_dag.py
[2026-01-24T10:11:01.209+0000] {processor.py:840} INFO - DAG(s) 'reports_etl_dag' retrieved from /opt/airflow/dags/reports_etl_dag.py
[2026-01-24T10:11:01.248+0000] {logging_mixin.py:188} INFO - [2026-01-24T10:11:01.248+0000] {dag.py:3096} INFO - Sync 1 DAGs
[2026-01-24T10:11:01.272+0000] {logging_mixin.py:188} INFO - [2026-01-24T10:11:01.272+0000] {dag.py:3954} INFO - Setting next_dagrun for reports_etl_dag to 2026-01-24 10:06:00+00:00, run_after=2026-01-24 10:09:00+00:00
[2026-01-24T10:11:01.292+0000] {processor.py:183} INFO - Processing /opt/airflow/dags/reports_etl_dag.py took 0.555 seconds
[2026-01-24T10:11:31.658+0000] {processor.py:161} INFO - Started process (PID=888) to work on /opt/airflow/dags/reports_etl_dag.py
[2026-01-24T10:11:31.659+0000] {processor.py:830} INFO - Processing file /opt/airflow/dags/reports_etl_dag.py for tasks to queue
[2026-01-24T10:11:31.660+0000] {logging_mixin.py:188} INFO - [2026-01-24T10:11:31.660+0000] {dagbag.py:545} INFO - Filling up the DagBag from /opt/airflow/dags/reports_etl_dag.py
[2026-01-24T10:11:32.110+0000] {processor.py:840} INFO - DAG(s) 'reports_etl_dag' retrieved from /opt/airflow/dags/reports_etl_dag.py
[2026-01-24T10:11:32.146+0000] {logging_mixin.py:188} INFO - [2026-01-24T10:11:32.146+0000] {dag.py:3096} INFO - Sync 1 DAGs
[2026-01-24T10:11:32.170+0000] {logging_mixin.py:188} INFO - [2026-01-24T10:11:32.170+0000] {dag.py:3954} INFO - Setting next_dagrun for reports_etl_dag to 2026-01-24 10:06:00+00:00, run_after=2026-01-24 10:09:00+00:00
[2026-01-24T10:11:32.195+0000] {processor.py:183} INFO - Processing /opt/airflow/dags/reports_etl_dag.py took 0.543 seconds
[2026-01-24T10:12:02.427+0000] {processor.py:161} INFO - Started process (PID=901) to work on /opt/airflow/dags/reports_etl_dag.py
[2026-01-24T10:12:02.428+0000] {processor.py:830} INFO - Processing file /opt/airflow/dags/reports_etl_dag.py for tasks to queue
[2026-01-24T10:12:02.430+0000] {logging_mixin.py:188} INFO - [2026-01-24T10:12:02.429+0000] {dagbag.py:545} INFO - Filling up the DagBag from /opt/airflow/dags/reports_etl_dag.py
[2026-01-24T10:12:02.836+0000] {processor.py:840} INFO - DAG(s) 'reports_etl_dag' retrieved from /opt/airflow/dags/reports_etl_dag.py
[2026-01-24T10:12:02.872+0000] {logging_mixin.py:188} INFO - [2026-01-24T10:12:02.872+0000] {dag.py:3096} INFO - Sync 1 DAGs
[2026-01-24T10:12:02.895+0000] {logging_mixin.py:188} INFO - [2026-01-24T10:12:02.895+0000] {dag.py:3954} INFO - Setting next_dagrun for reports_etl_dag to 2026-01-24 10:09:00+00:00, run_after=2026-01-24 10:12:00+00:00
[2026-01-24T10:12:02.925+0000] {processor.py:183} INFO - Processing /opt/airflow/dags/reports_etl_dag.py took 0.504 seconds
[2026-01-24T10:12:33.299+0000] {processor.py:161} INFO - Started process (PID=914) to work on /opt/airflow/dags/reports_etl_dag.py
[2026-01-24T10:12:33.300+0000] {processor.py:830} INFO - Processing file /opt/airflow/dags/reports_etl_dag.py for tasks to queue
[2026-01-24T10:12:33.301+0000] {logging_mixin.py:188} INFO - [2026-01-24T10:12:33.301+0000] {dagbag.py:545} INFO - Filling up the DagBag from /opt/airflow/dags/reports_etl_dag.py
[2026-01-24T10:12:33.753+0000] {processor.py:840} INFO - DAG(s) 'reports_etl_dag' retrieved from /opt/airflow/dags/reports_etl_dag.py
[2026-01-24T10:12:33.787+0000] {logging_mixin.py:188} INFO - [2026-01-24T10:12:33.786+0000] {dag.py:3096} INFO - Sync 1 DAGs
[2026-01-24T10:12:33.810+0000] {logging_mixin.py:188} INFO - [2026-01-24T10:12:33.810+0000] {dag.py:3954} INFO - Setting next_dagrun for reports_etl_dag to 2026-01-24 10:09:00+00:00, run_after=2026-01-24 10:12:00+00:00
[2026-01-24T10:12:33.828+0000] {processor.py:183} INFO - Processing /opt/airflow/dags/reports_etl_dag.py took 0.535 seconds
[2026-01-24T10:13:04.233+0000] {processor.py:161} INFO - Started process (PID=927) to work on /opt/airflow/dags/reports_etl_dag.py
[2026-01-24T10:13:04.234+0000] {processor.py:830} INFO - Processing file /opt/airflow/dags/reports_etl_dag.py for tasks to queue
[2026-01-24T10:13:04.236+0000] {logging_mixin.py:188} INFO - [2026-01-24T10:13:04.236+0000] {dagbag.py:545} INFO - Filling up the DagBag from /opt/airflow/dags/reports_etl_dag.py
[2026-01-24T10:13:04.657+0000] {processor.py:840} INFO - DAG(s) 'reports_etl_dag' retrieved from /opt/airflow/dags/reports_etl_dag.py
[2026-01-24T10:13:04.690+0000] {logging_mixin.py:188} INFO - [2026-01-24T10:13:04.690+0000] {dag.py:3096} INFO - Sync 1 DAGs
[2026-01-24T10:13:04.714+0000] {logging_mixin.py:188} INFO - [2026-01-24T10:13:04.713+0000] {dag.py:3954} INFO - Setting next_dagrun for reports_etl_dag to 2026-01-24 10:09:00+00:00, run_after=2026-01-24 10:12:00+00:00
[2026-01-24T10:13:04.744+0000] {processor.py:183} INFO - Processing /opt/airflow/dags/reports_etl_dag.py took 0.517 seconds
[2026-01-24T10:13:35.056+0000] {processor.py:161} INFO - Started process (PID=940) to work on /opt/airflow/dags/reports_etl_dag.py
[2026-01-24T10:13:35.056+0000] {processor.py:830} INFO - Processing file /opt/airflow/dags/reports_etl_dag.py for tasks to queue
[2026-01-24T10:13:35.058+0000] {logging_mixin.py:188} INFO - [2026-01-24T10:13:35.058+0000] {dagbag.py:545} INFO - Filling up the DagBag from /opt/airflow/dags/reports_etl_dag.py
[2026-01-24T10:13:35.470+0000] {processor.py:840} INFO - DAG(s) 'reports_etl_dag' retrieved from /opt/airflow/dags/reports_etl_dag.py
[2026-01-24T10:13:35.504+0000] {logging_mixin.py:188} INFO - [2026-01-24T10:13:35.503+0000] {dag.py:3096} INFO - Sync 1 DAGs
[2026-01-24T10:13:35.527+0000] {logging_mixin.py:188} INFO - [2026-01-24T10:13:35.526+0000] {dag.py:3954} INFO - Setting next_dagrun for reports_etl_dag to 2026-01-24 10:09:00+00:00, run_after=2026-01-24 10:12:00+00:00
[2026-01-24T10:13:35.557+0000] {processor.py:183} INFO - Processing /opt/airflow/dags/reports_etl_dag.py took 0.508 seconds
[2026-01-24T10:14:05.929+0000] {processor.py:161} INFO - Started process (PID=953) to work on /opt/airflow/dags/reports_etl_dag.py
[2026-01-24T10:14:05.930+0000] {processor.py:830} INFO - Processing file /opt/airflow/dags/reports_etl_dag.py for tasks to queue
[2026-01-24T10:14:05.931+0000] {logging_mixin.py:188} INFO - [2026-01-24T10:14:05.931+0000] {dagbag.py:545} INFO - Filling up the DagBag from /opt/airflow/dags/reports_etl_dag.py
[2026-01-24T10:14:06.363+0000] {processor.py:840} INFO - DAG(s) 'reports_etl_dag' retrieved from /opt/airflow/dags/reports_etl_dag.py
[2026-01-24T10:14:06.399+0000] {logging_mixin.py:188} INFO - [2026-01-24T10:14:06.398+0000] {dag.py:3096} INFO - Sync 1 DAGs
[2026-01-24T10:14:06.422+0000] {logging_mixin.py:188} INFO - [2026-01-24T10:14:06.422+0000] {dag.py:3954} INFO - Setting next_dagrun for reports_etl_dag to 2026-01-24 10:09:00+00:00, run_after=2026-01-24 10:12:00+00:00
[2026-01-24T10:14:06.439+0000] {processor.py:183} INFO - Processing /opt/airflow/dags/reports_etl_dag.py took 0.516 seconds
[2026-01-24T10:14:36.842+0000] {processor.py:161} INFO - Started process (PID=966) to work on /opt/airflow/dags/reports_etl_dag.py
[2026-01-24T10:14:36.843+0000] {processor.py:830} INFO - Processing file /opt/airflow/dags/reports_etl_dag.py for tasks to queue
[2026-01-24T10:14:36.845+0000] {logging_mixin.py:188} INFO - [2026-01-24T10:14:36.844+0000] {dagbag.py:545} INFO - Filling up the DagBag from /opt/airflow/dags/reports_etl_dag.py
[2026-01-24T10:14:37.251+0000] {processor.py:840} INFO - DAG(s) 'reports_etl_dag' retrieved from /opt/airflow/dags/reports_etl_dag.py
[2026-01-24T10:14:37.285+0000] {logging_mixin.py:188} INFO - [2026-01-24T10:14:37.284+0000] {dag.py:3096} INFO - Sync 1 DAGs
[2026-01-24T10:14:37.306+0000] {logging_mixin.py:188} INFO - [2026-01-24T10:14:37.306+0000] {dag.py:3954} INFO - Setting next_dagrun for reports_etl_dag to 2026-01-24 10:09:00+00:00, run_after=2026-01-24 10:12:00+00:00
[2026-01-24T10:14:37.335+0000] {processor.py:183} INFO - Processing /opt/airflow/dags/reports_etl_dag.py took 0.500 seconds
[2026-01-24T10:15:07.641+0000] {processor.py:161} INFO - Started process (PID=979) to work on /opt/airflow/dags/reports_etl_dag.py
[2026-01-24T10:15:07.642+0000] {processor.py:830} INFO - Processing file /opt/airflow/dags/reports_etl_dag.py for tasks to queue
[2026-01-24T10:15:07.644+0000] {logging_mixin.py:188} INFO - [2026-01-24T10:15:07.643+0000] {dagbag.py:545} INFO - Filling up the DagBag from /opt/airflow/dags/reports_etl_dag.py
[2026-01-24T10:15:08.060+0000] {processor.py:840} INFO - DAG(s) 'reports_etl_dag' retrieved from /opt/airflow/dags/reports_etl_dag.py
[2026-01-24T10:15:08.095+0000] {logging_mixin.py:188} INFO - [2026-01-24T10:15:08.095+0000] {dag.py:3096} INFO - Sync 1 DAGs
[2026-01-24T10:15:08.118+0000] {logging_mixin.py:188} INFO - [2026-01-24T10:15:08.118+0000] {dag.py:3954} INFO - Setting next_dagrun for reports_etl_dag to 2026-01-24 10:12:00+00:00, run_after=2026-01-24 10:15:00+00:00
[2026-01-24T10:15:08.147+0000] {processor.py:183} INFO - Processing /opt/airflow/dags/reports_etl_dag.py took 0.512 seconds
[2026-01-24T10:15:38.509+0000] {processor.py:161} INFO - Started process (PID=992) to work on /opt/airflow/dags/reports_etl_dag.py
[2026-01-24T10:15:38.510+0000] {processor.py:830} INFO - Processing file /opt/airflow/dags/reports_etl_dag.py for tasks to queue
[2026-01-24T10:15:38.512+0000] {logging_mixin.py:188} INFO - [2026-01-24T10:15:38.511+0000] {dagbag.py:545} INFO - Filling up the DagBag from /opt/airflow/dags/reports_etl_dag.py
[2026-01-24T10:15:38.926+0000] {processor.py:840} INFO - DAG(s) 'reports_etl_dag' retrieved from /opt/airflow/dags/reports_etl_dag.py
[2026-01-24T10:15:38.963+0000] {logging_mixin.py:188} INFO - [2026-01-24T10:15:38.962+0000] {dag.py:3096} INFO - Sync 1 DAGs
[2026-01-24T10:15:38.985+0000] {logging_mixin.py:188} INFO - [2026-01-24T10:15:38.985+0000] {dag.py:3954} INFO - Setting next_dagrun for reports_etl_dag to 2026-01-24 10:12:00+00:00, run_after=2026-01-24 10:15:00+00:00
[2026-01-24T10:15:39.003+0000] {processor.py:183} INFO - Processing /opt/airflow/dags/reports_etl_dag.py took 0.499 seconds
[2026-01-24T10:16:09.542+0000] {processor.py:161} INFO - Started process (PID=1005) to work on /opt/airflow/dags/reports_etl_dag.py
[2026-01-24T10:16:09.543+0000] {processor.py:830} INFO - Processing file /opt/airflow/dags/reports_etl_dag.py for tasks to queue
[2026-01-24T10:16:09.545+0000] {logging_mixin.py:188} INFO - [2026-01-24T10:16:09.545+0000] {dagbag.py:545} INFO - Filling up the DagBag from /opt/airflow/dags/reports_etl_dag.py
[2026-01-24T10:16:09.951+0000] {processor.py:840} INFO - DAG(s) 'reports_etl_dag' retrieved from /opt/airflow/dags/reports_etl_dag.py
[2026-01-24T10:16:09.988+0000] {logging_mixin.py:188} INFO - [2026-01-24T10:16:09.987+0000] {dag.py:3096} INFO - Sync 1 DAGs
[2026-01-24T10:16:10.012+0000] {logging_mixin.py:188} INFO - [2026-01-24T10:16:10.012+0000] {dag.py:3954} INFO - Setting next_dagrun for reports_etl_dag to 2026-01-24 10:12:00+00:00, run_after=2026-01-24 10:15:00+00:00
[2026-01-24T10:16:10.045+0000] {processor.py:183} INFO - Processing /opt/airflow/dags/reports_etl_dag.py took 0.509 seconds
[2026-01-24T10:16:40.367+0000] {processor.py:161} INFO - Started process (PID=1018) to work on /opt/airflow/dags/reports_etl_dag.py
[2026-01-24T10:16:40.368+0000] {processor.py:830} INFO - Processing file /opt/airflow/dags/reports_etl_dag.py for tasks to queue
[2026-01-24T10:16:40.370+0000] {logging_mixin.py:188} INFO - [2026-01-24T10:16:40.369+0000] {dagbag.py:545} INFO - Filling up the DagBag from /opt/airflow/dags/reports_etl_dag.py
[2026-01-24T10:16:40.790+0000] {processor.py:840} INFO - DAG(s) 'reports_etl_dag' retrieved from /opt/airflow/dags/reports_etl_dag.py
[2026-01-24T10:16:40.825+0000] {logging_mixin.py:188} INFO - [2026-01-24T10:16:40.824+0000] {dag.py:3096} INFO - Sync 1 DAGs
[2026-01-24T10:16:40.848+0000] {logging_mixin.py:188} INFO - [2026-01-24T10:16:40.848+0000] {dag.py:3954} INFO - Setting next_dagrun for reports_etl_dag to 2026-01-24 10:12:00+00:00, run_after=2026-01-24 10:15:00+00:00
[2026-01-24T10:16:40.871+0000] {processor.py:183} INFO - Processing /opt/airflow/dags/reports_etl_dag.py took 0.510 seconds
[2026-01-24T10:17:11.253+0000] {processor.py:161} INFO - Started process (PID=1031) to work on /opt/airflow/dags/reports_etl_dag.py
[2026-01-24T10:17:11.254+0000] {processor.py:830} INFO - Processing file /opt/airflow/dags/reports_etl_dag.py for tasks to queue
[2026-01-24T10:17:11.255+0000] {logging_mixin.py:188} INFO - [2026-01-24T10:17:11.255+0000] {dagbag.py:545} INFO - Filling up the DagBag from /opt/airflow/dags/reports_etl_dag.py
[2026-01-24T10:17:11.682+0000] {processor.py:840} INFO - DAG(s) 'reports_etl_dag' retrieved from /opt/airflow/dags/reports_etl_dag.py
[2026-01-24T10:17:11.717+0000] {logging_mixin.py:188} INFO - [2026-01-24T10:17:11.717+0000] {dag.py:3096} INFO - Sync 1 DAGs
[2026-01-24T10:17:11.739+0000] {logging_mixin.py:188} INFO - [2026-01-24T10:17:11.739+0000] {dag.py:3954} INFO - Setting next_dagrun for reports_etl_dag to 2026-01-24 10:12:00+00:00, run_after=2026-01-24 10:15:00+00:00
[2026-01-24T10:17:11.757+0000] {processor.py:183} INFO - Processing /opt/airflow/dags/reports_etl_dag.py took 0.511 seconds
[2026-01-24T10:17:42.105+0000] {processor.py:161} INFO - Started process (PID=1044) to work on /opt/airflow/dags/reports_etl_dag.py
[2026-01-24T10:17:42.106+0000] {processor.py:830} INFO - Processing file /opt/airflow/dags/reports_etl_dag.py for tasks to queue
[2026-01-24T10:17:42.107+0000] {logging_mixin.py:188} INFO - [2026-01-24T10:17:42.107+0000] {dagbag.py:545} INFO - Filling up the DagBag from /opt/airflow/dags/reports_etl_dag.py
[2026-01-24T10:17:42.538+0000] {processor.py:840} INFO - DAG(s) 'reports_etl_dag' retrieved from /opt/airflow/dags/reports_etl_dag.py
[2026-01-24T10:17:42.573+0000] {logging_mixin.py:188} INFO - [2026-01-24T10:17:42.573+0000] {dag.py:3096} INFO - Sync 1 DAGs
[2026-01-24T10:17:42.599+0000] {logging_mixin.py:188} INFO - [2026-01-24T10:17:42.599+0000] {dag.py:3954} INFO - Setting next_dagrun for reports_etl_dag to 2026-01-24 10:12:00+00:00, run_after=2026-01-24 10:15:00+00:00
[2026-01-24T10:17:42.618+0000] {processor.py:183} INFO - Processing /opt/airflow/dags/reports_etl_dag.py took 0.518 seconds
[2026-01-24T10:18:12.991+0000] {processor.py:161} INFO - Started process (PID=1057) to work on /opt/airflow/dags/reports_etl_dag.py
[2026-01-24T10:18:12.992+0000] {processor.py:830} INFO - Processing file /opt/airflow/dags/reports_etl_dag.py for tasks to queue
[2026-01-24T10:18:12.994+0000] {logging_mixin.py:188} INFO - [2026-01-24T10:18:12.993+0000] {dagbag.py:545} INFO - Filling up the DagBag from /opt/airflow/dags/reports_etl_dag.py
[2026-01-24T10:18:13.434+0000] {processor.py:840} INFO - DAG(s) 'reports_etl_dag' retrieved from /opt/airflow/dags/reports_etl_dag.py
[2026-01-24T10:18:13.472+0000] {logging_mixin.py:188} INFO - [2026-01-24T10:18:13.472+0000] {dag.py:3096} INFO - Sync 1 DAGs
[2026-01-24T10:18:13.496+0000] {logging_mixin.py:188} INFO - [2026-01-24T10:18:13.496+0000] {dag.py:3954} INFO - Setting next_dagrun for reports_etl_dag to 2026-01-24 10:15:00+00:00, run_after=2026-01-24 10:18:00+00:00
[2026-01-24T10:18:13.530+0000] {processor.py:183} INFO - Processing /opt/airflow/dags/reports_etl_dag.py took 0.546 seconds
[2026-01-24T10:18:43.865+0000] {processor.py:161} INFO - Started process (PID=1071) to work on /opt/airflow/dags/reports_etl_dag.py
[2026-01-24T10:18:43.866+0000] {processor.py:830} INFO - Processing file /opt/airflow/dags/reports_etl_dag.py for tasks to queue
[2026-01-24T10:18:43.868+0000] {logging_mixin.py:188} INFO - [2026-01-24T10:18:43.867+0000] {dagbag.py:545} INFO - Filling up the DagBag from /opt/airflow/dags/reports_etl_dag.py
[2026-01-24T10:18:44.406+0000] {processor.py:840} INFO - DAG(s) 'reports_etl_dag' retrieved from /opt/airflow/dags/reports_etl_dag.py
[2026-01-24T10:18:44.443+0000] {logging_mixin.py:188} INFO - [2026-01-24T10:18:44.443+0000] {dag.py:3096} INFO - Sync 1 DAGs
[2026-01-24T10:18:44.470+0000] {logging_mixin.py:188} INFO - [2026-01-24T10:18:44.469+0000] {dag.py:3954} INFO - Setting next_dagrun for reports_etl_dag to 2026-01-24 10:15:00+00:00, run_after=2026-01-24 10:18:00+00:00
[2026-01-24T10:18:44.490+0000] {processor.py:183} INFO - Processing /opt/airflow/dags/reports_etl_dag.py took 0.631 seconds
[2026-01-24T10:19:14.846+0000] {processor.py:161} INFO - Started process (PID=1077) to work on /opt/airflow/dags/reports_etl_dag.py
[2026-01-24T10:19:14.847+0000] {processor.py:830} INFO - Processing file /opt/airflow/dags/reports_etl_dag.py for tasks to queue
[2026-01-24T10:19:14.848+0000] {logging_mixin.py:188} INFO - [2026-01-24T10:19:14.848+0000] {dagbag.py:545} INFO - Filling up the DagBag from /opt/airflow/dags/reports_etl_dag.py
[2026-01-24T10:19:15.282+0000] {processor.py:840} INFO - DAG(s) 'reports_etl_dag' retrieved from /opt/airflow/dags/reports_etl_dag.py
[2026-01-24T10:19:15.320+0000] {logging_mixin.py:188} INFO - [2026-01-24T10:19:15.320+0000] {dag.py:3096} INFO - Sync 1 DAGs
[2026-01-24T10:19:15.344+0000] {logging_mixin.py:188} INFO - [2026-01-24T10:19:15.344+0000] {dag.py:3954} INFO - Setting next_dagrun for reports_etl_dag to 2026-01-24 10:15:00+00:00, run_after=2026-01-24 10:18:00+00:00
[2026-01-24T10:19:15.364+0000] {processor.py:183} INFO - Processing /opt/airflow/dags/reports_etl_dag.py took 0.525 seconds
[2026-01-24T10:19:45.555+0000] {processor.py:161} INFO - Started process (PID=1090) to work on /opt/airflow/dags/reports_etl_dag.py
[2026-01-24T10:19:45.556+0000] {processor.py:830} INFO - Processing file /opt/airflow/dags/reports_etl_dag.py for tasks to queue
[2026-01-24T10:19:45.558+0000] {logging_mixin.py:188} INFO - [2026-01-24T10:19:45.557+0000] {dagbag.py:545} INFO - Filling up the DagBag from /opt/airflow/dags/reports_etl_dag.py
[2026-01-24T10:19:45.970+0000] {processor.py:840} INFO - DAG(s) 'reports_etl_dag' retrieved from /opt/airflow/dags/reports_etl_dag.py
[2026-01-24T10:19:46.004+0000] {logging_mixin.py:188} INFO - [2026-01-24T10:19:46.004+0000] {dag.py:3096} INFO - Sync 1 DAGs
[2026-01-24T10:19:46.026+0000] {logging_mixin.py:188} INFO - [2026-01-24T10:19:46.026+0000] {dag.py:3954} INFO - Setting next_dagrun for reports_etl_dag to 2026-01-24 10:15:00+00:00, run_after=2026-01-24 10:18:00+00:00
[2026-01-24T10:19:46.072+0000] {processor.py:183} INFO - Processing /opt/airflow/dags/reports_etl_dag.py took 0.523 seconds
[2026-01-24T10:20:16.476+0000] {processor.py:161} INFO - Started process (PID=1103) to work on /opt/airflow/dags/reports_etl_dag.py
[2026-01-24T10:20:16.477+0000] {processor.py:830} INFO - Processing file /opt/airflow/dags/reports_etl_dag.py for tasks to queue
[2026-01-24T10:20:16.479+0000] {logging_mixin.py:188} INFO - [2026-01-24T10:20:16.478+0000] {dagbag.py:545} INFO - Filling up the DagBag from /opt/airflow/dags/reports_etl_dag.py
[2026-01-24T10:20:16.955+0000] {processor.py:840} INFO - DAG(s) 'reports_etl_dag' retrieved from /opt/airflow/dags/reports_etl_dag.py
[2026-01-24T10:20:16.994+0000] {logging_mixin.py:188} INFO - [2026-01-24T10:20:16.993+0000] {dag.py:3096} INFO - Sync 1 DAGs
[2026-01-24T10:20:17.020+0000] {logging_mixin.py:188} INFO - [2026-01-24T10:20:17.020+0000] {dag.py:3954} INFO - Setting next_dagrun for reports_etl_dag to 2026-01-24 10:15:00+00:00, run_after=2026-01-24 10:18:00+00:00
[2026-01-24T10:20:17.053+0000] {processor.py:183} INFO - Processing /opt/airflow/dags/reports_etl_dag.py took 0.584 seconds
[2026-01-24T10:20:47.435+0000] {processor.py:161} INFO - Started process (PID=1116) to work on /opt/airflow/dags/reports_etl_dag.py
[2026-01-24T10:20:47.435+0000] {processor.py:830} INFO - Processing file /opt/airflow/dags/reports_etl_dag.py for tasks to queue
[2026-01-24T10:20:47.437+0000] {logging_mixin.py:188} INFO - [2026-01-24T10:20:47.437+0000] {dagbag.py:545} INFO - Filling up the DagBag from /opt/airflow/dags/reports_etl_dag.py
[2026-01-24T10:20:47.870+0000] {processor.py:840} INFO - DAG(s) 'reports_etl_dag' retrieved from /opt/airflow/dags/reports_etl_dag.py
[2026-01-24T10:20:47.907+0000] {logging_mixin.py:188} INFO - [2026-01-24T10:20:47.906+0000] {dag.py:3096} INFO - Sync 1 DAGs
[2026-01-24T10:20:47.930+0000] {logging_mixin.py:188} INFO - [2026-01-24T10:20:47.930+0000] {dag.py:3954} INFO - Setting next_dagrun for reports_etl_dag to 2026-01-24 10:15:00+00:00, run_after=2026-01-24 10:18:00+00:00
[2026-01-24T10:20:47.947+0000] {processor.py:183} INFO - Processing /opt/airflow/dags/reports_etl_dag.py took 0.518 seconds
[2026-01-24T10:21:18.150+0000] {processor.py:161} INFO - Started process (PID=1129) to work on /opt/airflow/dags/reports_etl_dag.py
[2026-01-24T10:21:18.151+0000] {processor.py:830} INFO - Processing file /opt/airflow/dags/reports_etl_dag.py for tasks to queue
[2026-01-24T10:21:18.153+0000] {logging_mixin.py:188} INFO - [2026-01-24T10:21:18.152+0000] {dagbag.py:545} INFO - Filling up the DagBag from /opt/airflow/dags/reports_etl_dag.py
[2026-01-24T10:21:18.617+0000] {processor.py:840} INFO - DAG(s) 'reports_etl_dag' retrieved from /opt/airflow/dags/reports_etl_dag.py
[2026-01-24T10:21:18.655+0000] {logging_mixin.py:188} INFO - [2026-01-24T10:21:18.654+0000] {dag.py:3096} INFO - Sync 1 DAGs
[2026-01-24T10:21:18.681+0000] {logging_mixin.py:188} INFO - [2026-01-24T10:21:18.681+0000] {dag.py:3954} INFO - Setting next_dagrun for reports_etl_dag to 2026-01-24 10:18:00+00:00, run_after=2026-01-24 10:21:00+00:00
[2026-01-24T10:21:18.702+0000] {processor.py:183} INFO - Processing /opt/airflow/dags/reports_etl_dag.py took 0.559 seconds
[2026-01-24T10:21:49.082+0000] {processor.py:161} INFO - Started process (PID=1142) to work on /opt/airflow/dags/reports_etl_dag.py
[2026-01-24T10:21:49.083+0000] {processor.py:830} INFO - Processing file /opt/airflow/dags/reports_etl_dag.py for tasks to queue
[2026-01-24T10:21:49.085+0000] {logging_mixin.py:188} INFO - [2026-01-24T10:21:49.084+0000] {dagbag.py:545} INFO - Filling up the DagBag from /opt/airflow/dags/reports_etl_dag.py
[2026-01-24T10:21:49.503+0000] {processor.py:840} INFO - DAG(s) 'reports_etl_dag' retrieved from /opt/airflow/dags/reports_etl_dag.py
[2026-01-24T10:21:49.542+0000] {logging_mixin.py:188} INFO - [2026-01-24T10:21:49.542+0000] {dag.py:3096} INFO - Sync 1 DAGs
[2026-01-24T10:21:49.565+0000] {logging_mixin.py:188} INFO - [2026-01-24T10:21:49.564+0000] {dag.py:3954} INFO - Setting next_dagrun for reports_etl_dag to 2026-01-24 10:18:00+00:00, run_after=2026-01-24 10:21:00+00:00
[2026-01-24T10:21:49.597+0000] {processor.py:183} INFO - Processing /opt/airflow/dags/reports_etl_dag.py took 0.521 seconds
[2026-01-24T10:22:19.967+0000] {processor.py:161} INFO - Started process (PID=1155) to work on /opt/airflow/dags/reports_etl_dag.py
[2026-01-24T10:22:19.968+0000] {processor.py:830} INFO - Processing file /opt/airflow/dags/reports_etl_dag.py for tasks to queue
[2026-01-24T10:22:19.970+0000] {logging_mixin.py:188} INFO - [2026-01-24T10:22:19.970+0000] {dagbag.py:545} INFO - Filling up the DagBag from /opt/airflow/dags/reports_etl_dag.py
[2026-01-24T10:22:20.429+0000] {processor.py:840} INFO - DAG(s) 'reports_etl_dag' retrieved from /opt/airflow/dags/reports_etl_dag.py
[2026-01-24T10:22:20.467+0000] {logging_mixin.py:188} INFO - [2026-01-24T10:22:20.467+0000] {dag.py:3096} INFO - Sync 1 DAGs
[2026-01-24T10:22:20.491+0000] {logging_mixin.py:188} INFO - [2026-01-24T10:22:20.491+0000] {dag.py:3954} INFO - Setting next_dagrun for reports_etl_dag to 2026-01-24 10:18:00+00:00, run_after=2026-01-24 10:21:00+00:00
[2026-01-24T10:22:20.513+0000] {processor.py:183} INFO - Processing /opt/airflow/dags/reports_etl_dag.py took 0.552 seconds
[2026-01-24T10:22:50.852+0000] {processor.py:161} INFO - Started process (PID=1168) to work on /opt/airflow/dags/reports_etl_dag.py
[2026-01-24T10:22:50.852+0000] {processor.py:830} INFO - Processing file /opt/airflow/dags/reports_etl_dag.py for tasks to queue
[2026-01-24T10:22:50.854+0000] {logging_mixin.py:188} INFO - [2026-01-24T10:22:50.854+0000] {dagbag.py:545} INFO - Filling up the DagBag from /opt/airflow/dags/reports_etl_dag.py
[2026-01-24T10:22:51.266+0000] {processor.py:840} INFO - DAG(s) 'reports_etl_dag' retrieved from /opt/airflow/dags/reports_etl_dag.py
[2026-01-24T10:22:51.301+0000] {logging_mixin.py:188} INFO - [2026-01-24T10:22:51.301+0000] {dag.py:3096} INFO - Sync 1 DAGs
[2026-01-24T10:22:51.327+0000] {logging_mixin.py:188} INFO - [2026-01-24T10:22:51.326+0000] {dag.py:3954} INFO - Setting next_dagrun for reports_etl_dag to 2026-01-24 10:18:00+00:00, run_after=2026-01-24 10:21:00+00:00
[2026-01-24T10:22:51.343+0000] {processor.py:183} INFO - Processing /opt/airflow/dags/reports_etl_dag.py took 0.497 seconds
[2026-01-24T10:23:21.729+0000] {processor.py:161} INFO - Started process (PID=1181) to work on /opt/airflow/dags/reports_etl_dag.py
[2026-01-24T10:23:21.730+0000] {processor.py:830} INFO - Processing file /opt/airflow/dags/reports_etl_dag.py for tasks to queue
[2026-01-24T10:23:21.732+0000] {logging_mixin.py:188} INFO - [2026-01-24T10:23:21.732+0000] {dagbag.py:545} INFO - Filling up the DagBag from /opt/airflow/dags/reports_etl_dag.py
[2026-01-24T10:23:22.172+0000] {processor.py:840} INFO - DAG(s) 'reports_etl_dag' retrieved from /opt/airflow/dags/reports_etl_dag.py
[2026-01-24T10:23:22.211+0000] {logging_mixin.py:188} INFO - [2026-01-24T10:23:22.211+0000] {dag.py:3096} INFO - Sync 1 DAGs
[2026-01-24T10:23:22.235+0000] {logging_mixin.py:188} INFO - [2026-01-24T10:23:22.235+0000] {dag.py:3954} INFO - Setting next_dagrun for reports_etl_dag to 2026-01-24 10:18:00+00:00, run_after=2026-01-24 10:21:00+00:00
[2026-01-24T10:23:22.255+0000] {processor.py:183} INFO - Processing /opt/airflow/dags/reports_etl_dag.py took 0.532 seconds
[2026-01-24T10:23:52.584+0000] {processor.py:161} INFO - Started process (PID=1194) to work on /opt/airflow/dags/reports_etl_dag.py
[2026-01-24T10:23:52.585+0000] {processor.py:830} INFO - Processing file /opt/airflow/dags/reports_etl_dag.py for tasks to queue
[2026-01-24T10:23:52.587+0000] {logging_mixin.py:188} INFO - [2026-01-24T10:23:52.586+0000] {dagbag.py:545} INFO - Filling up the DagBag from /opt/airflow/dags/reports_etl_dag.py
[2026-01-24T10:23:52.997+0000] {processor.py:840} INFO - DAG(s) 'reports_etl_dag' retrieved from /opt/airflow/dags/reports_etl_dag.py
[2026-01-24T10:23:53.034+0000] {logging_mixin.py:188} INFO - [2026-01-24T10:23:53.033+0000] {dag.py:3096} INFO - Sync 1 DAGs
[2026-01-24T10:23:53.066+0000] {logging_mixin.py:188} INFO - [2026-01-24T10:23:53.066+0000] {dag.py:3954} INFO - Setting next_dagrun for reports_etl_dag to 2026-01-24 10:18:00+00:00, run_after=2026-01-24 10:21:00+00:00
[2026-01-24T10:23:53.084+0000] {processor.py:183} INFO - Processing /opt/airflow/dags/reports_etl_dag.py took 0.504 seconds
[2026-01-24T10:24:23.416+0000] {processor.py:161} INFO - Started process (PID=1207) to work on /opt/airflow/dags/reports_etl_dag.py
[2026-01-24T10:24:23.418+0000] {processor.py:830} INFO - Processing file /opt/airflow/dags/reports_etl_dag.py for tasks to queue
[2026-01-24T10:24:23.419+0000] {logging_mixin.py:188} INFO - [2026-01-24T10:24:23.419+0000] {dagbag.py:545} INFO - Filling up the DagBag from /opt/airflow/dags/reports_etl_dag.py
[2026-01-24T10:24:23.865+0000] {processor.py:840} INFO - DAG(s) 'reports_etl_dag' retrieved from /opt/airflow/dags/reports_etl_dag.py
[2026-01-24T10:24:23.906+0000] {logging_mixin.py:188} INFO - [2026-01-24T10:24:23.905+0000] {dag.py:3096} INFO - Sync 1 DAGs
[2026-01-24T10:24:23.932+0000] {logging_mixin.py:188} INFO - [2026-01-24T10:24:23.931+0000] {dag.py:3954} INFO - Setting next_dagrun for reports_etl_dag to 2026-01-24 10:21:00+00:00, run_after=2026-01-24 10:24:00+00:00
[2026-01-24T10:24:23.952+0000] {processor.py:183} INFO - Processing /opt/airflow/dags/reports_etl_dag.py took 0.542 seconds
[2026-01-24T10:24:54.306+0000] {processor.py:161} INFO - Started process (PID=1220) to work on /opt/airflow/dags/reports_etl_dag.py
[2026-01-24T10:24:54.307+0000] {processor.py:830} INFO - Processing file /opt/airflow/dags/reports_etl_dag.py for tasks to queue
[2026-01-24T10:24:54.308+0000] {logging_mixin.py:188} INFO - [2026-01-24T10:24:54.308+0000] {dagbag.py:545} INFO - Filling up the DagBag from /opt/airflow/dags/reports_etl_dag.py
[2026-01-24T10:24:54.745+0000] {processor.py:840} INFO - DAG(s) 'reports_etl_dag' retrieved from /opt/airflow/dags/reports_etl_dag.py
[2026-01-24T10:24:54.780+0000] {logging_mixin.py:188} INFO - [2026-01-24T10:24:54.780+0000] {dag.py:3096} INFO - Sync 1 DAGs
[2026-01-24T10:24:54.805+0000] {logging_mixin.py:188} INFO - [2026-01-24T10:24:54.805+0000] {dag.py:3954} INFO - Setting next_dagrun for reports_etl_dag to 2026-01-24 10:21:00+00:00, run_after=2026-01-24 10:24:00+00:00
[2026-01-24T10:24:54.835+0000] {processor.py:183} INFO - Processing /opt/airflow/dags/reports_etl_dag.py took 0.535 seconds
[2026-01-24T10:25:25.236+0000] {processor.py:161} INFO - Started process (PID=1233) to work on /opt/airflow/dags/reports_etl_dag.py
[2026-01-24T10:25:25.237+0000] {processor.py:830} INFO - Processing file /opt/airflow/dags/reports_etl_dag.py for tasks to queue
[2026-01-24T10:25:25.238+0000] {logging_mixin.py:188} INFO - [2026-01-24T10:25:25.238+0000] {dagbag.py:545} INFO - Filling up the DagBag from /opt/airflow/dags/reports_etl_dag.py
[2026-01-24T10:25:25.680+0000] {processor.py:840} INFO - DAG(s) 'reports_etl_dag' retrieved from /opt/airflow/dags/reports_etl_dag.py
[2026-01-24T10:25:25.726+0000] {logging_mixin.py:188} INFO - [2026-01-24T10:25:25.726+0000] {dag.py:3096} INFO - Sync 1 DAGs
[2026-01-24T10:25:25.752+0000] {logging_mixin.py:188} INFO - [2026-01-24T10:25:25.752+0000] {dag.py:3954} INFO - Setting next_dagrun for reports_etl_dag to 2026-01-24 10:21:00+00:00, run_after=2026-01-24 10:24:00+00:00
[2026-01-24T10:25:25.773+0000] {processor.py:183} INFO - Processing /opt/airflow/dags/reports_etl_dag.py took 0.544 seconds
[2026-01-24T10:25:55.979+0000] {processor.py:161} INFO - Started process (PID=1246) to work on /opt/airflow/dags/reports_etl_dag.py
[2026-01-24T10:25:55.980+0000] {processor.py:830} INFO - Processing file /opt/airflow/dags/reports_etl_dag.py for tasks to queue
[2026-01-24T10:25:55.981+0000] {logging_mixin.py:188} INFO - [2026-01-24T10:25:55.981+0000] {dagbag.py:545} INFO - Filling up the DagBag from /opt/airflow/dags/reports_etl_dag.py
[2026-01-24T10:25:56.401+0000] {processor.py:840} INFO - DAG(s) 'reports_etl_dag' retrieved from /opt/airflow/dags/reports_etl_dag.py
[2026-01-24T10:25:56.437+0000] {logging_mixin.py:188} INFO - [2026-01-24T10:25:56.437+0000] {dag.py:3096} INFO - Sync 1 DAGs
[2026-01-24T10:25:56.460+0000] {logging_mixin.py:188} INFO - [2026-01-24T10:25:56.460+0000] {dag.py:3954} INFO - Setting next_dagrun for reports_etl_dag to 2026-01-24 10:21:00+00:00, run_after=2026-01-24 10:24:00+00:00
[2026-01-24T10:25:56.477+0000] {processor.py:183} INFO - Processing /opt/airflow/dags/reports_etl_dag.py took 0.504 seconds
[2026-01-24T10:26:26.852+0000] {processor.py:161} INFO - Started process (PID=1259) to work on /opt/airflow/dags/reports_etl_dag.py
[2026-01-24T10:26:26.854+0000] {processor.py:830} INFO - Processing file /opt/airflow/dags/reports_etl_dag.py for tasks to queue
[2026-01-24T10:26:26.856+0000] {logging_mixin.py:188} INFO - [2026-01-24T10:26:26.856+0000] {dagbag.py:545} INFO - Filling up the DagBag from /opt/airflow/dags/reports_etl_dag.py
[2026-01-24T10:26:27.361+0000] {processor.py:840} INFO - DAG(s) 'reports_etl_dag' retrieved from /opt/airflow/dags/reports_etl_dag.py
[2026-01-24T10:26:27.401+0000] {logging_mixin.py:188} INFO - [2026-01-24T10:26:27.401+0000] {dag.py:3096} INFO - Sync 1 DAGs
[2026-01-24T10:26:27.426+0000] {logging_mixin.py:188} INFO - [2026-01-24T10:26:27.426+0000] {dag.py:3954} INFO - Setting next_dagrun for reports_etl_dag to 2026-01-24 10:21:00+00:00, run_after=2026-01-24 10:24:00+00:00
[2026-01-24T10:26:27.458+0000] {processor.py:183} INFO - Processing /opt/airflow/dags/reports_etl_dag.py took 0.616 seconds
[2026-01-24T10:26:57.769+0000] {processor.py:161} INFO - Started process (PID=1272) to work on /opt/airflow/dags/reports_etl_dag.py
[2026-01-24T10:26:57.771+0000] {processor.py:830} INFO - Processing file /opt/airflow/dags/reports_etl_dag.py for tasks to queue
[2026-01-24T10:26:57.773+0000] {logging_mixin.py:188} INFO - [2026-01-24T10:26:57.772+0000] {dagbag.py:545} INFO - Filling up the DagBag from /opt/airflow/dags/reports_etl_dag.py
[2026-01-24T10:26:58.219+0000] {processor.py:840} INFO - DAG(s) 'reports_etl_dag' retrieved from /opt/airflow/dags/reports_etl_dag.py
[2026-01-24T10:26:58.252+0000] {logging_mixin.py:188} INFO - [2026-01-24T10:26:58.251+0000] {dag.py:3096} INFO - Sync 1 DAGs
[2026-01-24T10:26:58.275+0000] {logging_mixin.py:188} INFO - [2026-01-24T10:26:58.274+0000] {dag.py:3954} INFO - Setting next_dagrun for reports_etl_dag to 2026-01-24 10:21:00+00:00, run_after=2026-01-24 10:24:00+00:00
[2026-01-24T10:26:58.291+0000] {processor.py:183} INFO - Processing /opt/airflow/dags/reports_etl_dag.py took 0.528 seconds
[2026-01-24T10:27:28.646+0000] {processor.py:161} INFO - Started process (PID=1285) to work on /opt/airflow/dags/reports_etl_dag.py
[2026-01-24T10:27:28.647+0000] {processor.py:830} INFO - Processing file /opt/airflow/dags/reports_etl_dag.py for tasks to queue
[2026-01-24T10:27:28.649+0000] {logging_mixin.py:188} INFO - [2026-01-24T10:27:28.649+0000] {dagbag.py:545} INFO - Filling up the DagBag from /opt/airflow/dags/reports_etl_dag.py
[2026-01-24T10:27:29.134+0000] {processor.py:840} INFO - DAG(s) 'reports_etl_dag' retrieved from /opt/airflow/dags/reports_etl_dag.py
[2026-01-24T10:27:29.169+0000] {logging_mixin.py:188} INFO - [2026-01-24T10:27:29.169+0000] {dag.py:3096} INFO - Sync 1 DAGs
[2026-01-24T10:27:29.195+0000] {logging_mixin.py:188} INFO - [2026-01-24T10:27:29.195+0000] {dag.py:3954} INFO - Setting next_dagrun for reports_etl_dag to 2026-01-24 10:24:00+00:00, run_after=2026-01-24 10:27:00+00:00
[2026-01-24T10:27:29.218+0000] {processor.py:183} INFO - Processing /opt/airflow/dags/reports_etl_dag.py took 0.577 seconds
[2026-01-24T10:27:59.429+0000] {processor.py:161} INFO - Started process (PID=1298) to work on /opt/airflow/dags/reports_etl_dag.py
[2026-01-24T10:27:59.430+0000] {processor.py:830} INFO - Processing file /opt/airflow/dags/reports_etl_dag.py for tasks to queue
[2026-01-24T10:27:59.432+0000] {logging_mixin.py:188} INFO - [2026-01-24T10:27:59.432+0000] {dagbag.py:545} INFO - Filling up the DagBag from /opt/airflow/dags/reports_etl_dag.py
[2026-01-24T10:27:59.836+0000] {processor.py:840} INFO - DAG(s) 'reports_etl_dag' retrieved from /opt/airflow/dags/reports_etl_dag.py
[2026-01-24T10:27:59.869+0000] {logging_mixin.py:188} INFO - [2026-01-24T10:27:59.869+0000] {dag.py:3096} INFO - Sync 1 DAGs
[2026-01-24T10:27:59.891+0000] {logging_mixin.py:188} INFO - [2026-01-24T10:27:59.891+0000] {dag.py:3954} INFO - Setting next_dagrun for reports_etl_dag to 2026-01-24 10:24:00+00:00, run_after=2026-01-24 10:27:00+00:00
[2026-01-24T10:27:59.922+0000] {processor.py:183} INFO - Processing /opt/airflow/dags/reports_etl_dag.py took 0.498 seconds
[2026-01-24T10:28:30.297+0000] {processor.py:161} INFO - Started process (PID=1311) to work on /opt/airflow/dags/reports_etl_dag.py
[2026-01-24T10:28:30.298+0000] {processor.py:830} INFO - Processing file /opt/airflow/dags/reports_etl_dag.py for tasks to queue
[2026-01-24T10:28:30.299+0000] {logging_mixin.py:188} INFO - [2026-01-24T10:28:30.299+0000] {dagbag.py:545} INFO - Filling up the DagBag from /opt/airflow/dags/reports_etl_dag.py
[2026-01-24T10:28:30.733+0000] {processor.py:840} INFO - DAG(s) 'reports_etl_dag' retrieved from /opt/airflow/dags/reports_etl_dag.py
[2026-01-24T10:28:30.770+0000] {logging_mixin.py:188} INFO - [2026-01-24T10:28:30.770+0000] {dag.py:3096} INFO - Sync 1 DAGs
[2026-01-24T10:28:30.795+0000] {logging_mixin.py:188} INFO - [2026-01-24T10:28:30.795+0000] {dag.py:3954} INFO - Setting next_dagrun for reports_etl_dag to 2026-01-24 10:24:00+00:00, run_after=2026-01-24 10:27:00+00:00
[2026-01-24T10:28:30.828+0000] {processor.py:183} INFO - Processing /opt/airflow/dags/reports_etl_dag.py took 0.537 seconds
[2026-01-24T10:29:01.244+0000] {processor.py:161} INFO - Started process (PID=1324) to work on /opt/airflow/dags/reports_etl_dag.py
[2026-01-24T10:29:01.245+0000] {processor.py:830} INFO - Processing file /opt/airflow/dags/reports_etl_dag.py for tasks to queue
[2026-01-24T10:29:01.247+0000] {logging_mixin.py:188} INFO - [2026-01-24T10:29:01.247+0000] {dagbag.py:545} INFO - Filling up the DagBag from /opt/airflow/dags/reports_etl_dag.py
[2026-01-24T10:29:01.656+0000] {processor.py:840} INFO - DAG(s) 'reports_etl_dag' retrieved from /opt/airflow/dags/reports_etl_dag.py
[2026-01-24T10:29:01.688+0000] {logging_mixin.py:188} INFO - [2026-01-24T10:29:01.688+0000] {dag.py:3096} INFO - Sync 1 DAGs
[2026-01-24T10:29:01.711+0000] {logging_mixin.py:188} INFO - [2026-01-24T10:29:01.711+0000] {dag.py:3954} INFO - Setting next_dagrun for reports_etl_dag to 2026-01-24 10:24:00+00:00, run_after=2026-01-24 10:27:00+00:00
[2026-01-24T10:29:01.728+0000] {processor.py:183} INFO - Processing /opt/airflow/dags/reports_etl_dag.py took 0.490 seconds
[2026-01-24T10:29:31.989+0000] {processor.py:161} INFO - Started process (PID=1337) to work on /opt/airflow/dags/reports_etl_dag.py
[2026-01-24T10:29:31.990+0000] {processor.py:830} INFO - Processing file /opt/airflow/dags/reports_etl_dag.py for tasks to queue
[2026-01-24T10:29:31.991+0000] {logging_mixin.py:188} INFO - [2026-01-24T10:29:31.991+0000] {dagbag.py:545} INFO - Filling up the DagBag from /opt/airflow/dags/reports_etl_dag.py
[2026-01-24T10:29:32.411+0000] {processor.py:840} INFO - DAG(s) 'reports_etl_dag' retrieved from /opt/airflow/dags/reports_etl_dag.py
[2026-01-24T10:29:32.449+0000] {logging_mixin.py:188} INFO - [2026-01-24T10:29:32.448+0000] {dag.py:3096} INFO - Sync 1 DAGs
[2026-01-24T10:29:32.474+0000] {logging_mixin.py:188} INFO - [2026-01-24T10:29:32.474+0000] {dag.py:3954} INFO - Setting next_dagrun for reports_etl_dag to 2026-01-24 10:24:00+00:00, run_after=2026-01-24 10:27:00+00:00
[2026-01-24T10:29:32.500+0000] {processor.py:183} INFO - Processing /opt/airflow/dags/reports_etl_dag.py took 0.517 seconds
[2026-01-24T10:30:02.862+0000] {processor.py:161} INFO - Started process (PID=1350) to work on /opt/airflow/dags/reports_etl_dag.py
[2026-01-24T10:30:02.863+0000] {processor.py:830} INFO - Processing file /opt/airflow/dags/reports_etl_dag.py for tasks to queue
[2026-01-24T10:30:02.865+0000] {logging_mixin.py:188} INFO - [2026-01-24T10:30:02.864+0000] {dagbag.py:545} INFO - Filling up the DagBag from /opt/airflow/dags/reports_etl_dag.py
[2026-01-24T10:30:03.284+0000] {processor.py:840} INFO - DAG(s) 'reports_etl_dag' retrieved from /opt/airflow/dags/reports_etl_dag.py
[2026-01-24T10:30:03.319+0000] {logging_mixin.py:188} INFO - [2026-01-24T10:30:03.318+0000] {dag.py:3096} INFO - Sync 1 DAGs
[2026-01-24T10:30:03.342+0000] {logging_mixin.py:188} INFO - [2026-01-24T10:30:03.342+0000] {dag.py:3954} INFO - Setting next_dagrun for reports_etl_dag to 2026-01-24 10:27:00+00:00, run_after=2026-01-24 10:30:00+00:00
[2026-01-24T10:30:03.359+0000] {processor.py:183} INFO - Processing /opt/airflow/dags/reports_etl_dag.py took 0.502 seconds
[2026-01-24T10:30:33.698+0000] {processor.py:161} INFO - Started process (PID=1363) to work on /opt/airflow/dags/reports_etl_dag.py
[2026-01-24T10:30:33.699+0000] {processor.py:830} INFO - Processing file /opt/airflow/dags/reports_etl_dag.py for tasks to queue
[2026-01-24T10:30:33.700+0000] {logging_mixin.py:188} INFO - [2026-01-24T10:30:33.700+0000] {dagbag.py:545} INFO - Filling up the DagBag from /opt/airflow/dags/reports_etl_dag.py
[2026-01-24T10:30:34.102+0000] {processor.py:840} INFO - DAG(s) 'reports_etl_dag' retrieved from /opt/airflow/dags/reports_etl_dag.py
[2026-01-24T10:30:34.136+0000] {logging_mixin.py:188} INFO - [2026-01-24T10:30:34.136+0000] {dag.py:3096} INFO - Sync 1 DAGs
[2026-01-24T10:30:34.159+0000] {logging_mixin.py:188} INFO - [2026-01-24T10:30:34.158+0000] {dag.py:3954} INFO - Setting next_dagrun for reports_etl_dag to 2026-01-24 10:27:00+00:00, run_after=2026-01-24 10:30:00+00:00
[2026-01-24T10:30:34.188+0000] {processor.py:183} INFO - Processing /opt/airflow/dags/reports_etl_dag.py took 0.496 seconds
[2026-01-24T10:31:04.585+0000] {processor.py:161} INFO - Started process (PID=1376) to work on /opt/airflow/dags/reports_etl_dag.py
[2026-01-24T10:31:04.586+0000] {processor.py:830} INFO - Processing file /opt/airflow/dags/reports_etl_dag.py for tasks to queue
[2026-01-24T10:31:04.588+0000] {logging_mixin.py:188} INFO - [2026-01-24T10:31:04.588+0000] {dagbag.py:545} INFO - Filling up the DagBag from /opt/airflow/dags/reports_etl_dag.py
[2026-01-24T10:31:04.995+0000] {processor.py:840} INFO - DAG(s) 'reports_etl_dag' retrieved from /opt/airflow/dags/reports_etl_dag.py
[2026-01-24T10:31:05.028+0000] {logging_mixin.py:188} INFO - [2026-01-24T10:31:05.028+0000] {dag.py:3096} INFO - Sync 1 DAGs
[2026-01-24T10:31:05.050+0000] {logging_mixin.py:188} INFO - [2026-01-24T10:31:05.050+0000] {dag.py:3954} INFO - Setting next_dagrun for reports_etl_dag to 2026-01-24 10:27:00+00:00, run_after=2026-01-24 10:30:00+00:00
[2026-01-24T10:31:05.067+0000] {processor.py:183} INFO - Processing /opt/airflow/dags/reports_etl_dag.py took 0.488 seconds
[2026-01-24T10:31:35.357+0000] {processor.py:161} INFO - Started process (PID=1389) to work on /opt/airflow/dags/reports_etl_dag.py
[2026-01-24T10:31:35.358+0000] {processor.py:830} INFO - Processing file /opt/airflow/dags/reports_etl_dag.py for tasks to queue
[2026-01-24T10:31:35.359+0000] {logging_mixin.py:188} INFO - [2026-01-24T10:31:35.359+0000] {dagbag.py:545} INFO - Filling up the DagBag from /opt/airflow/dags/reports_etl_dag.py
[2026-01-24T10:31:35.767+0000] {processor.py:840} INFO - DAG(s) 'reports_etl_dag' retrieved from /opt/airflow/dags/reports_etl_dag.py
[2026-01-24T10:31:35.803+0000] {logging_mixin.py:188} INFO - [2026-01-24T10:31:35.803+0000] {dag.py:3096} INFO - Sync 1 DAGs
[2026-01-24T10:31:35.826+0000] {logging_mixin.py:188} INFO - [2026-01-24T10:31:35.826+0000] {dag.py:3954} INFO - Setting next_dagrun for reports_etl_dag to 2026-01-24 10:27:00+00:00, run_after=2026-01-24 10:30:00+00:00
[2026-01-24T10:31:35.843+0000] {processor.py:183} INFO - Processing /opt/airflow/dags/reports_etl_dag.py took 0.493 seconds
[2026-01-24T10:32:06.173+0000] {processor.py:161} INFO - Started process (PID=1402) to work on /opt/airflow/dags/reports_etl_dag.py
[2026-01-24T10:32:06.174+0000] {processor.py:830} INFO - Processing file /opt/airflow/dags/reports_etl_dag.py for tasks to queue
[2026-01-24T10:32:06.175+0000] {logging_mixin.py:188} INFO - [2026-01-24T10:32:06.175+0000] {dagbag.py:545} INFO - Filling up the DagBag from /opt/airflow/dags/reports_etl_dag.py
[2026-01-24T10:32:06.590+0000] {processor.py:840} INFO - DAG(s) 'reports_etl_dag' retrieved from /opt/airflow/dags/reports_etl_dag.py
[2026-01-24T10:32:06.626+0000] {logging_mixin.py:188} INFO - [2026-01-24T10:32:06.626+0000] {dag.py:3096} INFO - Sync 1 DAGs
[2026-01-24T10:32:06.647+0000] {logging_mixin.py:188} INFO - [2026-01-24T10:32:06.647+0000] {dag.py:3954} INFO - Setting next_dagrun for reports_etl_dag to 2026-01-24 10:27:00+00:00, run_after=2026-01-24 10:30:00+00:00
[2026-01-24T10:32:06.677+0000] {processor.py:183} INFO - Processing /opt/airflow/dags/reports_etl_dag.py took 0.509 seconds
[2026-01-24T10:32:37.066+0000] {processor.py:161} INFO - Started process (PID=1415) to work on /opt/airflow/dags/reports_etl_dag.py
[2026-01-24T10:32:37.067+0000] {processor.py:830} INFO - Processing file /opt/airflow/dags/reports_etl_dag.py for tasks to queue
[2026-01-24T10:32:37.069+0000] {logging_mixin.py:188} INFO - [2026-01-24T10:32:37.068+0000] {dagbag.py:545} INFO - Filling up the DagBag from /opt/airflow/dags/reports_etl_dag.py
[2026-01-24T10:32:37.494+0000] {processor.py:840} INFO - DAG(s) 'reports_etl_dag' retrieved from /opt/airflow/dags/reports_etl_dag.py
[2026-01-24T10:32:37.529+0000] {logging_mixin.py:188} INFO - [2026-01-24T10:32:37.529+0000] {dag.py:3096} INFO - Sync 1 DAGs
[2026-01-24T10:32:37.552+0000] {logging_mixin.py:188} INFO - [2026-01-24T10:32:37.552+0000] {dag.py:3954} INFO - Setting next_dagrun for reports_etl_dag to 2026-01-24 10:27:00+00:00, run_after=2026-01-24 10:30:00+00:00
[2026-01-24T10:32:37.570+0000] {processor.py:183} INFO - Processing /opt/airflow/dags/reports_etl_dag.py took 0.510 seconds
[2026-01-24T10:33:07.905+0000] {processor.py:161} INFO - Started process (PID=1428) to work on /opt/airflow/dags/reports_etl_dag.py
[2026-01-24T10:33:07.906+0000] {processor.py:830} INFO - Processing file /opt/airflow/dags/reports_etl_dag.py for tasks to queue
[2026-01-24T10:33:07.908+0000] {logging_mixin.py:188} INFO - [2026-01-24T10:33:07.908+0000] {dagbag.py:545} INFO - Filling up the DagBag from /opt/airflow/dags/reports_etl_dag.py
[2026-01-24T10:33:08.319+0000] {processor.py:840} INFO - DAG(s) 'reports_etl_dag' retrieved from /opt/airflow/dags/reports_etl_dag.py
[2026-01-24T10:33:08.353+0000] {logging_mixin.py:188} INFO - [2026-01-24T10:33:08.353+0000] {dag.py:3096} INFO - Sync 1 DAGs
[2026-01-24T10:33:08.378+0000] {logging_mixin.py:188} INFO - [2026-01-24T10:33:08.377+0000] {dag.py:3954} INFO - Setting next_dagrun for reports_etl_dag to 2026-01-24 10:30:00+00:00, run_after=2026-01-24 10:33:00+00:00
[2026-01-24T10:33:08.409+0000] {processor.py:183} INFO - Processing /opt/airflow/dags/reports_etl_dag.py took 0.509 seconds
[2026-01-24T10:33:38.806+0000] {processor.py:161} INFO - Started process (PID=1441) to work on /opt/airflow/dags/reports_etl_dag.py
[2026-01-24T10:33:38.807+0000] {processor.py:830} INFO - Processing file /opt/airflow/dags/reports_etl_dag.py for tasks to queue
[2026-01-24T10:33:38.808+0000] {logging_mixin.py:188} INFO - [2026-01-24T10:33:38.808+0000] {dagbag.py:545} INFO - Filling up the DagBag from /opt/airflow/dags/reports_etl_dag.py
[2026-01-24T10:33:39.232+0000] {processor.py:840} INFO - DAG(s) 'reports_etl_dag' retrieved from /opt/airflow/dags/reports_etl_dag.py
[2026-01-24T10:33:39.270+0000] {logging_mixin.py:188} INFO - [2026-01-24T10:33:39.269+0000] {dag.py:3096} INFO - Sync 1 DAGs
[2026-01-24T10:33:39.304+0000] {logging_mixin.py:188} INFO - [2026-01-24T10:33:39.304+0000] {dag.py:3954} INFO - Setting next_dagrun for reports_etl_dag to 2026-01-24 10:30:00+00:00, run_after=2026-01-24 10:33:00+00:00
[2026-01-24T10:33:39.323+0000] {processor.py:183} INFO - Processing /opt/airflow/dags/reports_etl_dag.py took 0.523 seconds
[2026-01-24T10:34:09.699+0000] {processor.py:161} INFO - Started process (PID=1454) to work on /opt/airflow/dags/reports_etl_dag.py
[2026-01-24T10:34:09.700+0000] {processor.py:830} INFO - Processing file /opt/airflow/dags/reports_etl_dag.py for tasks to queue
[2026-01-24T10:34:09.701+0000] {logging_mixin.py:188} INFO - [2026-01-24T10:34:09.701+0000] {dagbag.py:545} INFO - Filling up the DagBag from /opt/airflow/dags/reports_etl_dag.py
[2026-01-24T10:34:10.106+0000] {processor.py:840} INFO - DAG(s) 'reports_etl_dag' retrieved from /opt/airflow/dags/reports_etl_dag.py
[2026-01-24T10:34:10.141+0000] {logging_mixin.py:188} INFO - [2026-01-24T10:34:10.141+0000] {dag.py:3096} INFO - Sync 1 DAGs
[2026-01-24T10:34:10.165+0000] {logging_mixin.py:188} INFO - [2026-01-24T10:34:10.165+0000] {dag.py:3954} INFO - Setting next_dagrun for reports_etl_dag to 2026-01-24 10:30:00+00:00, run_after=2026-01-24 10:33:00+00:00
[2026-01-24T10:34:10.182+0000] {processor.py:183} INFO - Processing /opt/airflow/dags/reports_etl_dag.py took 0.489 seconds
[2026-01-24T10:34:40.637+0000] {processor.py:161} INFO - Started process (PID=1467) to work on /opt/airflow/dags/reports_etl_dag.py
[2026-01-24T10:34:40.638+0000] {processor.py:830} INFO - Processing file /opt/airflow/dags/reports_etl_dag.py for tasks to queue
[2026-01-24T10:34:40.640+0000] {logging_mixin.py:188} INFO - [2026-01-24T10:34:40.640+0000] {dagbag.py:545} INFO - Filling up the DagBag from /opt/airflow/dags/reports_etl_dag.py
[2026-01-24T10:34:41.068+0000] {processor.py:840} INFO - DAG(s) 'reports_etl_dag' retrieved from /opt/airflow/dags/reports_etl_dag.py
[2026-01-24T10:34:41.101+0000] {logging_mixin.py:188} INFO - [2026-01-24T10:34:41.101+0000] {dag.py:3096} INFO - Sync 1 DAGs
[2026-01-24T10:34:41.123+0000] {logging_mixin.py:188} INFO - [2026-01-24T10:34:41.123+0000] {dag.py:3954} INFO - Setting next_dagrun for reports_etl_dag to 2026-01-24 10:30:00+00:00, run_after=2026-01-24 10:33:00+00:00
[2026-01-24T10:34:41.141+0000] {processor.py:183} INFO - Processing /opt/airflow/dags/reports_etl_dag.py took 0.511 seconds
[2026-01-24T10:35:11.417+0000] {processor.py:161} INFO - Started process (PID=1480) to work on /opt/airflow/dags/reports_etl_dag.py
[2026-01-24T10:35:11.418+0000] {processor.py:830} INFO - Processing file /opt/airflow/dags/reports_etl_dag.py for tasks to queue
[2026-01-24T10:35:11.420+0000] {logging_mixin.py:188} INFO - [2026-01-24T10:35:11.419+0000] {dagbag.py:545} INFO - Filling up the DagBag from /opt/airflow/dags/reports_etl_dag.py
[2026-01-24T10:35:11.875+0000] {processor.py:840} INFO - DAG(s) 'reports_etl_dag' retrieved from /opt/airflow/dags/reports_etl_dag.py
[2026-01-24T10:35:11.917+0000] {logging_mixin.py:188} INFO - [2026-01-24T10:35:11.917+0000] {dag.py:3096} INFO - Sync 1 DAGs
[2026-01-24T10:35:11.942+0000] {logging_mixin.py:188} INFO - [2026-01-24T10:35:11.942+0000] {dag.py:3954} INFO - Setting next_dagrun for reports_etl_dag to 2026-01-24 10:30:00+00:00, run_after=2026-01-24 10:33:00+00:00
[2026-01-24T10:35:11.974+0000] {processor.py:183} INFO - Processing /opt/airflow/dags/reports_etl_dag.py took 0.562 seconds
[2026-01-24T10:35:42.379+0000] {processor.py:161} INFO - Started process (PID=1486) to work on /opt/airflow/dags/reports_etl_dag.py
[2026-01-24T10:35:42.380+0000] {processor.py:830} INFO - Processing file /opt/airflow/dags/reports_etl_dag.py for tasks to queue
[2026-01-24T10:35:42.382+0000] {logging_mixin.py:188} INFO - [2026-01-24T10:35:42.382+0000] {dagbag.py:545} INFO - Filling up the DagBag from /opt/airflow/dags/reports_etl_dag.py
[2026-01-24T10:35:42.785+0000] {processor.py:840} INFO - DAG(s) 'reports_etl_dag' retrieved from /opt/airflow/dags/reports_etl_dag.py
[2026-01-24T10:35:42.820+0000] {logging_mixin.py:188} INFO - [2026-01-24T10:35:42.820+0000] {dag.py:3096} INFO - Sync 1 DAGs
[2026-01-24T10:35:42.843+0000] {logging_mixin.py:188} INFO - [2026-01-24T10:35:42.842+0000] {dag.py:3954} INFO - Setting next_dagrun for reports_etl_dag to 2026-01-24 10:30:00+00:00, run_after=2026-01-24 10:33:00+00:00
[2026-01-24T10:35:42.869+0000] {processor.py:183} INFO - Processing /opt/airflow/dags/reports_etl_dag.py took 0.496 seconds
[2026-01-24T10:36:13.177+0000] {processor.py:161} INFO - Started process (PID=1499) to work on /opt/airflow/dags/reports_etl_dag.py
[2026-01-24T10:36:13.178+0000] {processor.py:830} INFO - Processing file /opt/airflow/dags/reports_etl_dag.py for tasks to queue
[2026-01-24T10:36:13.180+0000] {logging_mixin.py:188} INFO - [2026-01-24T10:36:13.180+0000] {dagbag.py:545} INFO - Filling up the DagBag from /opt/airflow/dags/reports_etl_dag.py
[2026-01-24T10:36:13.594+0000] {processor.py:840} INFO - DAG(s) 'reports_etl_dag' retrieved from /opt/airflow/dags/reports_etl_dag.py
[2026-01-24T10:36:13.627+0000] {logging_mixin.py:188} INFO - [2026-01-24T10:36:13.626+0000] {dag.py:3096} INFO - Sync 1 DAGs
[2026-01-24T10:36:13.650+0000] {logging_mixin.py:188} INFO - [2026-01-24T10:36:13.650+0000] {dag.py:3954} INFO - Setting next_dagrun for reports_etl_dag to 2026-01-24 10:33:00+00:00, run_after=2026-01-24 10:36:00+00:00
[2026-01-24T10:36:13.668+0000] {processor.py:183} INFO - Processing /opt/airflow/dags/reports_etl_dag.py took 0.497 seconds
[2026-01-24T10:36:44.030+0000] {processor.py:161} INFO - Started process (PID=1512) to work on /opt/airflow/dags/reports_etl_dag.py
[2026-01-24T10:36:44.031+0000] {processor.py:830} INFO - Processing file /opt/airflow/dags/reports_etl_dag.py for tasks to queue
[2026-01-24T10:36:44.032+0000] {logging_mixin.py:188} INFO - [2026-01-24T10:36:44.032+0000] {dagbag.py:545} INFO - Filling up the DagBag from /opt/airflow/dags/reports_etl_dag.py
[2026-01-24T10:36:44.438+0000] {processor.py:840} INFO - DAG(s) 'reports_etl_dag' retrieved from /opt/airflow/dags/reports_etl_dag.py
[2026-01-24T10:36:44.472+0000] {logging_mixin.py:188} INFO - [2026-01-24T10:36:44.472+0000] {dag.py:3096} INFO - Sync 1 DAGs
[2026-01-24T10:36:44.494+0000] {logging_mixin.py:188} INFO - [2026-01-24T10:36:44.494+0000] {dag.py:3954} INFO - Setting next_dagrun for reports_etl_dag to 2026-01-24 10:33:00+00:00, run_after=2026-01-24 10:36:00+00:00
[2026-01-24T10:36:44.511+0000] {processor.py:183} INFO - Processing /opt/airflow/dags/reports_etl_dag.py took 0.487 seconds
[2026-01-24T10:37:14.891+0000] {processor.py:161} INFO - Started process (PID=1525) to work on /opt/airflow/dags/reports_etl_dag.py
[2026-01-24T10:37:14.892+0000] {processor.py:830} INFO - Processing file /opt/airflow/dags/reports_etl_dag.py for tasks to queue
[2026-01-24T10:37:14.894+0000] {logging_mixin.py:188} INFO - [2026-01-24T10:37:14.893+0000] {dagbag.py:545} INFO - Filling up the DagBag from /opt/airflow/dags/reports_etl_dag.py
[2026-01-24T10:37:15.296+0000] {processor.py:840} INFO - DAG(s) 'reports_etl_dag' retrieved from /opt/airflow/dags/reports_etl_dag.py
[2026-01-24T10:37:15.332+0000] {logging_mixin.py:188} INFO - [2026-01-24T10:37:15.332+0000] {dag.py:3096} INFO - Sync 1 DAGs
[2026-01-24T10:37:15.357+0000] {logging_mixin.py:188} INFO - [2026-01-24T10:37:15.357+0000] {dag.py:3954} INFO - Setting next_dagrun for reports_etl_dag to 2026-01-24 10:33:00+00:00, run_after=2026-01-24 10:36:00+00:00
[2026-01-24T10:37:15.375+0000] {processor.py:183} INFO - Processing /opt/airflow/dags/reports_etl_dag.py took 0.490 seconds
[2026-01-24T10:37:45.703+0000] {processor.py:161} INFO - Started process (PID=1538) to work on /opt/airflow/dags/reports_etl_dag.py
[2026-01-24T10:37:45.704+0000] {processor.py:830} INFO - Processing file /opt/airflow/dags/reports_etl_dag.py for tasks to queue
[2026-01-24T10:37:45.705+0000] {logging_mixin.py:188} INFO - [2026-01-24T10:37:45.705+0000] {dagbag.py:545} INFO - Filling up the DagBag from /opt/airflow/dags/reports_etl_dag.py
[2026-01-24T10:37:46.266+0000] {processor.py:840} INFO - DAG(s) 'reports_etl_dag' retrieved from /opt/airflow/dags/reports_etl_dag.py
[2026-01-24T10:37:46.302+0000] {logging_mixin.py:188} INFO - [2026-01-24T10:37:46.302+0000] {dag.py:3096} INFO - Sync 1 DAGs
[2026-01-24T10:37:46.325+0000] {logging_mixin.py:188} INFO - [2026-01-24T10:37:46.325+0000] {dag.py:3954} INFO - Setting next_dagrun for reports_etl_dag to 2026-01-24 10:33:00+00:00, run_after=2026-01-24 10:36:00+00:00
[2026-01-24T10:37:46.344+0000] {processor.py:183} INFO - Processing /opt/airflow/dags/reports_etl_dag.py took 0.498 seconds
[2026-01-24T10:38:16.725+0000] {processor.py:161} INFO - Started process (PID=1551) to work on /opt/airflow/dags/reports_etl_dag.py
[2026-01-24T10:38:16.725+0000] {processor.py:830} INFO - Processing file /opt/airflow/dags/reports_etl_dag.py for tasks to queue
[2026-01-24T10:38:16.727+0000] {logging_mixin.py:188} INFO - [2026-01-24T10:38:16.727+0000] {dagbag.py:545} INFO - Filling up the DagBag from /opt/airflow/dags/reports_etl_dag.py
[2026-01-24T10:38:17.148+0000] {processor.py:840} INFO - DAG(s) 'reports_etl_dag' retrieved from /opt/airflow/dags/reports_etl_dag.py
[2026-01-24T10:38:17.183+0000] {logging_mixin.py:188} INFO - [2026-01-24T10:38:17.182+0000] {dag.py:3096} INFO - Sync 1 DAGs
[2026-01-24T10:38:17.206+0000] {logging_mixin.py:188} INFO - [2026-01-24T10:38:17.206+0000] {dag.py:3954} INFO - Setting next_dagrun for reports_etl_dag to 2026-01-24 10:33:00+00:00, run_after=2026-01-24 10:36:00+00:00
[2026-01-24T10:38:17.236+0000] {processor.py:183} INFO - Processing /opt/airflow/dags/reports_etl_dag.py took 0.516 seconds
[2026-01-24T10:38:47.625+0000] {processor.py:161} INFO - Started process (PID=1564) to work on /opt/airflow/dags/reports_etl_dag.py
[2026-01-24T10:38:47.626+0000] {processor.py:830} INFO - Processing file /opt/airflow/dags/reports_etl_dag.py for tasks to queue
[2026-01-24T10:38:47.628+0000] {logging_mixin.py:188} INFO - [2026-01-24T10:38:47.628+0000] {dagbag.py:545} INFO - Filling up the DagBag from /opt/airflow/dags/reports_etl_dag.py
[2026-01-24T10:38:48.047+0000] {processor.py:840} INFO - DAG(s) 'reports_etl_dag' retrieved from /opt/airflow/dags/reports_etl_dag.py
[2026-01-24T10:38:48.082+0000] {logging_mixin.py:188} INFO - [2026-01-24T10:38:48.082+0000] {dag.py:3096} INFO - Sync 1 DAGs
[2026-01-24T10:38:48.107+0000] {logging_mixin.py:188} INFO - [2026-01-24T10:38:48.107+0000] {dag.py:3954} INFO - Setting next_dagrun for reports_etl_dag to 2026-01-24 10:33:00+00:00, run_after=2026-01-24 10:36:00+00:00
[2026-01-24T10:38:48.139+0000] {processor.py:183} INFO - Processing /opt/airflow/dags/reports_etl_dag.py took 0.521 seconds
[2026-01-24T10:39:18.387+0000] {processor.py:161} INFO - Started process (PID=1577) to work on /opt/airflow/dags/reports_etl_dag.py
[2026-01-24T10:39:18.388+0000] {processor.py:830} INFO - Processing file /opt/airflow/dags/reports_etl_dag.py for tasks to queue
[2026-01-24T10:39:18.389+0000] {logging_mixin.py:188} INFO - [2026-01-24T10:39:18.389+0000] {dagbag.py:545} INFO - Filling up the DagBag from /opt/airflow/dags/reports_etl_dag.py
[2026-01-24T10:39:18.827+0000] {processor.py:840} INFO - DAG(s) 'reports_etl_dag' retrieved from /opt/airflow/dags/reports_etl_dag.py
[2026-01-24T10:39:18.861+0000] {logging_mixin.py:188} INFO - [2026-01-24T10:39:18.860+0000] {dag.py:3096} INFO - Sync 1 DAGs
[2026-01-24T10:39:18.884+0000] {logging_mixin.py:188} INFO - [2026-01-24T10:39:18.884+0000] {dag.py:3954} INFO - Setting next_dagrun for reports_etl_dag to 2026-01-24 10:36:00+00:00, run_after=2026-01-24 10:39:00+00:00
[2026-01-24T10:39:18.901+0000] {processor.py:183} INFO - Processing /opt/airflow/dags/reports_etl_dag.py took 0.520 seconds
[2026-01-24T10:39:49.250+0000] {processor.py:161} INFO - Started process (PID=1590) to work on /opt/airflow/dags/reports_etl_dag.py
[2026-01-24T10:39:49.251+0000] {processor.py:830} INFO - Processing file /opt/airflow/dags/reports_etl_dag.py for tasks to queue
[2026-01-24T10:39:49.252+0000] {logging_mixin.py:188} INFO - [2026-01-24T10:39:49.252+0000] {dagbag.py:545} INFO - Filling up the DagBag from /opt/airflow/dags/reports_etl_dag.py
[2026-01-24T10:39:49.670+0000] {processor.py:840} INFO - DAG(s) 'reports_etl_dag' retrieved from /opt/airflow/dags/reports_etl_dag.py
[2026-01-24T10:39:49.706+0000] {logging_mixin.py:188} INFO - [2026-01-24T10:39:49.705+0000] {dag.py:3096} INFO - Sync 1 DAGs
[2026-01-24T10:39:49.730+0000] {logging_mixin.py:188} INFO - [2026-01-24T10:39:49.730+0000] {dag.py:3954} INFO - Setting next_dagrun for reports_etl_dag to 2026-01-24 10:36:00+00:00, run_after=2026-01-24 10:39:00+00:00
[2026-01-24T10:39:49.748+0000] {processor.py:183} INFO - Processing /opt/airflow/dags/reports_etl_dag.py took 0.504 seconds
[2026-01-24T10:40:20.115+0000] {processor.py:161} INFO - Started process (PID=1603) to work on /opt/airflow/dags/reports_etl_dag.py
[2026-01-24T10:40:20.116+0000] {processor.py:830} INFO - Processing file /opt/airflow/dags/reports_etl_dag.py for tasks to queue
[2026-01-24T10:40:20.117+0000] {logging_mixin.py:188} INFO - [2026-01-24T10:40:20.117+0000] {dagbag.py:545} INFO - Filling up the DagBag from /opt/airflow/dags/reports_etl_dag.py
[2026-01-24T10:40:20.541+0000] {processor.py:840} INFO - DAG(s) 'reports_etl_dag' retrieved from /opt/airflow/dags/reports_etl_dag.py
[2026-01-24T10:40:20.580+0000] {logging_mixin.py:188} INFO - [2026-01-24T10:40:20.580+0000] {dag.py:3096} INFO - Sync 1 DAGs
[2026-01-24T10:40:20.603+0000] {logging_mixin.py:188} INFO - [2026-01-24T10:40:20.603+0000] {dag.py:3954} INFO - Setting next_dagrun for reports_etl_dag to 2026-01-24 10:36:00+00:00, run_after=2026-01-24 10:39:00+00:00
[2026-01-24T10:40:20.633+0000] {processor.py:183} INFO - Processing /opt/airflow/dags/reports_etl_dag.py took 0.525 seconds
[2026-01-24T10:40:50.918+0000] {processor.py:161} INFO - Started process (PID=1616) to work on /opt/airflow/dags/reports_etl_dag.py
[2026-01-24T10:40:50.919+0000] {processor.py:830} INFO - Processing file /opt/airflow/dags/reports_etl_dag.py for tasks to queue
[2026-01-24T10:40:50.920+0000] {logging_mixin.py:188} INFO - [2026-01-24T10:40:50.920+0000] {dagbag.py:545} INFO - Filling up the DagBag from /opt/airflow/dags/reports_etl_dag.py
[2026-01-24T10:40:51.342+0000] {processor.py:840} INFO - DAG(s) 'reports_etl_dag' retrieved from /opt/airflow/dags/reports_etl_dag.py
[2026-01-24T10:40:51.377+0000] {logging_mixin.py:188} INFO - [2026-01-24T10:40:51.377+0000] {dag.py:3096} INFO - Sync 1 DAGs
[2026-01-24T10:40:51.401+0000] {logging_mixin.py:188} INFO - [2026-01-24T10:40:51.401+0000] {dag.py:3954} INFO - Setting next_dagrun for reports_etl_dag to 2026-01-24 10:36:00+00:00, run_after=2026-01-24 10:39:00+00:00
[2026-01-24T10:40:51.434+0000] {processor.py:183} INFO - Processing /opt/airflow/dags/reports_etl_dag.py took 0.523 seconds
[2026-01-24T10:41:21.810+0000] {processor.py:161} INFO - Started process (PID=1629) to work on /opt/airflow/dags/reports_etl_dag.py
[2026-01-24T10:41:21.811+0000] {processor.py:830} INFO - Processing file /opt/airflow/dags/reports_etl_dag.py for tasks to queue
[2026-01-24T10:41:21.813+0000] {logging_mixin.py:188} INFO - [2026-01-24T10:41:21.812+0000] {dagbag.py:545} INFO - Filling up the DagBag from /opt/airflow/dags/reports_etl_dag.py
[2026-01-24T10:41:22.249+0000] {processor.py:840} INFO - DAG(s) 'reports_etl_dag' retrieved from /opt/airflow/dags/reports_etl_dag.py
[2026-01-24T10:41:22.288+0000] {logging_mixin.py:188} INFO - [2026-01-24T10:41:22.288+0000] {dag.py:3096} INFO - Sync 1 DAGs
[2026-01-24T10:41:22.311+0000] {logging_mixin.py:188} INFO - [2026-01-24T10:41:22.311+0000] {dag.py:3954} INFO - Setting next_dagrun for reports_etl_dag to 2026-01-24 10:36:00+00:00, run_after=2026-01-24 10:39:00+00:00
[2026-01-24T10:41:22.330+0000] {processor.py:183} INFO - Processing /opt/airflow/dags/reports_etl_dag.py took 0.527 seconds
[2026-01-24T10:41:52.667+0000] {processor.py:161} INFO - Started process (PID=1642) to work on /opt/airflow/dags/reports_etl_dag.py
[2026-01-24T10:41:52.668+0000] {processor.py:830} INFO - Processing file /opt/airflow/dags/reports_etl_dag.py for tasks to queue
[2026-01-24T10:41:52.670+0000] {logging_mixin.py:188} INFO - [2026-01-24T10:41:52.669+0000] {dagbag.py:545} INFO - Filling up the DagBag from /opt/airflow/dags/reports_etl_dag.py
[2026-01-24T10:41:53.093+0000] {processor.py:840} INFO - DAG(s) 'reports_etl_dag' retrieved from /opt/airflow/dags/reports_etl_dag.py
[2026-01-24T10:41:53.128+0000] {logging_mixin.py:188} INFO - [2026-01-24T10:41:53.128+0000] {dag.py:3096} INFO - Sync 1 DAGs
[2026-01-24T10:41:53.151+0000] {logging_mixin.py:188} INFO - [2026-01-24T10:41:53.150+0000] {dag.py:3954} INFO - Setting next_dagrun for reports_etl_dag to 2026-01-24 10:36:00+00:00, run_after=2026-01-24 10:39:00+00:00
[2026-01-24T10:41:53.181+0000] {processor.py:183} INFO - Processing /opt/airflow/dags/reports_etl_dag.py took 0.519 seconds
[2026-01-24T10:42:23.518+0000] {processor.py:161} INFO - Started process (PID=1655) to work on /opt/airflow/dags/reports_etl_dag.py
[2026-01-24T10:42:23.519+0000] {processor.py:830} INFO - Processing file /opt/airflow/dags/reports_etl_dag.py for tasks to queue
[2026-01-24T10:42:23.520+0000] {logging_mixin.py:188} INFO - [2026-01-24T10:42:23.520+0000] {dagbag.py:545} INFO - Filling up the DagBag from /opt/airflow/dags/reports_etl_dag.py
[2026-01-24T10:42:23.948+0000] {processor.py:840} INFO - DAG(s) 'reports_etl_dag' retrieved from /opt/airflow/dags/reports_etl_dag.py
[2026-01-24T10:42:23.984+0000] {logging_mixin.py:188} INFO - [2026-01-24T10:42:23.984+0000] {dag.py:3096} INFO - Sync 1 DAGs
[2026-01-24T10:42:24.010+0000] {logging_mixin.py:188} INFO - [2026-01-24T10:42:24.009+0000] {dag.py:3954} INFO - Setting next_dagrun for reports_etl_dag to 2026-01-24 10:39:00+00:00, run_after=2026-01-24 10:42:00+00:00
[2026-01-24T10:42:24.026+0000] {processor.py:183} INFO - Processing /opt/airflow/dags/reports_etl_dag.py took 0.515 seconds
[2026-01-24T10:42:54.319+0000] {processor.py:161} INFO - Started process (PID=1668) to work on /opt/airflow/dags/reports_etl_dag.py
[2026-01-24T10:42:54.320+0000] {processor.py:830} INFO - Processing file /opt/airflow/dags/reports_etl_dag.py for tasks to queue
[2026-01-24T10:42:54.322+0000] {logging_mixin.py:188} INFO - [2026-01-24T10:42:54.322+0000] {dagbag.py:545} INFO - Filling up the DagBag from /opt/airflow/dags/reports_etl_dag.py
[2026-01-24T10:42:54.729+0000] {processor.py:840} INFO - DAG(s) 'reports_etl_dag' retrieved from /opt/airflow/dags/reports_etl_dag.py
[2026-01-24T10:42:54.765+0000] {logging_mixin.py:188} INFO - [2026-01-24T10:42:54.765+0000] {dag.py:3096} INFO - Sync 1 DAGs
[2026-01-24T10:42:54.788+0000] {logging_mixin.py:188} INFO - [2026-01-24T10:42:54.788+0000] {dag.py:3954} INFO - Setting next_dagrun for reports_etl_dag to 2026-01-24 10:39:00+00:00, run_after=2026-01-24 10:42:00+00:00
[2026-01-24T10:42:54.807+0000] {processor.py:183} INFO - Processing /opt/airflow/dags/reports_etl_dag.py took 0.493 seconds
[2026-01-24T10:43:25.149+0000] {processor.py:161} INFO - Started process (PID=1681) to work on /opt/airflow/dags/reports_etl_dag.py
[2026-01-24T10:43:25.151+0000] {processor.py:830} INFO - Processing file /opt/airflow/dags/reports_etl_dag.py for tasks to queue
[2026-01-24T10:43:25.157+0000] {logging_mixin.py:188} INFO - [2026-01-24T10:43:25.156+0000] {dagbag.py:545} INFO - Filling up the DagBag from /opt/airflow/dags/reports_etl_dag.py
[2026-01-24T10:43:25.656+0000] {processor.py:840} INFO - DAG(s) 'reports_etl_dag' retrieved from /opt/airflow/dags/reports_etl_dag.py
[2026-01-24T10:43:25.697+0000] {logging_mixin.py:188} INFO - [2026-01-24T10:43:25.697+0000] {dag.py:3096} INFO - Sync 1 DAGs
[2026-01-24T10:43:25.722+0000] {logging_mixin.py:188} INFO - [2026-01-24T10:43:25.722+0000] {dag.py:3954} INFO - Setting next_dagrun for reports_etl_dag to 2026-01-24 10:39:00+00:00, run_after=2026-01-24 10:42:00+00:00
[2026-01-24T10:43:25.742+0000] {processor.py:183} INFO - Processing /opt/airflow/dags/reports_etl_dag.py took 0.601 seconds
[2026-01-24T10:43:55.993+0000] {processor.py:161} INFO - Started process (PID=1694) to work on /opt/airflow/dags/reports_etl_dag.py
[2026-01-24T10:43:55.993+0000] {processor.py:830} INFO - Processing file /opt/airflow/dags/reports_etl_dag.py for tasks to queue
[2026-01-24T10:43:55.995+0000] {logging_mixin.py:188} INFO - [2026-01-24T10:43:55.995+0000] {dagbag.py:545} INFO - Filling up the DagBag from /opt/airflow/dags/reports_etl_dag.py
[2026-01-24T10:43:56.449+0000] {processor.py:840} INFO - DAG(s) 'reports_etl_dag' retrieved from /opt/airflow/dags/reports_etl_dag.py
[2026-01-24T10:43:56.489+0000] {logging_mixin.py:188} INFO - [2026-01-24T10:43:56.488+0000] {dag.py:3096} INFO - Sync 1 DAGs
[2026-01-24T10:43:56.514+0000] {logging_mixin.py:188} INFO - [2026-01-24T10:43:56.514+0000] {dag.py:3954} INFO - Setting next_dagrun for reports_etl_dag to 2026-01-24 10:39:00+00:00, run_after=2026-01-24 10:42:00+00:00
[2026-01-24T10:43:56.534+0000] {processor.py:183} INFO - Processing /opt/airflow/dags/reports_etl_dag.py took 0.548 seconds
[2026-01-24T10:44:26.856+0000] {processor.py:161} INFO - Started process (PID=1707) to work on /opt/airflow/dags/reports_etl_dag.py
[2026-01-24T10:44:26.857+0000] {processor.py:830} INFO - Processing file /opt/airflow/dags/reports_etl_dag.py for tasks to queue
[2026-01-24T10:44:26.859+0000] {logging_mixin.py:188} INFO - [2026-01-24T10:44:26.858+0000] {dagbag.py:545} INFO - Filling up the DagBag from /opt/airflow/dags/reports_etl_dag.py
[2026-01-24T10:44:27.274+0000] {processor.py:840} INFO - DAG(s) 'reports_etl_dag' retrieved from /opt/airflow/dags/reports_etl_dag.py
[2026-01-24T10:44:27.307+0000] {logging_mixin.py:188} INFO - [2026-01-24T10:44:27.307+0000] {dag.py:3096} INFO - Sync 1 DAGs
[2026-01-24T10:44:27.330+0000] {logging_mixin.py:188} INFO - [2026-01-24T10:44:27.330+0000] {dag.py:3954} INFO - Setting next_dagrun for reports_etl_dag to 2026-01-24 10:39:00+00:00, run_after=2026-01-24 10:42:00+00:00
[2026-01-24T10:44:27.360+0000] {processor.py:183} INFO - Processing /opt/airflow/dags/reports_etl_dag.py took 0.510 seconds
[2026-01-24T10:44:57.672+0000] {processor.py:161} INFO - Started process (PID=1732) to work on /opt/airflow/dags/reports_etl_dag.py
[2026-01-24T10:44:57.673+0000] {processor.py:830} INFO - Processing file /opt/airflow/dags/reports_etl_dag.py for tasks to queue
[2026-01-24T10:44:57.675+0000] {logging_mixin.py:188} INFO - [2026-01-24T10:44:57.674+0000] {dagbag.py:545} INFO - Filling up the DagBag from /opt/airflow/dags/reports_etl_dag.py
[2026-01-24T10:44:58.125+0000] {processor.py:840} INFO - DAG(s) 'reports_etl_dag' retrieved from /opt/airflow/dags/reports_etl_dag.py
[2026-01-24T10:44:58.160+0000] {logging_mixin.py:188} INFO - [2026-01-24T10:44:58.159+0000] {dag.py:3096} INFO - Sync 1 DAGs
[2026-01-24T10:44:58.182+0000] {logging_mixin.py:188} INFO - [2026-01-24T10:44:58.182+0000] {dag.py:3954} INFO - Setting next_dagrun for reports_etl_dag to 2026-01-24 10:42:00+00:00, run_after=2026-01-24 10:45:00+00:00
[2026-01-24T10:44:58.211+0000] {processor.py:183} INFO - Processing /opt/airflow/dags/reports_etl_dag.py took 0.544 seconds
[2026-01-24T10:45:28.506+0000] {processor.py:161} INFO - Started process (PID=1751) to work on /opt/airflow/dags/reports_etl_dag.py
[2026-01-24T10:45:28.507+0000] {processor.py:830} INFO - Processing file /opt/airflow/dags/reports_etl_dag.py for tasks to queue
[2026-01-24T10:45:28.509+0000] {logging_mixin.py:188} INFO - [2026-01-24T10:45:28.508+0000] {dagbag.py:545} INFO - Filling up the DagBag from /opt/airflow/dags/reports_etl_dag.py
[2026-01-24T10:45:28.920+0000] {processor.py:840} INFO - DAG(s) 'reports_etl_dag' retrieved from /opt/airflow/dags/reports_etl_dag.py
[2026-01-24T10:45:28.955+0000] {logging_mixin.py:188} INFO - [2026-01-24T10:45:28.955+0000] {dag.py:3096} INFO - Sync 1 DAGs
[2026-01-24T10:45:28.977+0000] {logging_mixin.py:188} INFO - [2026-01-24T10:45:28.977+0000] {dag.py:3954} INFO - Setting next_dagrun for reports_etl_dag to 2026-01-24 10:45:00+00:00, run_after=2026-01-24 10:48:00+00:00
[2026-01-24T10:45:29.000+0000] {processor.py:183} INFO - Processing /opt/airflow/dags/reports_etl_dag.py took 0.501 seconds
[2026-01-24T10:45:59.299+0000] {processor.py:161} INFO - Started process (PID=1764) to work on /opt/airflow/dags/reports_etl_dag.py
[2026-01-24T10:45:59.300+0000] {processor.py:830} INFO - Processing file /opt/airflow/dags/reports_etl_dag.py for tasks to queue
[2026-01-24T10:45:59.301+0000] {logging_mixin.py:188} INFO - [2026-01-24T10:45:59.301+0000] {dagbag.py:545} INFO - Filling up the DagBag from /opt/airflow/dags/reports_etl_dag.py
[2026-01-24T10:45:59.726+0000] {processor.py:840} INFO - DAG(s) 'reports_etl_dag' retrieved from /opt/airflow/dags/reports_etl_dag.py
[2026-01-24T10:45:59.764+0000] {logging_mixin.py:188} INFO - [2026-01-24T10:45:59.764+0000] {dag.py:3096} INFO - Sync 1 DAGs
[2026-01-24T10:45:59.788+0000] {logging_mixin.py:188} INFO - [2026-01-24T10:45:59.788+0000] {dag.py:3954} INFO - Setting next_dagrun for reports_etl_dag to 2026-01-24 10:45:00+00:00, run_after=2026-01-24 10:48:00+00:00
[2026-01-24T10:45:59.808+0000] {processor.py:183} INFO - Processing /opt/airflow/dags/reports_etl_dag.py took 0.514 seconds
[2026-01-24T10:46:30.120+0000] {processor.py:161} INFO - Started process (PID=1777) to work on /opt/airflow/dags/reports_etl_dag.py
[2026-01-24T10:46:30.121+0000] {processor.py:830} INFO - Processing file /opt/airflow/dags/reports_etl_dag.py for tasks to queue
[2026-01-24T10:46:30.122+0000] {logging_mixin.py:188} INFO - [2026-01-24T10:46:30.122+0000] {dagbag.py:545} INFO - Filling up the DagBag from /opt/airflow/dags/reports_etl_dag.py
[2026-01-24T10:46:30.536+0000] {processor.py:840} INFO - DAG(s) 'reports_etl_dag' retrieved from /opt/airflow/dags/reports_etl_dag.py
[2026-01-24T10:46:30.572+0000] {logging_mixin.py:188} INFO - [2026-01-24T10:46:30.572+0000] {dag.py:3096} INFO - Sync 1 DAGs
[2026-01-24T10:46:30.594+0000] {logging_mixin.py:188} INFO - [2026-01-24T10:46:30.594+0000] {dag.py:3954} INFO - Setting next_dagrun for reports_etl_dag to 2026-01-24 10:45:00+00:00, run_after=2026-01-24 10:48:00+00:00
[2026-01-24T10:46:30.625+0000] {processor.py:183} INFO - Processing /opt/airflow/dags/reports_etl_dag.py took 0.511 seconds
[2026-01-24T10:47:00.898+0000] {processor.py:161} INFO - Started process (PID=1790) to work on /opt/airflow/dags/reports_etl_dag.py
[2026-01-24T10:47:00.899+0000] {processor.py:830} INFO - Processing file /opt/airflow/dags/reports_etl_dag.py for tasks to queue
[2026-01-24T10:47:00.901+0000] {logging_mixin.py:188} INFO - [2026-01-24T10:47:00.901+0000] {dagbag.py:545} INFO - Filling up the DagBag from /opt/airflow/dags/reports_etl_dag.py
[2026-01-24T10:47:01.316+0000] {processor.py:840} INFO - DAG(s) 'reports_etl_dag' retrieved from /opt/airflow/dags/reports_etl_dag.py
[2026-01-24T10:47:01.350+0000] {logging_mixin.py:188} INFO - [2026-01-24T10:47:01.349+0000] {dag.py:3096} INFO - Sync 1 DAGs
[2026-01-24T10:47:01.374+0000] {logging_mixin.py:188} INFO - [2026-01-24T10:47:01.374+0000] {dag.py:3954} INFO - Setting next_dagrun for reports_etl_dag to 2026-01-24 10:45:00+00:00, run_after=2026-01-24 10:48:00+00:00
[2026-01-24T10:47:01.391+0000] {processor.py:183} INFO - Processing /opt/airflow/dags/reports_etl_dag.py took 0.499 seconds
[2026-01-24T10:47:31.700+0000] {processor.py:161} INFO - Started process (PID=1803) to work on /opt/airflow/dags/reports_etl_dag.py
[2026-01-24T10:47:31.701+0000] {processor.py:830} INFO - Processing file /opt/airflow/dags/reports_etl_dag.py for tasks to queue
[2026-01-24T10:47:31.703+0000] {logging_mixin.py:188} INFO - [2026-01-24T10:47:31.703+0000] {dagbag.py:545} INFO - Filling up the DagBag from /opt/airflow/dags/reports_etl_dag.py
[2026-01-24T10:47:32.137+0000] {processor.py:840} INFO - DAG(s) 'reports_etl_dag' retrieved from /opt/airflow/dags/reports_etl_dag.py
[2026-01-24T10:47:32.175+0000] {logging_mixin.py:188} INFO - [2026-01-24T10:47:32.175+0000] {dag.py:3096} INFO - Sync 1 DAGs
[2026-01-24T10:47:32.200+0000] {logging_mixin.py:188} INFO - [2026-01-24T10:47:32.200+0000] {dag.py:3954} INFO - Setting next_dagrun for reports_etl_dag to 2026-01-24 10:45:00+00:00, run_after=2026-01-24 10:48:00+00:00
[2026-01-24T10:47:32.232+0000] {processor.py:183} INFO - Processing /opt/airflow/dags/reports_etl_dag.py took 0.538 seconds
[2026-01-24T10:48:02.577+0000] {processor.py:161} INFO - Started process (PID=1822) to work on /opt/airflow/dags/reports_etl_dag.py
[2026-01-24T10:48:02.578+0000] {processor.py:830} INFO - Processing file /opt/airflow/dags/reports_etl_dag.py for tasks to queue
[2026-01-24T10:48:02.580+0000] {logging_mixin.py:188} INFO - [2026-01-24T10:48:02.580+0000] {dagbag.py:545} INFO - Filling up the DagBag from /opt/airflow/dags/reports_etl_dag.py
[2026-01-24T10:48:03.017+0000] {processor.py:840} INFO - DAG(s) 'reports_etl_dag' retrieved from /opt/airflow/dags/reports_etl_dag.py
[2026-01-24T10:48:03.051+0000] {logging_mixin.py:188} INFO - [2026-01-24T10:48:03.051+0000] {dag.py:3096} INFO - Sync 1 DAGs
[2026-01-24T10:48:03.075+0000] {logging_mixin.py:188} INFO - [2026-01-24T10:48:03.075+0000] {dag.py:3954} INFO - Setting next_dagrun for reports_etl_dag to 2026-01-24 10:48:00+00:00, run_after=2026-01-24 10:51:00+00:00
[2026-01-24T10:48:03.095+0000] {processor.py:183} INFO - Processing /opt/airflow/dags/reports_etl_dag.py took 0.523 seconds
[2026-01-24T10:48:33.277+0000] {processor.py:161} INFO - Started process (PID=1835) to work on /opt/airflow/dags/reports_etl_dag.py
[2026-01-24T10:48:33.278+0000] {processor.py:830} INFO - Processing file /opt/airflow/dags/reports_etl_dag.py for tasks to queue
[2026-01-24T10:48:33.280+0000] {logging_mixin.py:188} INFO - [2026-01-24T10:48:33.279+0000] {dagbag.py:545} INFO - Filling up the DagBag from /opt/airflow/dags/reports_etl_dag.py
[2026-01-24T10:48:33.712+0000] {processor.py:840} INFO - DAG(s) 'reports_etl_dag' retrieved from /opt/airflow/dags/reports_etl_dag.py
[2026-01-24T10:48:33.747+0000] {logging_mixin.py:188} INFO - [2026-01-24T10:48:33.746+0000] {dag.py:3096} INFO - Sync 1 DAGs
[2026-01-24T10:48:33.772+0000] {logging_mixin.py:188} INFO - [2026-01-24T10:48:33.771+0000] {dag.py:3954} INFO - Setting next_dagrun for reports_etl_dag to 2026-01-24 10:48:00+00:00, run_after=2026-01-24 10:51:00+00:00
[2026-01-24T10:48:33.804+0000] {processor.py:183} INFO - Processing /opt/airflow/dags/reports_etl_dag.py took 0.533 seconds
[2026-01-24T10:49:04.238+0000] {processor.py:161} INFO - Started process (PID=1848) to work on /opt/airflow/dags/reports_etl_dag.py
[2026-01-24T10:49:04.239+0000] {processor.py:830} INFO - Processing file /opt/airflow/dags/reports_etl_dag.py for tasks to queue
[2026-01-24T10:49:04.240+0000] {logging_mixin.py:188} INFO - [2026-01-24T10:49:04.240+0000] {dagbag.py:545} INFO - Filling up the DagBag from /opt/airflow/dags/reports_etl_dag.py
[2026-01-24T10:49:04.564+0000] {processor.py:840} INFO - DAG(s) 'reports_etl_dag' retrieved from /opt/airflow/dags/reports_etl_dag.py
[2026-01-24T10:49:04.601+0000] {logging_mixin.py:188} INFO - [2026-01-24T10:49:04.600+0000] {dag.py:3096} INFO - Sync 1 DAGs
[2026-01-24T10:49:04.630+0000] {logging_mixin.py:188} INFO - [2026-01-24T10:49:04.630+0000] {dag.py:3954} INFO - Setting next_dagrun for reports_etl_dag to 2026-01-24 10:48:00+00:00, run_after=2026-01-24 10:51:00+00:00
[2026-01-24T10:49:04.652+0000] {processor.py:183} INFO - Processing /opt/airflow/dags/reports_etl_dag.py took 0.420 seconds
[2026-01-24T10:49:34.954+0000] {processor.py:161} INFO - Started process (PID=1861) to work on /opt/airflow/dags/reports_etl_dag.py
[2026-01-24T10:49:34.955+0000] {processor.py:830} INFO - Processing file /opt/airflow/dags/reports_etl_dag.py for tasks to queue
[2026-01-24T10:49:34.956+0000] {logging_mixin.py:188} INFO - [2026-01-24T10:49:34.956+0000] {dagbag.py:545} INFO - Filling up the DagBag from /opt/airflow/dags/reports_etl_dag.py
[2026-01-24T10:49:35.286+0000] {processor.py:840} INFO - DAG(s) 'reports_etl_dag' retrieved from /opt/airflow/dags/reports_etl_dag.py
[2026-01-24T10:49:35.323+0000] {logging_mixin.py:188} INFO - [2026-01-24T10:49:35.323+0000] {dag.py:3096} INFO - Sync 1 DAGs
[2026-01-24T10:49:35.351+0000] {logging_mixin.py:188} INFO - [2026-01-24T10:49:35.351+0000] {dag.py:3954} INFO - Setting next_dagrun for reports_etl_dag to 2026-01-24 10:48:00+00:00, run_after=2026-01-24 10:51:00+00:00
[2026-01-24T10:49:35.390+0000] {processor.py:183} INFO - Processing /opt/airflow/dags/reports_etl_dag.py took 0.442 seconds
[2026-01-24T10:50:05.706+0000] {processor.py:161} INFO - Started process (PID=1883) to work on /opt/airflow/dags/reports_etl_dag.py
[2026-01-24T10:50:05.707+0000] {processor.py:830} INFO - Processing file /opt/airflow/dags/reports_etl_dag.py for tasks to queue
[2026-01-24T10:50:05.708+0000] {logging_mixin.py:188} INFO - [2026-01-24T10:50:05.708+0000] {dagbag.py:545} INFO - Filling up the DagBag from /opt/airflow/dags/reports_etl_dag.py
[2026-01-24T10:50:06.064+0000] {processor.py:840} INFO - DAG(s) 'reports_etl_dag' retrieved from /opt/airflow/dags/reports_etl_dag.py
[2026-01-24T10:50:06.102+0000] {logging_mixin.py:188} INFO - [2026-01-24T10:50:06.102+0000] {dag.py:3096} INFO - Sync 1 DAGs
[2026-01-24T10:50:06.129+0000] {logging_mixin.py:188} INFO - [2026-01-24T10:50:06.129+0000] {dag.py:3954} INFO - Setting next_dagrun for reports_etl_dag to 2026-01-24 10:48:00+00:00, run_after=2026-01-24 10:51:00+00:00
[2026-01-24T10:50:06.149+0000] {processor.py:183} INFO - Processing /opt/airflow/dags/reports_etl_dag.py took 0.449 seconds
[2026-01-24T10:50:36.495+0000] {processor.py:161} INFO - Started process (PID=1896) to work on /opt/airflow/dags/reports_etl_dag.py
[2026-01-24T10:50:36.496+0000] {processor.py:830} INFO - Processing file /opt/airflow/dags/reports_etl_dag.py for tasks to queue
[2026-01-24T10:50:36.498+0000] {logging_mixin.py:188} INFO - [2026-01-24T10:50:36.498+0000] {dagbag.py:545} INFO - Filling up the DagBag from /opt/airflow/dags/reports_etl_dag.py
[2026-01-24T10:50:36.845+0000] {processor.py:840} INFO - DAG(s) 'reports_etl_dag' retrieved from /opt/airflow/dags/reports_etl_dag.py
[2026-01-24T10:50:36.894+0000] {logging_mixin.py:188} INFO - [2026-01-24T10:50:36.893+0000] {dag.py:3096} INFO - Sync 1 DAGs
[2026-01-24T10:50:36.923+0000] {logging_mixin.py:188} INFO - [2026-01-24T10:50:36.923+0000] {dag.py:3954} INFO - Setting next_dagrun for reports_etl_dag to 2026-01-24 10:48:00+00:00, run_after=2026-01-24 10:51:00+00:00
[2026-01-24T10:50:36.946+0000] {processor.py:183} INFO - Processing /opt/airflow/dags/reports_etl_dag.py took 0.456 seconds
[2026-01-24T10:51:07.258+0000] {processor.py:161} INFO - Started process (PID=1908) to work on /opt/airflow/dags/reports_etl_dag.py
[2026-01-24T10:51:07.259+0000] {processor.py:830} INFO - Processing file /opt/airflow/dags/reports_etl_dag.py for tasks to queue
[2026-01-24T10:51:07.261+0000] {logging_mixin.py:188} INFO - [2026-01-24T10:51:07.261+0000] {dagbag.py:545} INFO - Filling up the DagBag from /opt/airflow/dags/reports_etl_dag.py
[2026-01-24T10:51:07.593+0000] {processor.py:840} INFO - DAG(s) 'reports_etl_dag' retrieved from /opt/airflow/dags/reports_etl_dag.py
[2026-01-24T10:51:07.631+0000] {logging_mixin.py:188} INFO - [2026-01-24T10:51:07.631+0000] {dag.py:3096} INFO - Sync 1 DAGs
[2026-01-24T10:51:07.657+0000] {logging_mixin.py:188} INFO - [2026-01-24T10:51:07.656+0000] {dag.py:3954} INFO - Setting next_dagrun for reports_etl_dag to 2026-01-24 10:51:00+00:00, run_after=2026-01-24 10:54:00+00:00
[2026-01-24T10:51:07.688+0000] {processor.py:183} INFO - Processing /opt/airflow/dags/reports_etl_dag.py took 0.436 seconds
[2026-01-24T10:51:37.998+0000] {processor.py:161} INFO - Started process (PID=1921) to work on /opt/airflow/dags/reports_etl_dag.py
[2026-01-24T10:51:37.999+0000] {processor.py:830} INFO - Processing file /opt/airflow/dags/reports_etl_dag.py for tasks to queue
[2026-01-24T10:51:38.001+0000] {logging_mixin.py:188} INFO - [2026-01-24T10:51:38.001+0000] {dagbag.py:545} INFO - Filling up the DagBag from /opt/airflow/dags/reports_etl_dag.py
[2026-01-24T10:51:38.374+0000] {processor.py:840} INFO - DAG(s) 'reports_etl_dag' retrieved from /opt/airflow/dags/reports_etl_dag.py
[2026-01-24T10:51:38.415+0000] {logging_mixin.py:188} INFO - [2026-01-24T10:51:38.414+0000] {dag.py:3096} INFO - Sync 1 DAGs
[2026-01-24T10:51:38.442+0000] {logging_mixin.py:188} INFO - [2026-01-24T10:51:38.442+0000] {dag.py:3954} INFO - Setting next_dagrun for reports_etl_dag to 2026-01-24 10:51:00+00:00, run_after=2026-01-24 10:54:00+00:00
[2026-01-24T10:51:38.465+0000] {processor.py:183} INFO - Processing /opt/airflow/dags/reports_etl_dag.py took 0.473 seconds
[2026-01-24T10:52:08.775+0000] {processor.py:161} INFO - Started process (PID=1934) to work on /opt/airflow/dags/reports_etl_dag.py
[2026-01-24T10:52:08.776+0000] {processor.py:830} INFO - Processing file /opt/airflow/dags/reports_etl_dag.py for tasks to queue
[2026-01-24T10:52:08.777+0000] {logging_mixin.py:188} INFO - [2026-01-24T10:52:08.777+0000] {dagbag.py:545} INFO - Filling up the DagBag from /opt/airflow/dags/reports_etl_dag.py
[2026-01-24T10:52:09.111+0000] {processor.py:840} INFO - DAG(s) 'reports_etl_dag' retrieved from /opt/airflow/dags/reports_etl_dag.py
[2026-01-24T10:52:09.150+0000] {logging_mixin.py:188} INFO - [2026-01-24T10:52:09.149+0000] {dag.py:3096} INFO - Sync 1 DAGs
[2026-01-24T10:52:09.176+0000] {logging_mixin.py:188} INFO - [2026-01-24T10:52:09.176+0000] {dag.py:3954} INFO - Setting next_dagrun for reports_etl_dag to 2026-01-24 10:51:00+00:00, run_after=2026-01-24 10:54:00+00:00
[2026-01-24T10:52:09.198+0000] {processor.py:183} INFO - Processing /opt/airflow/dags/reports_etl_dag.py took 0.430 seconds
[2026-01-24T10:52:39.513+0000] {processor.py:161} INFO - Started process (PID=1947) to work on /opt/airflow/dags/reports_etl_dag.py
[2026-01-24T10:52:39.514+0000] {processor.py:830} INFO - Processing file /opt/airflow/dags/reports_etl_dag.py for tasks to queue
[2026-01-24T10:52:39.516+0000] {logging_mixin.py:188} INFO - [2026-01-24T10:52:39.515+0000] {dagbag.py:545} INFO - Filling up the DagBag from /opt/airflow/dags/reports_etl_dag.py
[2026-01-24T10:52:39.838+0000] {processor.py:840} INFO - DAG(s) 'reports_etl_dag' retrieved from /opt/airflow/dags/reports_etl_dag.py
[2026-01-24T10:52:39.874+0000] {logging_mixin.py:188} INFO - [2026-01-24T10:52:39.873+0000] {dag.py:3096} INFO - Sync 1 DAGs
[2026-01-24T10:52:39.899+0000] {logging_mixin.py:188} INFO - [2026-01-24T10:52:39.899+0000] {dag.py:3954} INFO - Setting next_dagrun for reports_etl_dag to 2026-01-24 10:51:00+00:00, run_after=2026-01-24 10:54:00+00:00
[2026-01-24T10:52:39.930+0000] {processor.py:183} INFO - Processing /opt/airflow/dags/reports_etl_dag.py took 0.423 seconds
[2026-01-24T10:53:10.277+0000] {processor.py:161} INFO - Started process (PID=1964) to work on /opt/airflow/dags/reports_etl_dag.py
[2026-01-24T10:53:10.277+0000] {processor.py:830} INFO - Processing file /opt/airflow/dags/reports_etl_dag.py for tasks to queue
[2026-01-24T10:53:10.279+0000] {logging_mixin.py:188} INFO - [2026-01-24T10:53:10.279+0000] {dagbag.py:545} INFO - Filling up the DagBag from /opt/airflow/dags/reports_etl_dag.py
[2026-01-24T10:53:10.606+0000] {processor.py:840} INFO - DAG(s) 'reports_etl_dag' retrieved from /opt/airflow/dags/reports_etl_dag.py
[2026-01-24T10:53:10.642+0000] {logging_mixin.py:188} INFO - [2026-01-24T10:53:10.642+0000] {dag.py:3096} INFO - Sync 1 DAGs
[2026-01-24T10:53:10.669+0000] {logging_mixin.py:188} INFO - [2026-01-24T10:53:10.669+0000] {dag.py:3954} INFO - Setting next_dagrun for reports_etl_dag to 2026-01-24 10:51:00+00:00, run_after=2026-01-24 10:54:00+00:00
[2026-01-24T10:53:10.701+0000] {processor.py:183} INFO - Processing /opt/airflow/dags/reports_etl_dag.py took 0.431 seconds
[2026-01-24T10:53:41.017+0000] {processor.py:161} INFO - Started process (PID=1977) to work on /opt/airflow/dags/reports_etl_dag.py
[2026-01-24T10:53:41.017+0000] {processor.py:830} INFO - Processing file /opt/airflow/dags/reports_etl_dag.py for tasks to queue
[2026-01-24T10:53:41.019+0000] {logging_mixin.py:188} INFO - [2026-01-24T10:53:41.019+0000] {dagbag.py:545} INFO - Filling up the DagBag from /opt/airflow/dags/reports_etl_dag.py
[2026-01-24T10:53:41.342+0000] {processor.py:840} INFO - DAG(s) 'reports_etl_dag' retrieved from /opt/airflow/dags/reports_etl_dag.py
[2026-01-24T10:53:41.378+0000] {logging_mixin.py:188} INFO - [2026-01-24T10:53:41.378+0000] {dag.py:3096} INFO - Sync 1 DAGs
[2026-01-24T10:53:41.402+0000] {logging_mixin.py:188} INFO - [2026-01-24T10:53:41.402+0000] {dag.py:3954} INFO - Setting next_dagrun for reports_etl_dag to 2026-01-24 10:51:00+00:00, run_after=2026-01-24 10:54:00+00:00
[2026-01-24T10:53:41.432+0000] {processor.py:183} INFO - Processing /opt/airflow/dags/reports_etl_dag.py took 0.421 seconds
[2026-01-24T10:54:11.745+0000] {processor.py:161} INFO - Started process (PID=1996) to work on /opt/airflow/dags/reports_etl_dag.py
[2026-01-24T10:54:11.746+0000] {processor.py:830} INFO - Processing file /opt/airflow/dags/reports_etl_dag.py for tasks to queue
[2026-01-24T10:54:11.747+0000] {logging_mixin.py:188} INFO - [2026-01-24T10:54:11.747+0000] {dagbag.py:545} INFO - Filling up the DagBag from /opt/airflow/dags/reports_etl_dag.py
[2026-01-24T10:54:12.060+0000] {processor.py:840} INFO - DAG(s) 'reports_etl_dag' retrieved from /opt/airflow/dags/reports_etl_dag.py
[2026-01-24T10:54:12.098+0000] {logging_mixin.py:188} INFO - [2026-01-24T10:54:12.098+0000] {dag.py:3096} INFO - Sync 1 DAGs
[2026-01-24T10:54:12.124+0000] {logging_mixin.py:188} INFO - [2026-01-24T10:54:12.124+0000] {dag.py:3954} INFO - Setting next_dagrun for reports_etl_dag to 2026-01-24 10:54:00+00:00, run_after=2026-01-24 10:57:00+00:00
[2026-01-24T10:54:12.154+0000] {processor.py:183} INFO - Processing /opt/airflow/dags/reports_etl_dag.py took 0.415 seconds
[2026-01-24T10:54:42.549+0000] {processor.py:161} INFO - Started process (PID=2009) to work on /opt/airflow/dags/reports_etl_dag.py
[2026-01-24T10:54:42.549+0000] {processor.py:830} INFO - Processing file /opt/airflow/dags/reports_etl_dag.py for tasks to queue
[2026-01-24T10:54:42.551+0000] {logging_mixin.py:188} INFO - [2026-01-24T10:54:42.551+0000] {dagbag.py:545} INFO - Filling up the DagBag from /opt/airflow/dags/reports_etl_dag.py
[2026-01-24T10:54:42.864+0000] {processor.py:840} INFO - DAG(s) 'reports_etl_dag' retrieved from /opt/airflow/dags/reports_etl_dag.py
[2026-01-24T10:54:42.903+0000] {logging_mixin.py:188} INFO - [2026-01-24T10:54:42.902+0000] {dag.py:3096} INFO - Sync 1 DAGs
[2026-01-24T10:54:42.930+0000] {logging_mixin.py:188} INFO - [2026-01-24T10:54:42.930+0000] {dag.py:3954} INFO - Setting next_dagrun for reports_etl_dag to 2026-01-24 10:54:00+00:00, run_after=2026-01-24 10:57:00+00:00
[2026-01-24T10:54:42.963+0000] {processor.py:183} INFO - Processing /opt/airflow/dags/reports_etl_dag.py took 0.420 seconds
[2026-01-24T10:55:13.309+0000] {processor.py:161} INFO - Started process (PID=2031) to work on /opt/airflow/dags/reports_etl_dag.py
[2026-01-24T10:55:13.310+0000] {processor.py:830} INFO - Processing file /opt/airflow/dags/reports_etl_dag.py for tasks to queue
[2026-01-24T10:55:13.312+0000] {logging_mixin.py:188} INFO - [2026-01-24T10:55:13.312+0000] {dagbag.py:545} INFO - Filling up the DagBag from /opt/airflow/dags/reports_etl_dag.py
[2026-01-24T10:55:13.646+0000] {processor.py:840} INFO - DAG(s) 'reports_etl_dag' retrieved from /opt/airflow/dags/reports_etl_dag.py
[2026-01-24T10:55:13.683+0000] {logging_mixin.py:188} INFO - [2026-01-24T10:55:13.682+0000] {dag.py:3096} INFO - Sync 1 DAGs
[2026-01-24T10:55:13.708+0000] {logging_mixin.py:188} INFO - [2026-01-24T10:55:13.707+0000] {dag.py:3954} INFO - Setting next_dagrun for reports_etl_dag to 2026-01-24 10:54:00+00:00, run_after=2026-01-24 10:57:00+00:00
[2026-01-24T10:55:13.727+0000] {processor.py:183} INFO - Processing /opt/airflow/dags/reports_etl_dag.py took 0.424 seconds
[2026-01-24T10:55:44.047+0000] {processor.py:161} INFO - Started process (PID=2044) to work on /opt/airflow/dags/reports_etl_dag.py
[2026-01-24T10:55:44.048+0000] {processor.py:830} INFO - Processing file /opt/airflow/dags/reports_etl_dag.py for tasks to queue
[2026-01-24T10:55:44.049+0000] {logging_mixin.py:188} INFO - [2026-01-24T10:55:44.049+0000] {dagbag.py:545} INFO - Filling up the DagBag from /opt/airflow/dags/reports_etl_dag.py
[2026-01-24T10:55:44.362+0000] {processor.py:840} INFO - DAG(s) 'reports_etl_dag' retrieved from /opt/airflow/dags/reports_etl_dag.py
[2026-01-24T10:55:44.399+0000] {logging_mixin.py:188} INFO - [2026-01-24T10:55:44.399+0000] {dag.py:3096} INFO - Sync 1 DAGs
[2026-01-24T10:55:44.425+0000] {logging_mixin.py:188} INFO - [2026-01-24T10:55:44.425+0000] {dag.py:3954} INFO - Setting next_dagrun for reports_etl_dag to 2026-01-24 10:54:00+00:00, run_after=2026-01-24 10:57:00+00:00
[2026-01-24T10:55:44.456+0000] {processor.py:183} INFO - Processing /opt/airflow/dags/reports_etl_dag.py took 0.415 seconds
[2026-01-24T10:56:14.789+0000] {processor.py:161} INFO - Started process (PID=2060) to work on /opt/airflow/dags/reports_etl_dag.py
[2026-01-24T10:56:14.790+0000] {processor.py:830} INFO - Processing file /opt/airflow/dags/reports_etl_dag.py for tasks to queue
[2026-01-24T10:56:14.792+0000] {logging_mixin.py:188} INFO - [2026-01-24T10:56:14.792+0000] {dagbag.py:545} INFO - Filling up the DagBag from /opt/airflow/dags/reports_etl_dag.py
[2026-01-24T10:56:15.109+0000] {processor.py:840} INFO - DAG(s) 'reports_etl_dag' retrieved from /opt/airflow/dags/reports_etl_dag.py
[2026-01-24T10:56:15.146+0000] {logging_mixin.py:188} INFO - [2026-01-24T10:56:15.146+0000] {dag.py:3096} INFO - Sync 1 DAGs
[2026-01-24T10:56:15.172+0000] {logging_mixin.py:188} INFO - [2026-01-24T10:56:15.172+0000] {dag.py:3954} INFO - Setting next_dagrun for reports_etl_dag to 2026-01-24 10:54:00+00:00, run_after=2026-01-24 10:57:00+00:00
[2026-01-24T10:56:15.191+0000] {processor.py:183} INFO - Processing /opt/airflow/dags/reports_etl_dag.py took 0.408 seconds
[2026-01-24T10:56:45.538+0000] {processor.py:161} INFO - Started process (PID=2073) to work on /opt/airflow/dags/reports_etl_dag.py
[2026-01-24T10:56:45.539+0000] {processor.py:830} INFO - Processing file /opt/airflow/dags/reports_etl_dag.py for tasks to queue
[2026-01-24T10:56:45.540+0000] {logging_mixin.py:188} INFO - [2026-01-24T10:56:45.540+0000] {dagbag.py:545} INFO - Filling up the DagBag from /opt/airflow/dags/reports_etl_dag.py
[2026-01-24T10:56:45.898+0000] {processor.py:840} INFO - DAG(s) 'reports_etl_dag' retrieved from /opt/airflow/dags/reports_etl_dag.py
[2026-01-24T10:56:45.937+0000] {logging_mixin.py:188} INFO - [2026-01-24T10:56:45.937+0000] {dag.py:3096} INFO - Sync 1 DAGs
[2026-01-24T10:56:45.965+0000] {logging_mixin.py:188} INFO - [2026-01-24T10:56:45.964+0000] {dag.py:3954} INFO - Setting next_dagrun for reports_etl_dag to 2026-01-24 10:54:00+00:00, run_after=2026-01-24 10:57:00+00:00
[2026-01-24T10:56:45.996+0000] {processor.py:183} INFO - Processing /opt/airflow/dags/reports_etl_dag.py took 0.464 seconds
[2026-01-24T10:57:16.370+0000] {processor.py:161} INFO - Started process (PID=2092) to work on /opt/airflow/dags/reports_etl_dag.py
[2026-01-24T10:57:16.371+0000] {processor.py:830} INFO - Processing file /opt/airflow/dags/reports_etl_dag.py for tasks to queue
[2026-01-24T10:57:16.373+0000] {logging_mixin.py:188} INFO - [2026-01-24T10:57:16.372+0000] {dagbag.py:545} INFO - Filling up the DagBag from /opt/airflow/dags/reports_etl_dag.py
[2026-01-24T10:57:16.699+0000] {processor.py:840} INFO - DAG(s) 'reports_etl_dag' retrieved from /opt/airflow/dags/reports_etl_dag.py
[2026-01-24T10:57:16.736+0000] {logging_mixin.py:188} INFO - [2026-01-24T10:57:16.736+0000] {dag.py:3096} INFO - Sync 1 DAGs
[2026-01-24T10:57:16.762+0000] {logging_mixin.py:188} INFO - [2026-01-24T10:57:16.762+0000] {dag.py:3954} INFO - Setting next_dagrun for reports_etl_dag to 2026-01-24 10:57:00+00:00, run_after=2026-01-24 11:00:00+00:00
[2026-01-24T10:57:16.785+0000] {processor.py:183} INFO - Processing /opt/airflow/dags/reports_etl_dag.py took 0.421 seconds
[2026-01-24T11:01:13.221+0000] {processor.py:161} INFO - Started process (PID=172) to work on /opt/airflow/dags/reports_etl_dag.py
[2026-01-24T11:01:13.222+0000] {processor.py:830} INFO - Processing file /opt/airflow/dags/reports_etl_dag.py for tasks to queue
[2026-01-24T11:01:13.223+0000] {logging_mixin.py:188} INFO - [2026-01-24T11:01:13.223+0000] {dagbag.py:545} INFO - Filling up the DagBag from /opt/airflow/dags/reports_etl_dag.py
[2026-01-24T11:01:14.336+0000] {processor.py:840} INFO - DAG(s) 'reports_etl_dag' retrieved from /opt/airflow/dags/reports_etl_dag.py
[2026-01-24T11:01:14.577+0000] {logging_mixin.py:188} INFO - [2026-01-24T11:01:14.577+0000] {dag.py:3096} INFO - Sync 1 DAGs
[2026-01-24T11:01:14.607+0000] {logging_mixin.py:188} INFO - [2026-01-24T11:01:14.607+0000] {dag.py:3954} INFO - Setting next_dagrun for reports_etl_dag to 2026-01-24 11:00:00+00:00, run_after=2026-01-24 11:03:00+00:00
[2026-01-24T11:01:14.642+0000] {processor.py:183} INFO - Processing /opt/airflow/dags/reports_etl_dag.py took 1.427 seconds
[2026-01-24T11:01:44.953+0000] {processor.py:161} INFO - Started process (PID=201) to work on /opt/airflow/dags/reports_etl_dag.py
[2026-01-24T11:01:44.954+0000] {processor.py:830} INFO - Processing file /opt/airflow/dags/reports_etl_dag.py for tasks to queue
[2026-01-24T11:01:44.956+0000] {logging_mixin.py:188} INFO - [2026-01-24T11:01:44.956+0000] {dagbag.py:545} INFO - Filling up the DagBag from /opt/airflow/dags/reports_etl_dag.py
[2026-01-24T11:01:45.275+0000] {processor.py:840} INFO - DAG(s) 'reports_etl_dag' retrieved from /opt/airflow/dags/reports_etl_dag.py
[2026-01-24T11:01:45.313+0000] {logging_mixin.py:188} INFO - [2026-01-24T11:01:45.312+0000] {dag.py:3096} INFO - Sync 1 DAGs
[2026-01-24T11:01:45.339+0000] {logging_mixin.py:188} INFO - [2026-01-24T11:01:45.339+0000] {dag.py:3954} INFO - Setting next_dagrun for reports_etl_dag to 2026-01-24 11:00:00+00:00, run_after=2026-01-24 11:03:00+00:00
[2026-01-24T11:01:45.370+0000] {processor.py:183} INFO - Processing /opt/airflow/dags/reports_etl_dag.py took 0.423 seconds
[2026-01-24T11:02:15.697+0000] {processor.py:161} INFO - Started process (PID=217) to work on /opt/airflow/dags/reports_etl_dag.py
[2026-01-24T11:02:15.698+0000] {processor.py:830} INFO - Processing file /opt/airflow/dags/reports_etl_dag.py for tasks to queue
[2026-01-24T11:02:15.699+0000] {logging_mixin.py:188} INFO - [2026-01-24T11:02:15.699+0000] {dagbag.py:545} INFO - Filling up the DagBag from /opt/airflow/dags/reports_etl_dag.py
[2026-01-24T11:02:16.024+0000] {processor.py:840} INFO - DAG(s) 'reports_etl_dag' retrieved from /opt/airflow/dags/reports_etl_dag.py
[2026-01-24T11:02:16.072+0000] {logging_mixin.py:188} INFO - [2026-01-24T11:02:16.072+0000] {dag.py:3096} INFO - Sync 1 DAGs
[2026-01-24T11:02:16.099+0000] {logging_mixin.py:188} INFO - [2026-01-24T11:02:16.098+0000] {dag.py:3954} INFO - Setting next_dagrun for reports_etl_dag to 2026-01-24 11:00:00+00:00, run_after=2026-01-24 11:03:00+00:00
[2026-01-24T11:02:16.117+0000] {processor.py:183} INFO - Processing /opt/airflow/dags/reports_etl_dag.py took 0.426 seconds
[2026-01-24T11:02:46.448+0000] {processor.py:161} INFO - Started process (PID=230) to work on /opt/airflow/dags/reports_etl_dag.py
[2026-01-24T11:02:46.449+0000] {processor.py:830} INFO - Processing file /opt/airflow/dags/reports_etl_dag.py for tasks to queue
[2026-01-24T11:02:46.450+0000] {logging_mixin.py:188} INFO - [2026-01-24T11:02:46.450+0000] {dagbag.py:545} INFO - Filling up the DagBag from /opt/airflow/dags/reports_etl_dag.py
[2026-01-24T11:02:46.777+0000] {processor.py:840} INFO - DAG(s) 'reports_etl_dag' retrieved from /opt/airflow/dags/reports_etl_dag.py
[2026-01-24T11:02:46.814+0000] {logging_mixin.py:188} INFO - [2026-01-24T11:02:46.814+0000] {dag.py:3096} INFO - Sync 1 DAGs
[2026-01-24T11:02:46.841+0000] {logging_mixin.py:188} INFO - [2026-01-24T11:02:46.841+0000] {dag.py:3954} INFO - Setting next_dagrun for reports_etl_dag to 2026-01-24 11:00:00+00:00, run_after=2026-01-24 11:03:00+00:00
[2026-01-24T11:02:46.873+0000] {processor.py:183} INFO - Processing /opt/airflow/dags/reports_etl_dag.py took 0.431 seconds
[2026-01-24T11:03:17.226+0000] {processor.py:161} INFO - Started process (PID=249) to work on /opt/airflow/dags/reports_etl_dag.py
[2026-01-24T11:03:17.227+0000] {processor.py:830} INFO - Processing file /opt/airflow/dags/reports_etl_dag.py for tasks to queue
[2026-01-24T11:03:17.228+0000] {logging_mixin.py:188} INFO - [2026-01-24T11:03:17.228+0000] {dagbag.py:545} INFO - Filling up the DagBag from /opt/airflow/dags/reports_etl_dag.py
[2026-01-24T11:03:17.546+0000] {processor.py:840} INFO - DAG(s) 'reports_etl_dag' retrieved from /opt/airflow/dags/reports_etl_dag.py
[2026-01-24T11:03:17.583+0000] {logging_mixin.py:188} INFO - [2026-01-24T11:03:17.583+0000] {dag.py:3096} INFO - Sync 1 DAGs
[2026-01-24T11:03:17.609+0000] {logging_mixin.py:188} INFO - [2026-01-24T11:03:17.609+0000] {dag.py:3954} INFO - Setting next_dagrun for reports_etl_dag to 2026-01-24 11:03:00+00:00, run_after=2026-01-24 11:06:00+00:00
[2026-01-24T11:03:17.641+0000] {processor.py:183} INFO - Processing /opt/airflow/dags/reports_etl_dag.py took 0.420 seconds
[2026-01-24T11:05:09.515+0000] {processor.py:161} INFO - Started process (PID=172) to work on /opt/airflow/dags/reports_etl_dag.py
[2026-01-24T11:05:09.516+0000] {processor.py:830} INFO - Processing file /opt/airflow/dags/reports_etl_dag.py for tasks to queue
[2026-01-24T11:05:09.518+0000] {logging_mixin.py:188} INFO - [2026-01-24T11:05:09.518+0000] {dagbag.py:545} INFO - Filling up the DagBag from /opt/airflow/dags/reports_etl_dag.py
[2026-01-24T11:05:10.426+0000] {processor.py:840} INFO - DAG(s) 'reports_etl_dag' retrieved from /opt/airflow/dags/reports_etl_dag.py
[2026-01-24T11:05:10.620+0000] {logging_mixin.py:188} INFO - [2026-01-24T11:05:10.620+0000] {dag.py:3096} INFO - Sync 1 DAGs
[2026-01-24T11:05:10.645+0000] {logging_mixin.py:188} INFO - [2026-01-24T11:05:10.645+0000] {dag.py:3954} INFO - Setting next_dagrun for reports_etl_dag to 2026-01-24 11:03:00+00:00, run_after=2026-01-24 11:06:00+00:00
[2026-01-24T11:05:10.672+0000] {processor.py:183} INFO - Processing /opt/airflow/dags/reports_etl_dag.py took 1.162 seconds
[2026-01-24T11:05:40.872+0000] {processor.py:161} INFO - Started process (PID=186) to work on /opt/airflow/dags/reports_etl_dag.py
[2026-01-24T11:05:40.873+0000] {processor.py:830} INFO - Processing file /opt/airflow/dags/reports_etl_dag.py for tasks to queue
[2026-01-24T11:05:40.875+0000] {logging_mixin.py:188} INFO - [2026-01-24T11:05:40.874+0000] {dagbag.py:545} INFO - Filling up the DagBag from /opt/airflow/dags/reports_etl_dag.py
[2026-01-24T11:05:41.223+0000] {processor.py:840} INFO - DAG(s) 'reports_etl_dag' retrieved from /opt/airflow/dags/reports_etl_dag.py
[2026-01-24T11:05:41.265+0000] {logging_mixin.py:188} INFO - [2026-01-24T11:05:41.265+0000] {dag.py:3096} INFO - Sync 1 DAGs
[2026-01-24T11:05:41.303+0000] {logging_mixin.py:188} INFO - [2026-01-24T11:05:41.303+0000] {dag.py:3954} INFO - Setting next_dagrun for reports_etl_dag to 2026-01-24 11:03:00+00:00, run_after=2026-01-24 11:06:00+00:00
[2026-01-24T11:05:41.324+0000] {processor.py:183} INFO - Processing /opt/airflow/dags/reports_etl_dag.py took 0.458 seconds
[2026-01-24T11:06:11.613+0000] {processor.py:161} INFO - Started process (PID=205) to work on /opt/airflow/dags/reports_etl_dag.py
[2026-01-24T11:06:11.614+0000] {processor.py:830} INFO - Processing file /opt/airflow/dags/reports_etl_dag.py for tasks to queue
[2026-01-24T11:06:11.615+0000] {logging_mixin.py:188} INFO - [2026-01-24T11:06:11.615+0000] {dagbag.py:545} INFO - Filling up the DagBag from /opt/airflow/dags/reports_etl_dag.py
[2026-01-24T11:06:11.952+0000] {processor.py:840} INFO - DAG(s) 'reports_etl_dag' retrieved from /opt/airflow/dags/reports_etl_dag.py
[2026-01-24T11:06:11.990+0000] {logging_mixin.py:188} INFO - [2026-01-24T11:06:11.990+0000] {dag.py:3096} INFO - Sync 1 DAGs
[2026-01-24T11:06:12.017+0000] {logging_mixin.py:188} INFO - [2026-01-24T11:06:12.017+0000] {dag.py:3954} INFO - Setting next_dagrun for reports_etl_dag to 2026-01-24 11:06:00+00:00, run_after=2026-01-24 11:09:00+00:00
[2026-01-24T11:06:12.037+0000] {processor.py:183} INFO - Processing /opt/airflow/dags/reports_etl_dag.py took 0.431 seconds
[2026-01-24T11:06:42.387+0000] {processor.py:161} INFO - Started process (PID=230) to work on /opt/airflow/dags/reports_etl_dag.py
[2026-01-24T11:06:42.388+0000] {processor.py:830} INFO - Processing file /opt/airflow/dags/reports_etl_dag.py for tasks to queue
[2026-01-24T11:06:42.389+0000] {logging_mixin.py:188} INFO - [2026-01-24T11:06:42.389+0000] {dagbag.py:545} INFO - Filling up the DagBag from /opt/airflow/dags/reports_etl_dag.py
[2026-01-24T11:06:42.726+0000] {processor.py:840} INFO - DAG(s) 'reports_etl_dag' retrieved from /opt/airflow/dags/reports_etl_dag.py
[2026-01-24T11:06:42.765+0000] {logging_mixin.py:188} INFO - [2026-01-24T11:06:42.764+0000] {dag.py:3096} INFO - Sync 1 DAGs
[2026-01-24T11:06:42.791+0000] {logging_mixin.py:188} INFO - [2026-01-24T11:06:42.791+0000] {dag.py:3954} INFO - Setting next_dagrun for reports_etl_dag to 2026-01-24 11:06:00+00:00, run_after=2026-01-24 11:09:00+00:00
[2026-01-24T11:06:42.812+0000] {processor.py:183} INFO - Processing /opt/airflow/dags/reports_etl_dag.py took 0.431 seconds
[2026-01-24T11:07:13.102+0000] {processor.py:161} INFO - Started process (PID=246) to work on /opt/airflow/dags/reports_etl_dag.py
[2026-01-24T11:07:13.103+0000] {processor.py:830} INFO - Processing file /opt/airflow/dags/reports_etl_dag.py for tasks to queue
[2026-01-24T11:07:13.104+0000] {logging_mixin.py:188} INFO - [2026-01-24T11:07:13.104+0000] {dagbag.py:545} INFO - Filling up the DagBag from /opt/airflow/dags/reports_etl_dag.py
[2026-01-24T11:07:13.434+0000] {processor.py:840} INFO - DAG(s) 'reports_etl_dag' retrieved from /opt/airflow/dags/reports_etl_dag.py
[2026-01-24T11:07:13.477+0000] {logging_mixin.py:188} INFO - [2026-01-24T11:07:13.476+0000] {dag.py:3096} INFO - Sync 1 DAGs
[2026-01-24T11:07:13.503+0000] {logging_mixin.py:188} INFO - [2026-01-24T11:07:13.503+0000] {dag.py:3954} INFO - Setting next_dagrun for reports_etl_dag to 2026-01-24 11:06:00+00:00, run_after=2026-01-24 11:09:00+00:00
[2026-01-24T11:07:13.535+0000] {processor.py:183} INFO - Processing /opt/airflow/dags/reports_etl_dag.py took 0.439 seconds
[2026-01-24T11:07:43.878+0000] {processor.py:161} INFO - Started process (PID=259) to work on /opt/airflow/dags/reports_etl_dag.py
[2026-01-24T11:07:43.879+0000] {processor.py:830} INFO - Processing file /opt/airflow/dags/reports_etl_dag.py for tasks to queue
[2026-01-24T11:07:43.881+0000] {logging_mixin.py:188} INFO - [2026-01-24T11:07:43.881+0000] {dagbag.py:545} INFO - Filling up the DagBag from /opt/airflow/dags/reports_etl_dag.py
[2026-01-24T11:07:44.208+0000] {processor.py:840} INFO - DAG(s) 'reports_etl_dag' retrieved from /opt/airflow/dags/reports_etl_dag.py
[2026-01-24T11:07:44.245+0000] {logging_mixin.py:188} INFO - [2026-01-24T11:07:44.245+0000] {dag.py:3096} INFO - Sync 1 DAGs
[2026-01-24T11:07:44.272+0000] {logging_mixin.py:188} INFO - [2026-01-24T11:07:44.271+0000] {dag.py:3954} INFO - Setting next_dagrun for reports_etl_dag to 2026-01-24 11:06:00+00:00, run_after=2026-01-24 11:09:00+00:00
[2026-01-24T11:07:44.302+0000] {processor.py:183} INFO - Processing /opt/airflow/dags/reports_etl_dag.py took 0.429 seconds
[2026-01-24T11:08:14.616+0000] {processor.py:161} INFO - Started process (PID=275) to work on /opt/airflow/dags/reports_etl_dag.py
[2026-01-24T11:08:14.617+0000] {processor.py:830} INFO - Processing file /opt/airflow/dags/reports_etl_dag.py for tasks to queue
[2026-01-24T11:08:14.618+0000] {logging_mixin.py:188} INFO - [2026-01-24T11:08:14.618+0000] {dagbag.py:545} INFO - Filling up the DagBag from /opt/airflow/dags/reports_etl_dag.py
[2026-01-24T11:08:14.944+0000] {processor.py:840} INFO - DAG(s) 'reports_etl_dag' retrieved from /opt/airflow/dags/reports_etl_dag.py
[2026-01-24T11:08:14.982+0000] {logging_mixin.py:188} INFO - [2026-01-24T11:08:14.982+0000] {dag.py:3096} INFO - Sync 1 DAGs
[2026-01-24T11:08:15.010+0000] {logging_mixin.py:188} INFO - [2026-01-24T11:08:15.009+0000] {dag.py:3954} INFO - Setting next_dagrun for reports_etl_dag to 2026-01-24 11:06:00+00:00, run_after=2026-01-24 11:09:00+00:00
[2026-01-24T11:08:15.041+0000] {processor.py:183} INFO - Processing /opt/airflow/dags/reports_etl_dag.py took 0.432 seconds
[2026-01-24T11:08:45.330+0000] {processor.py:161} INFO - Started process (PID=289) to work on /opt/airflow/dags/reports_etl_dag.py
[2026-01-24T11:08:45.331+0000] {processor.py:830} INFO - Processing file /opt/airflow/dags/reports_etl_dag.py for tasks to queue
[2026-01-24T11:08:45.333+0000] {logging_mixin.py:188} INFO - [2026-01-24T11:08:45.332+0000] {dagbag.py:545} INFO - Filling up the DagBag from /opt/airflow/dags/reports_etl_dag.py
[2026-01-24T11:08:45.659+0000] {processor.py:840} INFO - DAG(s) 'reports_etl_dag' retrieved from /opt/airflow/dags/reports_etl_dag.py
[2026-01-24T11:08:45.695+0000] {logging_mixin.py:188} INFO - [2026-01-24T11:08:45.694+0000] {dag.py:3096} INFO - Sync 1 DAGs
[2026-01-24T11:08:45.721+0000] {logging_mixin.py:188} INFO - [2026-01-24T11:08:45.721+0000] {dag.py:3954} INFO - Setting next_dagrun for reports_etl_dag to 2026-01-24 11:06:00+00:00, run_after=2026-01-24 11:09:00+00:00
[2026-01-24T11:08:45.753+0000] {processor.py:183} INFO - Processing /opt/airflow/dags/reports_etl_dag.py took 0.428 seconds
[2026-01-24T11:09:16.024+0000] {processor.py:161} INFO - Started process (PID=308) to work on /opt/airflow/dags/reports_etl_dag.py
[2026-01-24T11:09:16.025+0000] {processor.py:830} INFO - Processing file /opt/airflow/dags/reports_etl_dag.py for tasks to queue
[2026-01-24T11:09:16.026+0000] {logging_mixin.py:188} INFO - [2026-01-24T11:09:16.026+0000] {dagbag.py:545} INFO - Filling up the DagBag from /opt/airflow/dags/reports_etl_dag.py
[2026-01-24T11:09:16.367+0000] {processor.py:840} INFO - DAG(s) 'reports_etl_dag' retrieved from /opt/airflow/dags/reports_etl_dag.py
[2026-01-24T11:09:16.404+0000] {logging_mixin.py:188} INFO - [2026-01-24T11:09:16.404+0000] {dag.py:3096} INFO - Sync 1 DAGs
[2026-01-24T11:09:16.429+0000] {logging_mixin.py:188} INFO - [2026-01-24T11:09:16.429+0000] {dag.py:3954} INFO - Setting next_dagrun for reports_etl_dag to 2026-01-24 11:09:00+00:00, run_after=2026-01-24 11:12:00+00:00
[2026-01-24T11:09:16.460+0000] {processor.py:183} INFO - Processing /opt/airflow/dags/reports_etl_dag.py took 0.442 seconds
[2026-01-24T11:09:46.796+0000] {processor.py:161} INFO - Started process (PID=321) to work on /opt/airflow/dags/reports_etl_dag.py
[2026-01-24T11:09:46.797+0000] {processor.py:830} INFO - Processing file /opt/airflow/dags/reports_etl_dag.py for tasks to queue
[2026-01-24T11:09:46.799+0000] {logging_mixin.py:188} INFO - [2026-01-24T11:09:46.798+0000] {dagbag.py:545} INFO - Filling up the DagBag from /opt/airflow/dags/reports_etl_dag.py
[2026-01-24T11:09:47.140+0000] {processor.py:840} INFO - DAG(s) 'reports_etl_dag' retrieved from /opt/airflow/dags/reports_etl_dag.py
[2026-01-24T11:09:47.184+0000] {logging_mixin.py:188} INFO - [2026-01-24T11:09:47.183+0000] {dag.py:3096} INFO - Sync 1 DAGs
[2026-01-24T11:09:47.225+0000] {logging_mixin.py:188} INFO - [2026-01-24T11:09:47.224+0000] {dag.py:3954} INFO - Setting next_dagrun for reports_etl_dag to 2026-01-24 11:09:00+00:00, run_after=2026-01-24 11:12:00+00:00
[2026-01-24T11:09:47.247+0000] {processor.py:183} INFO - Processing /opt/airflow/dags/reports_etl_dag.py took 0.456 seconds
[2026-01-24T11:10:17.596+0000] {processor.py:161} INFO - Started process (PID=327) to work on /opt/airflow/dags/reports_etl_dag.py
[2026-01-24T11:10:17.597+0000] {processor.py:830} INFO - Processing file /opt/airflow/dags/reports_etl_dag.py for tasks to queue
[2026-01-24T11:10:17.598+0000] {logging_mixin.py:188} INFO - [2026-01-24T11:10:17.598+0000] {dagbag.py:545} INFO - Filling up the DagBag from /opt/airflow/dags/reports_etl_dag.py
[2026-01-24T11:10:17.930+0000] {processor.py:840} INFO - DAG(s) 'reports_etl_dag' retrieved from /opt/airflow/dags/reports_etl_dag.py
[2026-01-24T11:10:17.968+0000] {logging_mixin.py:188} INFO - [2026-01-24T11:10:17.967+0000] {dag.py:3096} INFO - Sync 1 DAGs
[2026-01-24T11:10:17.994+0000] {logging_mixin.py:188} INFO - [2026-01-24T11:10:17.993+0000] {dag.py:3954} INFO - Setting next_dagrun for reports_etl_dag to 2026-01-24 11:09:00+00:00, run_after=2026-01-24 11:12:00+00:00
[2026-01-24T11:10:18.014+0000] {processor.py:183} INFO - Processing /opt/airflow/dags/reports_etl_dag.py took 0.424 seconds
[2026-01-24T11:10:48.340+0000] {processor.py:161} INFO - Started process (PID=340) to work on /opt/airflow/dags/reports_etl_dag.py
[2026-01-24T11:10:48.341+0000] {processor.py:830} INFO - Processing file /opt/airflow/dags/reports_etl_dag.py for tasks to queue
[2026-01-24T11:10:48.343+0000] {logging_mixin.py:188} INFO - [2026-01-24T11:10:48.343+0000] {dagbag.py:545} INFO - Filling up the DagBag from /opt/airflow/dags/reports_etl_dag.py
[2026-01-24T11:10:48.685+0000] {processor.py:840} INFO - DAG(s) 'reports_etl_dag' retrieved from /opt/airflow/dags/reports_etl_dag.py
[2026-01-24T11:10:48.722+0000] {logging_mixin.py:188} INFO - [2026-01-24T11:10:48.721+0000] {dag.py:3096} INFO - Sync 1 DAGs
[2026-01-24T11:10:48.747+0000] {logging_mixin.py:188} INFO - [2026-01-24T11:10:48.747+0000] {dag.py:3954} INFO - Setting next_dagrun for reports_etl_dag to 2026-01-24 11:09:00+00:00, run_after=2026-01-24 11:12:00+00:00
[2026-01-24T11:10:48.766+0000] {processor.py:183} INFO - Processing /opt/airflow/dags/reports_etl_dag.py took 0.433 seconds
[2026-01-24T11:11:19.070+0000] {processor.py:161} INFO - Started process (PID=359) to work on /opt/airflow/dags/reports_etl_dag.py
[2026-01-24T11:11:19.071+0000] {processor.py:830} INFO - Processing file /opt/airflow/dags/reports_etl_dag.py for tasks to queue
[2026-01-24T11:11:19.072+0000] {logging_mixin.py:188} INFO - [2026-01-24T11:11:19.072+0000] {dagbag.py:545} INFO - Filling up the DagBag from /opt/airflow/dags/reports_etl_dag.py
[2026-01-24T11:11:19.405+0000] {processor.py:840} INFO - DAG(s) 'reports_etl_dag' retrieved from /opt/airflow/dags/reports_etl_dag.py
[2026-01-24T11:11:19.443+0000] {logging_mixin.py:188} INFO - [2026-01-24T11:11:19.442+0000] {dag.py:3096} INFO - Sync 1 DAGs
[2026-01-24T11:11:19.471+0000] {logging_mixin.py:188} INFO - [2026-01-24T11:11:19.471+0000] {dag.py:3954} INFO - Setting next_dagrun for reports_etl_dag to 2026-01-24 11:09:00+00:00, run_after=2026-01-24 11:12:00+00:00
[2026-01-24T11:11:19.502+0000] {processor.py:183} INFO - Processing /opt/airflow/dags/reports_etl_dag.py took 0.439 seconds
[2026-01-24T11:11:49.801+0000] {processor.py:161} INFO - Started process (PID=375) to work on /opt/airflow/dags/reports_etl_dag.py
[2026-01-24T11:11:49.801+0000] {processor.py:830} INFO - Processing file /opt/airflow/dags/reports_etl_dag.py for tasks to queue
[2026-01-24T11:11:49.803+0000] {logging_mixin.py:188} INFO - [2026-01-24T11:11:49.803+0000] {dagbag.py:545} INFO - Filling up the DagBag from /opt/airflow/dags/reports_etl_dag.py
[2026-01-24T11:11:50.163+0000] {processor.py:840} INFO - DAG(s) 'reports_etl_dag' retrieved from /opt/airflow/dags/reports_etl_dag.py
[2026-01-24T11:11:50.202+0000] {logging_mixin.py:188} INFO - [2026-01-24T11:11:50.202+0000] {dag.py:3096} INFO - Sync 1 DAGs
[2026-01-24T11:11:50.229+0000] {logging_mixin.py:188} INFO - [2026-01-24T11:11:50.229+0000] {dag.py:3954} INFO - Setting next_dagrun for reports_etl_dag to 2026-01-24 11:09:00+00:00, run_after=2026-01-24 11:12:00+00:00
[2026-01-24T11:11:50.256+0000] {processor.py:183} INFO - Processing /opt/airflow/dags/reports_etl_dag.py took 0.462 seconds
[2026-01-24T11:12:20.563+0000] {processor.py:161} INFO - Started process (PID=394) to work on /opt/airflow/dags/reports_etl_dag.py
[2026-01-24T11:12:20.564+0000] {processor.py:830} INFO - Processing file /opt/airflow/dags/reports_etl_dag.py for tasks to queue
[2026-01-24T11:12:20.566+0000] {logging_mixin.py:188} INFO - [2026-01-24T11:12:20.566+0000] {dagbag.py:545} INFO - Filling up the DagBag from /opt/airflow/dags/reports_etl_dag.py
[2026-01-24T11:12:20.901+0000] {processor.py:840} INFO - DAG(s) 'reports_etl_dag' retrieved from /opt/airflow/dags/reports_etl_dag.py
[2026-01-24T11:12:20.940+0000] {logging_mixin.py:188} INFO - [2026-01-24T11:12:20.939+0000] {dag.py:3096} INFO - Sync 1 DAGs
[2026-01-24T11:12:20.968+0000] {logging_mixin.py:188} INFO - [2026-01-24T11:12:20.968+0000] {dag.py:3954} INFO - Setting next_dagrun for reports_etl_dag to 2026-01-24 11:12:00+00:00, run_after=2026-01-24 11:15:00+00:00
[2026-01-24T11:12:21.002+0000] {processor.py:183} INFO - Processing /opt/airflow/dags/reports_etl_dag.py took 0.444 seconds
[2026-01-24T11:12:51.368+0000] {processor.py:161} INFO - Started process (PID=407) to work on /opt/airflow/dags/reports_etl_dag.py
[2026-01-24T11:12:51.369+0000] {processor.py:830} INFO - Processing file /opt/airflow/dags/reports_etl_dag.py for tasks to queue
[2026-01-24T11:12:51.371+0000] {logging_mixin.py:188} INFO - [2026-01-24T11:12:51.371+0000] {dagbag.py:545} INFO - Filling up the DagBag from /opt/airflow/dags/reports_etl_dag.py
[2026-01-24T11:12:51.698+0000] {processor.py:840} INFO - DAG(s) 'reports_etl_dag' retrieved from /opt/airflow/dags/reports_etl_dag.py
[2026-01-24T11:12:51.738+0000] {logging_mixin.py:188} INFO - [2026-01-24T11:12:51.738+0000] {dag.py:3096} INFO - Sync 1 DAGs
[2026-01-24T11:12:51.765+0000] {logging_mixin.py:188} INFO - [2026-01-24T11:12:51.765+0000] {dag.py:3954} INFO - Setting next_dagrun for reports_etl_dag to 2026-01-24 11:12:00+00:00, run_after=2026-01-24 11:15:00+00:00
[2026-01-24T11:12:51.798+0000] {processor.py:183} INFO - Processing /opt/airflow/dags/reports_etl_dag.py took 0.436 seconds
[2026-01-24T11:13:22.099+0000] {processor.py:161} INFO - Started process (PID=423) to work on /opt/airflow/dags/reports_etl_dag.py
[2026-01-24T11:13:22.100+0000] {processor.py:830} INFO - Processing file /opt/airflow/dags/reports_etl_dag.py for tasks to queue
[2026-01-24T11:13:22.101+0000] {logging_mixin.py:188} INFO - [2026-01-24T11:13:22.101+0000] {dagbag.py:545} INFO - Filling up the DagBag from /opt/airflow/dags/reports_etl_dag.py
[2026-01-24T11:13:22.437+0000] {processor.py:840} INFO - DAG(s) 'reports_etl_dag' retrieved from /opt/airflow/dags/reports_etl_dag.py
[2026-01-24T11:13:22.473+0000] {logging_mixin.py:188} INFO - [2026-01-24T11:13:22.473+0000] {dag.py:3096} INFO - Sync 1 DAGs
[2026-01-24T11:13:22.498+0000] {logging_mixin.py:188} INFO - [2026-01-24T11:13:22.498+0000] {dag.py:3954} INFO - Setting next_dagrun for reports_etl_dag to 2026-01-24 11:12:00+00:00, run_after=2026-01-24 11:15:00+00:00
[2026-01-24T11:13:22.528+0000] {processor.py:183} INFO - Processing /opt/airflow/dags/reports_etl_dag.py took 0.435 seconds
[2026-01-24T11:13:29.728+0000] {processor.py:161} INFO - Started process (PID=429) to work on /opt/airflow/dags/reports_etl_dag.py
[2026-01-24T11:13:29.730+0000] {processor.py:830} INFO - Processing file /opt/airflow/dags/reports_etl_dag.py for tasks to queue
[2026-01-24T11:13:29.733+0000] {logging_mixin.py:188} INFO - [2026-01-24T11:13:29.732+0000] {dagbag.py:545} INFO - Filling up the DagBag from /opt/airflow/dags/reports_etl_dag.py
[2026-01-24T11:13:30.114+0000] {processor.py:840} INFO - DAG(s) 'reports_etl_dag' retrieved from /opt/airflow/dags/reports_etl_dag.py
[2026-01-24T11:13:30.155+0000] {logging_mixin.py:188} INFO - [2026-01-24T11:13:30.155+0000] {dag.py:3096} INFO - Sync 1 DAGs
[2026-01-24T11:13:30.185+0000] {logging_mixin.py:188} INFO - [2026-01-24T11:13:30.185+0000] {dag.py:3954} INFO - Setting next_dagrun for reports_etl_dag to 2026-01-24 11:12:00+00:00, run_after=2026-01-24 11:15:00+00:00
[2026-01-24T11:13:30.224+0000] {processor.py:183} INFO - Processing /opt/airflow/dags/reports_etl_dag.py took 0.504 seconds
[2026-01-24T11:14:00.527+0000] {processor.py:161} INFO - Started process (PID=442) to work on /opt/airflow/dags/reports_etl_dag.py
[2026-01-24T11:14:00.529+0000] {processor.py:830} INFO - Processing file /opt/airflow/dags/reports_etl_dag.py for tasks to queue
[2026-01-24T11:14:00.530+0000] {logging_mixin.py:188} INFO - [2026-01-24T11:14:00.530+0000] {dagbag.py:545} INFO - Filling up the DagBag from /opt/airflow/dags/reports_etl_dag.py
[2026-01-24T11:14:00.888+0000] {processor.py:840} INFO - DAG(s) 'reports_etl_dag' retrieved from /opt/airflow/dags/reports_etl_dag.py
[2026-01-24T11:14:00.930+0000] {logging_mixin.py:188} INFO - [2026-01-24T11:14:00.930+0000] {dag.py:3096} INFO - Sync 1 DAGs
[2026-01-24T11:14:00.958+0000] {logging_mixin.py:188} INFO - [2026-01-24T11:14:00.957+0000] {dag.py:3954} INFO - Setting next_dagrun for reports_etl_dag to 2026-01-24 11:12:00+00:00, run_after=2026-01-24 11:15:00+00:00
[2026-01-24T11:14:00.978+0000] {processor.py:183} INFO - Processing /opt/airflow/dags/reports_etl_dag.py took 0.457 seconds
[2026-01-24T11:14:31.294+0000] {processor.py:161} INFO - Started process (PID=458) to work on /opt/airflow/dags/reports_etl_dag.py
[2026-01-24T11:14:31.295+0000] {processor.py:830} INFO - Processing file /opt/airflow/dags/reports_etl_dag.py for tasks to queue
[2026-01-24T11:14:31.296+0000] {logging_mixin.py:188} INFO - [2026-01-24T11:14:31.296+0000] {dagbag.py:545} INFO - Filling up the DagBag from /opt/airflow/dags/reports_etl_dag.py
[2026-01-24T11:14:31.629+0000] {processor.py:840} INFO - DAG(s) 'reports_etl_dag' retrieved from /opt/airflow/dags/reports_etl_dag.py
[2026-01-24T11:14:31.666+0000] {logging_mixin.py:188} INFO - [2026-01-24T11:14:31.665+0000] {dag.py:3096} INFO - Sync 1 DAGs
[2026-01-24T11:14:31.692+0000] {logging_mixin.py:188} INFO - [2026-01-24T11:14:31.692+0000] {dag.py:3954} INFO - Setting next_dagrun for reports_etl_dag to 2026-01-24 11:12:00+00:00, run_after=2026-01-24 11:15:00+00:00
[2026-01-24T11:14:31.726+0000] {processor.py:183} INFO - Processing /opt/airflow/dags/reports_etl_dag.py took 0.437 seconds
[2026-01-24T11:15:02.044+0000] {processor.py:161} INFO - Started process (PID=477) to work on /opt/airflow/dags/reports_etl_dag.py
[2026-01-24T11:15:02.046+0000] {processor.py:830} INFO - Processing file /opt/airflow/dags/reports_etl_dag.py for tasks to queue
[2026-01-24T11:15:02.048+0000] {logging_mixin.py:188} INFO - [2026-01-24T11:15:02.047+0000] {dagbag.py:545} INFO - Filling up the DagBag from /opt/airflow/dags/reports_etl_dag.py
[2026-01-24T11:15:02.594+0000] {processor.py:840} INFO - DAG(s) 'reports_etl_dag' retrieved from /opt/airflow/dags/reports_etl_dag.py
[2026-01-24T11:15:02.643+0000] {logging_mixin.py:188} INFO - [2026-01-24T11:15:02.642+0000] {dag.py:3096} INFO - Sync 1 DAGs
[2026-01-24T11:15:02.680+0000] {logging_mixin.py:188} INFO - [2026-01-24T11:15:02.680+0000] {dag.py:3954} INFO - Setting next_dagrun for reports_etl_dag to 2026-01-24 11:15:00+00:00, run_after=2026-01-24 11:18:00+00:00
[2026-01-24T11:15:02.713+0000] {processor.py:183} INFO - Processing /opt/airflow/dags/reports_etl_dag.py took 0.679 seconds
[2026-01-24T11:15:59.677+0000] {processor.py:161} INFO - Started process (PID=172) to work on /opt/airflow/dags/reports_etl_dag.py
[2026-01-24T11:15:59.678+0000] {processor.py:830} INFO - Processing file /opt/airflow/dags/reports_etl_dag.py for tasks to queue
[2026-01-24T11:15:59.679+0000] {logging_mixin.py:188} INFO - [2026-01-24T11:15:59.679+0000] {dagbag.py:545} INFO - Filling up the DagBag from /opt/airflow/dags/reports_etl_dag.py
[2026-01-24T11:16:00.597+0000] {processor.py:840} INFO - DAG(s) 'reports_etl_dag' retrieved from /opt/airflow/dags/reports_etl_dag.py
[2026-01-24T11:16:00.791+0000] {logging_mixin.py:188} INFO - [2026-01-24T11:16:00.790+0000] {dag.py:3096} INFO - Sync 1 DAGs
[2026-01-24T11:16:00.817+0000] {logging_mixin.py:188} INFO - [2026-01-24T11:16:00.816+0000] {dag.py:3954} INFO - Setting next_dagrun for reports_etl_dag to 2026-01-24 11:15:00+00:00, run_after=2026-01-24 11:18:00+00:00
[2026-01-24T11:16:00.840+0000] {processor.py:183} INFO - Processing /opt/airflow/dags/reports_etl_dag.py took 1.168 seconds
[2026-01-24T11:16:30.973+0000] {processor.py:161} INFO - Started process (PID=189) to work on /opt/airflow/dags/reports_etl_dag.py
[2026-01-24T11:16:30.974+0000] {processor.py:830} INFO - Processing file /opt/airflow/dags/reports_etl_dag.py for tasks to queue
[2026-01-24T11:16:30.975+0000] {logging_mixin.py:188} INFO - [2026-01-24T11:16:30.975+0000] {dagbag.py:545} INFO - Filling up the DagBag from /opt/airflow/dags/reports_etl_dag.py
[2026-01-24T11:16:31.311+0000] {processor.py:840} INFO - DAG(s) 'reports_etl_dag' retrieved from /opt/airflow/dags/reports_etl_dag.py
[2026-01-24T11:16:31.351+0000] {logging_mixin.py:188} INFO - [2026-01-24T11:16:31.351+0000] {dag.py:3096} INFO - Sync 1 DAGs
[2026-01-24T11:16:31.380+0000] {logging_mixin.py:188} INFO - [2026-01-24T11:16:31.380+0000] {dag.py:3954} INFO - Setting next_dagrun for reports_etl_dag to 2026-01-24 11:15:00+00:00, run_after=2026-01-24 11:18:00+00:00
[2026-01-24T11:16:31.411+0000] {processor.py:183} INFO - Processing /opt/airflow/dags/reports_etl_dag.py took 0.444 seconds
[2026-01-24T11:17:01.704+0000] {processor.py:161} INFO - Started process (PID=205) to work on /opt/airflow/dags/reports_etl_dag.py
[2026-01-24T11:17:01.705+0000] {processor.py:830} INFO - Processing file /opt/airflow/dags/reports_etl_dag.py for tasks to queue
[2026-01-24T11:17:01.707+0000] {logging_mixin.py:188} INFO - [2026-01-24T11:17:01.706+0000] {dagbag.py:545} INFO - Filling up the DagBag from /opt/airflow/dags/reports_etl_dag.py
[2026-01-24T11:17:02.041+0000] {processor.py:840} INFO - DAG(s) 'reports_etl_dag' retrieved from /opt/airflow/dags/reports_etl_dag.py
[2026-01-24T11:17:02.080+0000] {logging_mixin.py:188} INFO - [2026-01-24T11:17:02.079+0000] {dag.py:3096} INFO - Sync 1 DAGs
[2026-01-24T11:17:02.106+0000] {logging_mixin.py:188} INFO - [2026-01-24T11:17:02.105+0000] {dag.py:3954} INFO - Setting next_dagrun for reports_etl_dag to 2026-01-24 11:15:00+00:00, run_after=2026-01-24 11:18:00+00:00
[2026-01-24T11:17:02.127+0000] {processor.py:183} INFO - Processing /opt/airflow/dags/reports_etl_dag.py took 0.429 seconds
[2026-01-24T11:17:32.439+0000] {processor.py:161} INFO - Started process (PID=227) to work on /opt/airflow/dags/reports_etl_dag.py
[2026-01-24T11:17:32.440+0000] {processor.py:830} INFO - Processing file /opt/airflow/dags/reports_etl_dag.py for tasks to queue
[2026-01-24T11:17:32.442+0000] {logging_mixin.py:188} INFO - [2026-01-24T11:17:32.441+0000] {dagbag.py:545} INFO - Filling up the DagBag from /opt/airflow/dags/reports_etl_dag.py
[2026-01-24T11:17:32.769+0000] {processor.py:840} INFO - DAG(s) 'reports_etl_dag' retrieved from /opt/airflow/dags/reports_etl_dag.py
[2026-01-24T11:17:32.809+0000] {logging_mixin.py:188} INFO - [2026-01-24T11:17:32.808+0000] {dag.py:3096} INFO - Sync 1 DAGs
[2026-01-24T11:17:32.834+0000] {logging_mixin.py:188} INFO - [2026-01-24T11:17:32.834+0000] {dag.py:3954} INFO - Setting next_dagrun for reports_etl_dag to 2026-01-24 11:15:00+00:00, run_after=2026-01-24 11:18:00+00:00
[2026-01-24T11:17:32.853+0000] {processor.py:183} INFO - Processing /opt/airflow/dags/reports_etl_dag.py took 0.419 seconds
[2026-01-24T11:18:03.161+0000] {processor.py:161} INFO - Started process (PID=246) to work on /opt/airflow/dags/reports_etl_dag.py
[2026-01-24T11:18:03.162+0000] {processor.py:830} INFO - Processing file /opt/airflow/dags/reports_etl_dag.py for tasks to queue
[2026-01-24T11:18:03.164+0000] {logging_mixin.py:188} INFO - [2026-01-24T11:18:03.163+0000] {dagbag.py:545} INFO - Filling up the DagBag from /opt/airflow/dags/reports_etl_dag.py
[2026-01-24T11:18:03.499+0000] {processor.py:840} INFO - DAG(s) 'reports_etl_dag' retrieved from /opt/airflow/dags/reports_etl_dag.py
[2026-01-24T11:18:03.538+0000] {logging_mixin.py:188} INFO - [2026-01-24T11:18:03.538+0000] {dag.py:3096} INFO - Sync 1 DAGs
[2026-01-24T11:18:03.565+0000] {logging_mixin.py:188} INFO - [2026-01-24T11:18:03.565+0000] {dag.py:3954} INFO - Setting next_dagrun for reports_etl_dag to 2026-01-24 11:18:00+00:00, run_after=2026-01-24 11:21:00+00:00
[2026-01-24T11:18:03.596+0000] {processor.py:183} INFO - Processing /opt/airflow/dags/reports_etl_dag.py took 0.441 seconds
[2026-01-24T11:18:33.872+0000] {processor.py:161} INFO - Started process (PID=259) to work on /opt/airflow/dags/reports_etl_dag.py
[2026-01-24T11:18:33.873+0000] {processor.py:830} INFO - Processing file /opt/airflow/dags/reports_etl_dag.py for tasks to queue
[2026-01-24T11:18:33.874+0000] {logging_mixin.py:188} INFO - [2026-01-24T11:18:33.874+0000] {dagbag.py:545} INFO - Filling up the DagBag from /opt/airflow/dags/reports_etl_dag.py
[2026-01-24T11:18:34.199+0000] {processor.py:840} INFO - DAG(s) 'reports_etl_dag' retrieved from /opt/airflow/dags/reports_etl_dag.py
[2026-01-24T11:18:34.235+0000] {logging_mixin.py:188} INFO - [2026-01-24T11:18:34.235+0000] {dag.py:3096} INFO - Sync 1 DAGs
[2026-01-24T11:18:34.263+0000] {logging_mixin.py:188} INFO - [2026-01-24T11:18:34.263+0000] {dag.py:3954} INFO - Setting next_dagrun for reports_etl_dag to 2026-01-24 11:18:00+00:00, run_after=2026-01-24 11:21:00+00:00
[2026-01-24T11:18:34.281+0000] {processor.py:183} INFO - Processing /opt/airflow/dags/reports_etl_dag.py took 0.415 seconds
[2026-01-24T11:19:04.575+0000] {processor.py:161} INFO - Started process (PID=275) to work on /opt/airflow/dags/reports_etl_dag.py
[2026-01-24T11:19:04.576+0000] {processor.py:830} INFO - Processing file /opt/airflow/dags/reports_etl_dag.py for tasks to queue
[2026-01-24T11:19:04.577+0000] {logging_mixin.py:188} INFO - [2026-01-24T11:19:04.577+0000] {dagbag.py:545} INFO - Filling up the DagBag from /opt/airflow/dags/reports_etl_dag.py
[2026-01-24T11:19:04.907+0000] {processor.py:840} INFO - DAG(s) 'reports_etl_dag' retrieved from /opt/airflow/dags/reports_etl_dag.py
[2026-01-24T11:19:04.945+0000] {logging_mixin.py:188} INFO - [2026-01-24T11:19:04.945+0000] {dag.py:3096} INFO - Sync 1 DAGs
[2026-01-24T11:19:04.973+0000] {logging_mixin.py:188} INFO - [2026-01-24T11:19:04.972+0000] {dag.py:3954} INFO - Setting next_dagrun for reports_etl_dag to 2026-01-24 11:18:00+00:00, run_after=2026-01-24 11:21:00+00:00
[2026-01-24T11:19:04.994+0000] {processor.py:183} INFO - Processing /opt/airflow/dags/reports_etl_dag.py took 0.425 seconds
[2026-01-24T11:19:35.319+0000] {processor.py:161} INFO - Started process (PID=288) to work on /opt/airflow/dags/reports_etl_dag.py
[2026-01-24T11:19:35.320+0000] {processor.py:830} INFO - Processing file /opt/airflow/dags/reports_etl_dag.py for tasks to queue
[2026-01-24T11:19:35.321+0000] {logging_mixin.py:188} INFO - [2026-01-24T11:19:35.321+0000] {dagbag.py:545} INFO - Filling up the DagBag from /opt/airflow/dags/reports_etl_dag.py
[2026-01-24T11:19:35.648+0000] {processor.py:840} INFO - DAG(s) 'reports_etl_dag' retrieved from /opt/airflow/dags/reports_etl_dag.py
[2026-01-24T11:19:35.686+0000] {logging_mixin.py:188} INFO - [2026-01-24T11:19:35.686+0000] {dag.py:3096} INFO - Sync 1 DAGs
[2026-01-24T11:19:35.712+0000] {logging_mixin.py:188} INFO - [2026-01-24T11:19:35.711+0000] {dag.py:3954} INFO - Setting next_dagrun for reports_etl_dag to 2026-01-24 11:18:00+00:00, run_after=2026-01-24 11:21:00+00:00
[2026-01-24T11:19:35.742+0000] {processor.py:183} INFO - Processing /opt/airflow/dags/reports_etl_dag.py took 0.429 seconds
[2026-01-24T11:20:06.051+0000] {processor.py:161} INFO - Started process (PID=304) to work on /opt/airflow/dags/reports_etl_dag.py
[2026-01-24T11:20:06.053+0000] {processor.py:830} INFO - Processing file /opt/airflow/dags/reports_etl_dag.py for tasks to queue
[2026-01-24T11:20:06.055+0000] {logging_mixin.py:188} INFO - [2026-01-24T11:20:06.054+0000] {dagbag.py:545} INFO - Filling up the DagBag from /opt/airflow/dags/reports_etl_dag.py
[2026-01-24T11:20:06.424+0000] {processor.py:840} INFO - DAG(s) 'reports_etl_dag' retrieved from /opt/airflow/dags/reports_etl_dag.py
[2026-01-24T11:20:06.465+0000] {logging_mixin.py:188} INFO - [2026-01-24T11:20:06.464+0000] {dag.py:3096} INFO - Sync 1 DAGs
[2026-01-24T11:20:06.492+0000] {logging_mixin.py:188} INFO - [2026-01-24T11:20:06.491+0000] {dag.py:3954} INFO - Setting next_dagrun for reports_etl_dag to 2026-01-24 11:18:00+00:00, run_after=2026-01-24 11:21:00+00:00
[2026-01-24T11:20:06.510+0000] {processor.py:183} INFO - Processing /opt/airflow/dags/reports_etl_dag.py took 0.466 seconds
[2026-01-24T11:20:36.676+0000] {processor.py:161} INFO - Started process (PID=317) to work on /opt/airflow/dags/reports_etl_dag.py
[2026-01-24T11:20:36.677+0000] {processor.py:830} INFO - Processing file /opt/airflow/dags/reports_etl_dag.py for tasks to queue
[2026-01-24T11:20:36.678+0000] {logging_mixin.py:188} INFO - [2026-01-24T11:20:36.678+0000] {dagbag.py:545} INFO - Filling up the DagBag from /opt/airflow/dags/reports_etl_dag.py
[2026-01-24T11:20:37.019+0000] {processor.py:840} INFO - DAG(s) 'reports_etl_dag' retrieved from /opt/airflow/dags/reports_etl_dag.py
[2026-01-24T11:20:37.064+0000] {logging_mixin.py:188} INFO - [2026-01-24T11:20:37.063+0000] {dag.py:3096} INFO - Sync 1 DAGs
[2026-01-24T11:20:37.092+0000] {logging_mixin.py:188} INFO - [2026-01-24T11:20:37.091+0000] {dag.py:3954} INFO - Setting next_dagrun for reports_etl_dag to 2026-01-24 11:18:00+00:00, run_after=2026-01-24 11:21:00+00:00
[2026-01-24T11:20:37.128+0000] {processor.py:183} INFO - Processing /opt/airflow/dags/reports_etl_dag.py took 0.457 seconds
[2026-01-24T11:21:07.443+0000] {processor.py:161} INFO - Started process (PID=329) to work on /opt/airflow/dags/reports_etl_dag.py
[2026-01-24T11:21:07.444+0000] {processor.py:830} INFO - Processing file /opt/airflow/dags/reports_etl_dag.py for tasks to queue
[2026-01-24T11:21:07.445+0000] {logging_mixin.py:188} INFO - [2026-01-24T11:21:07.445+0000] {dagbag.py:545} INFO - Filling up the DagBag from /opt/airflow/dags/reports_etl_dag.py
[2026-01-24T11:21:07.786+0000] {processor.py:840} INFO - DAG(s) 'reports_etl_dag' retrieved from /opt/airflow/dags/reports_etl_dag.py
[2026-01-24T11:21:07.833+0000] {logging_mixin.py:188} INFO - [2026-01-24T11:21:07.832+0000] {dag.py:3096} INFO - Sync 1 DAGs
[2026-01-24T11:21:07.860+0000] {logging_mixin.py:188} INFO - [2026-01-24T11:21:07.860+0000] {dag.py:3954} INFO - Setting next_dagrun for reports_etl_dag to 2026-01-24 11:21:00+00:00, run_after=2026-01-24 11:24:00+00:00
[2026-01-24T11:21:07.878+0000] {processor.py:183} INFO - Processing /opt/airflow/dags/reports_etl_dag.py took 0.441 seconds
[2026-01-24T11:21:38.136+0000] {processor.py:161} INFO - Started process (PID=342) to work on /opt/airflow/dags/reports_etl_dag.py
[2026-01-24T11:21:38.137+0000] {processor.py:830} INFO - Processing file /opt/airflow/dags/reports_etl_dag.py for tasks to queue
[2026-01-24T11:21:38.139+0000] {logging_mixin.py:188} INFO - [2026-01-24T11:21:38.139+0000] {dagbag.py:545} INFO - Filling up the DagBag from /opt/airflow/dags/reports_etl_dag.py
[2026-01-24T11:21:38.482+0000] {processor.py:840} INFO - DAG(s) 'reports_etl_dag' retrieved from /opt/airflow/dags/reports_etl_dag.py
[2026-01-24T11:21:38.522+0000] {logging_mixin.py:188} INFO - [2026-01-24T11:21:38.521+0000] {dag.py:3096} INFO - Sync 1 DAGs
[2026-01-24T11:21:38.548+0000] {logging_mixin.py:188} INFO - [2026-01-24T11:21:38.548+0000] {dag.py:3954} INFO - Setting next_dagrun for reports_etl_dag to 2026-01-24 11:21:00+00:00, run_after=2026-01-24 11:24:00+00:00
[2026-01-24T11:21:38.589+0000] {processor.py:183} INFO - Processing /opt/airflow/dags/reports_etl_dag.py took 0.458 seconds
[2026-01-24T11:22:08.917+0000] {processor.py:161} INFO - Started process (PID=358) to work on /opt/airflow/dags/reports_etl_dag.py
[2026-01-24T11:22:08.918+0000] {processor.py:830} INFO - Processing file /opt/airflow/dags/reports_etl_dag.py for tasks to queue
[2026-01-24T11:22:08.920+0000] {logging_mixin.py:188} INFO - [2026-01-24T11:22:08.919+0000] {dagbag.py:545} INFO - Filling up the DagBag from /opt/airflow/dags/reports_etl_dag.py
[2026-01-24T11:22:09.278+0000] {processor.py:840} INFO - DAG(s) 'reports_etl_dag' retrieved from /opt/airflow/dags/reports_etl_dag.py
[2026-01-24T11:22:09.316+0000] {logging_mixin.py:188} INFO - [2026-01-24T11:22:09.315+0000] {dag.py:3096} INFO - Sync 1 DAGs
[2026-01-24T11:22:09.343+0000] {logging_mixin.py:188} INFO - [2026-01-24T11:22:09.343+0000] {dag.py:3954} INFO - Setting next_dagrun for reports_etl_dag to 2026-01-24 11:21:00+00:00, run_after=2026-01-24 11:24:00+00:00
[2026-01-24T11:22:09.375+0000] {processor.py:183} INFO - Processing /opt/airflow/dags/reports_etl_dag.py took 0.464 seconds
[2026-01-24T11:22:39.657+0000] {processor.py:161} INFO - Started process (PID=374) to work on /opt/airflow/dags/reports_etl_dag.py
[2026-01-24T11:22:39.658+0000] {processor.py:830} INFO - Processing file /opt/airflow/dags/reports_etl_dag.py for tasks to queue
[2026-01-24T11:22:39.660+0000] {logging_mixin.py:188} INFO - [2026-01-24T11:22:39.660+0000] {dagbag.py:545} INFO - Filling up the DagBag from /opt/airflow/dags/reports_etl_dag.py
[2026-01-24T11:22:39.990+0000] {processor.py:840} INFO - DAG(s) 'reports_etl_dag' retrieved from /opt/airflow/dags/reports_etl_dag.py
[2026-01-24T11:22:40.028+0000] {logging_mixin.py:188} INFO - [2026-01-24T11:22:40.028+0000] {dag.py:3096} INFO - Sync 1 DAGs
[2026-01-24T11:22:40.054+0000] {logging_mixin.py:188} INFO - [2026-01-24T11:22:40.054+0000] {dag.py:3954} INFO - Setting next_dagrun for reports_etl_dag to 2026-01-24 11:21:00+00:00, run_after=2026-01-24 11:24:00+00:00
[2026-01-24T11:22:40.071+0000] {processor.py:183} INFO - Processing /opt/airflow/dags/reports_etl_dag.py took 0.420 seconds
[2026-01-24T11:23:10.399+0000] {processor.py:161} INFO - Started process (PID=390) to work on /opt/airflow/dags/reports_etl_dag.py
[2026-01-24T11:23:10.400+0000] {processor.py:830} INFO - Processing file /opt/airflow/dags/reports_etl_dag.py for tasks to queue
[2026-01-24T11:23:10.402+0000] {logging_mixin.py:188} INFO - [2026-01-24T11:23:10.402+0000] {dagbag.py:545} INFO - Filling up the DagBag from /opt/airflow/dags/reports_etl_dag.py
[2026-01-24T11:23:10.733+0000] {processor.py:840} INFO - DAG(s) 'reports_etl_dag' retrieved from /opt/airflow/dags/reports_etl_dag.py
[2026-01-24T11:23:10.771+0000] {logging_mixin.py:188} INFO - [2026-01-24T11:23:10.771+0000] {dag.py:3096} INFO - Sync 1 DAGs
[2026-01-24T11:23:10.814+0000] {logging_mixin.py:188} INFO - [2026-01-24T11:23:10.813+0000] {dag.py:3954} INFO - Setting next_dagrun for reports_etl_dag to 2026-01-24 11:21:00+00:00, run_after=2026-01-24 11:24:00+00:00
[2026-01-24T11:23:10.832+0000] {processor.py:183} INFO - Processing /opt/airflow/dags/reports_etl_dag.py took 0.439 seconds
[2026-01-24T11:23:41.126+0000] {processor.py:161} INFO - Started process (PID=403) to work on /opt/airflow/dags/reports_etl_dag.py
[2026-01-24T11:23:41.127+0000] {processor.py:830} INFO - Processing file /opt/airflow/dags/reports_etl_dag.py for tasks to queue
[2026-01-24T11:23:41.129+0000] {logging_mixin.py:188} INFO - [2026-01-24T11:23:41.128+0000] {dagbag.py:545} INFO - Filling up the DagBag from /opt/airflow/dags/reports_etl_dag.py
[2026-01-24T11:23:41.459+0000] {processor.py:840} INFO - DAG(s) 'reports_etl_dag' retrieved from /opt/airflow/dags/reports_etl_dag.py
[2026-01-24T11:23:41.497+0000] {logging_mixin.py:188} INFO - [2026-01-24T11:23:41.497+0000] {dag.py:3096} INFO - Sync 1 DAGs
[2026-01-24T11:23:41.525+0000] {logging_mixin.py:188} INFO - [2026-01-24T11:23:41.524+0000] {dag.py:3954} INFO - Setting next_dagrun for reports_etl_dag to 2026-01-24 11:21:00+00:00, run_after=2026-01-24 11:24:00+00:00
[2026-01-24T11:23:41.557+0000] {processor.py:183} INFO - Processing /opt/airflow/dags/reports_etl_dag.py took 0.437 seconds
[2026-01-24T11:24:11.867+0000] {processor.py:161} INFO - Started process (PID=422) to work on /opt/airflow/dags/reports_etl_dag.py
[2026-01-24T11:24:11.868+0000] {processor.py:830} INFO - Processing file /opt/airflow/dags/reports_etl_dag.py for tasks to queue
[2026-01-24T11:24:11.870+0000] {logging_mixin.py:188} INFO - [2026-01-24T11:24:11.870+0000] {dagbag.py:545} INFO - Filling up the DagBag from /opt/airflow/dags/reports_etl_dag.py
[2026-01-24T11:24:12.197+0000] {processor.py:840} INFO - DAG(s) 'reports_etl_dag' retrieved from /opt/airflow/dags/reports_etl_dag.py
[2026-01-24T11:24:12.233+0000] {logging_mixin.py:188} INFO - [2026-01-24T11:24:12.233+0000] {dag.py:3096} INFO - Sync 1 DAGs
[2026-01-24T11:24:12.260+0000] {logging_mixin.py:188} INFO - [2026-01-24T11:24:12.260+0000] {dag.py:3954} INFO - Setting next_dagrun for reports_etl_dag to 2026-01-24 11:24:00+00:00, run_after=2026-01-24 11:27:00+00:00
[2026-01-24T11:24:12.281+0000] {processor.py:183} INFO - Processing /opt/airflow/dags/reports_etl_dag.py took 0.420 seconds
[2026-01-24T11:24:42.609+0000] {processor.py:161} INFO - Started process (PID=435) to work on /opt/airflow/dags/reports_etl_dag.py
[2026-01-24T11:24:42.610+0000] {processor.py:830} INFO - Processing file /opt/airflow/dags/reports_etl_dag.py for tasks to queue
[2026-01-24T11:24:42.612+0000] {logging_mixin.py:188} INFO - [2026-01-24T11:24:42.612+0000] {dagbag.py:545} INFO - Filling up the DagBag from /opt/airflow/dags/reports_etl_dag.py
[2026-01-24T11:24:42.944+0000] {processor.py:840} INFO - DAG(s) 'reports_etl_dag' retrieved from /opt/airflow/dags/reports_etl_dag.py
[2026-01-24T11:24:42.983+0000] {logging_mixin.py:188} INFO - [2026-01-24T11:24:42.982+0000] {dag.py:3096} INFO - Sync 1 DAGs
[2026-01-24T11:24:43.009+0000] {logging_mixin.py:188} INFO - [2026-01-24T11:24:43.009+0000] {dag.py:3954} INFO - Setting next_dagrun for reports_etl_dag to 2026-01-24 11:24:00+00:00, run_after=2026-01-24 11:27:00+00:00
[2026-01-24T11:24:43.027+0000] {processor.py:183} INFO - Processing /opt/airflow/dags/reports_etl_dag.py took 0.423 seconds
[2026-01-24T11:25:13.308+0000] {processor.py:161} INFO - Started process (PID=451) to work on /opt/airflow/dags/reports_etl_dag.py
[2026-01-24T11:25:13.309+0000] {processor.py:830} INFO - Processing file /opt/airflow/dags/reports_etl_dag.py for tasks to queue
[2026-01-24T11:25:13.310+0000] {logging_mixin.py:188} INFO - [2026-01-24T11:25:13.310+0000] {dagbag.py:545} INFO - Filling up the DagBag from /opt/airflow/dags/reports_etl_dag.py
[2026-01-24T11:25:13.634+0000] {processor.py:840} INFO - DAG(s) 'reports_etl_dag' retrieved from /opt/airflow/dags/reports_etl_dag.py
[2026-01-24T11:25:13.673+0000] {logging_mixin.py:188} INFO - [2026-01-24T11:25:13.673+0000] {dag.py:3096} INFO - Sync 1 DAGs
[2026-01-24T11:25:13.701+0000] {logging_mixin.py:188} INFO - [2026-01-24T11:25:13.701+0000] {dag.py:3954} INFO - Setting next_dagrun for reports_etl_dag to 2026-01-24 11:24:00+00:00, run_after=2026-01-24 11:27:00+00:00
[2026-01-24T11:25:13.720+0000] {processor.py:183} INFO - Processing /opt/airflow/dags/reports_etl_dag.py took 0.418 seconds
[2026-01-24T11:25:44.020+0000] {processor.py:161} INFO - Started process (PID=464) to work on /opt/airflow/dags/reports_etl_dag.py
[2026-01-24T11:25:44.021+0000] {processor.py:830} INFO - Processing file /opt/airflow/dags/reports_etl_dag.py for tasks to queue
[2026-01-24T11:25:44.023+0000] {logging_mixin.py:188} INFO - [2026-01-24T11:25:44.022+0000] {dagbag.py:545} INFO - Filling up the DagBag from /opt/airflow/dags/reports_etl_dag.py
[2026-01-24T11:25:44.356+0000] {processor.py:840} INFO - DAG(s) 'reports_etl_dag' retrieved from /opt/airflow/dags/reports_etl_dag.py
[2026-01-24T11:25:44.394+0000] {logging_mixin.py:188} INFO - [2026-01-24T11:25:44.393+0000] {dag.py:3096} INFO - Sync 1 DAGs
[2026-01-24T11:25:44.420+0000] {logging_mixin.py:188} INFO - [2026-01-24T11:25:44.420+0000] {dag.py:3954} INFO - Setting next_dagrun for reports_etl_dag to 2026-01-24 11:24:00+00:00, run_after=2026-01-24 11:27:00+00:00
[2026-01-24T11:25:44.439+0000] {processor.py:183} INFO - Processing /opt/airflow/dags/reports_etl_dag.py took 0.425 seconds
[2026-01-24T11:26:14.731+0000] {processor.py:161} INFO - Started process (PID=480) to work on /opt/airflow/dags/reports_etl_dag.py
[2026-01-24T11:26:14.732+0000] {processor.py:830} INFO - Processing file /opt/airflow/dags/reports_etl_dag.py for tasks to queue
[2026-01-24T11:26:14.733+0000] {logging_mixin.py:188} INFO - [2026-01-24T11:26:14.733+0000] {dagbag.py:545} INFO - Filling up the DagBag from /opt/airflow/dags/reports_etl_dag.py
[2026-01-24T11:26:15.062+0000] {processor.py:840} INFO - DAG(s) 'reports_etl_dag' retrieved from /opt/airflow/dags/reports_etl_dag.py
[2026-01-24T11:26:15.101+0000] {logging_mixin.py:188} INFO - [2026-01-24T11:26:15.101+0000] {dag.py:3096} INFO - Sync 1 DAGs
[2026-01-24T11:26:15.127+0000] {logging_mixin.py:188} INFO - [2026-01-24T11:26:15.127+0000] {dag.py:3954} INFO - Setting next_dagrun for reports_etl_dag to 2026-01-24 11:24:00+00:00, run_after=2026-01-24 11:27:00+00:00
[2026-01-24T11:26:15.146+0000] {processor.py:183} INFO - Processing /opt/airflow/dags/reports_etl_dag.py took 0.421 seconds
[2026-01-24T11:26:45.312+0000] {processor.py:161} INFO - Started process (PID=493) to work on /opt/airflow/dags/reports_etl_dag.py
[2026-01-24T11:26:45.313+0000] {processor.py:830} INFO - Processing file /opt/airflow/dags/reports_etl_dag.py for tasks to queue
[2026-01-24T11:26:45.315+0000] {logging_mixin.py:188} INFO - [2026-01-24T11:26:45.315+0000] {dagbag.py:545} INFO - Filling up the DagBag from /opt/airflow/dags/reports_etl_dag.py
[2026-01-24T11:26:45.640+0000] {processor.py:840} INFO - DAG(s) 'reports_etl_dag' retrieved from /opt/airflow/dags/reports_etl_dag.py
[2026-01-24T11:26:45.677+0000] {logging_mixin.py:188} INFO - [2026-01-24T11:26:45.676+0000] {dag.py:3096} INFO - Sync 1 DAGs
[2026-01-24T11:26:45.703+0000] {logging_mixin.py:188} INFO - [2026-01-24T11:26:45.703+0000] {dag.py:3954} INFO - Setting next_dagrun for reports_etl_dag to 2026-01-24 11:24:00+00:00, run_after=2026-01-24 11:27:00+00:00
[2026-01-24T11:26:45.724+0000] {processor.py:183} INFO - Processing /opt/airflow/dags/reports_etl_dag.py took 0.418 seconds
[2026-01-24T11:27:16.018+0000] {processor.py:161} INFO - Started process (PID=512) to work on /opt/airflow/dags/reports_etl_dag.py
[2026-01-24T11:27:16.019+0000] {processor.py:830} INFO - Processing file /opt/airflow/dags/reports_etl_dag.py for tasks to queue
[2026-01-24T11:27:16.021+0000] {logging_mixin.py:188} INFO - [2026-01-24T11:27:16.021+0000] {dagbag.py:545} INFO - Filling up the DagBag from /opt/airflow/dags/reports_etl_dag.py
[2026-01-24T11:27:16.377+0000] {processor.py:840} INFO - DAG(s) 'reports_etl_dag' retrieved from /opt/airflow/dags/reports_etl_dag.py
[2026-01-24T11:27:16.414+0000] {logging_mixin.py:188} INFO - [2026-01-24T11:27:16.413+0000] {dag.py:3096} INFO - Sync 1 DAGs
[2026-01-24T11:27:16.440+0000] {logging_mixin.py:188} INFO - [2026-01-24T11:27:16.440+0000] {dag.py:3954} INFO - Setting next_dagrun for reports_etl_dag to 2026-01-24 11:27:00+00:00, run_after=2026-01-24 11:30:00+00:00
[2026-01-24T11:27:16.470+0000] {processor.py:183} INFO - Processing /opt/airflow/dags/reports_etl_dag.py took 0.457 seconds
[2026-01-24T11:27:46.800+0000] {processor.py:161} INFO - Started process (PID=528) to work on /opt/airflow/dags/reports_etl_dag.py
[2026-01-24T11:27:46.801+0000] {processor.py:830} INFO - Processing file /opt/airflow/dags/reports_etl_dag.py for tasks to queue
[2026-01-24T11:27:46.802+0000] {logging_mixin.py:188} INFO - [2026-01-24T11:27:46.802+0000] {dagbag.py:545} INFO - Filling up the DagBag from /opt/airflow/dags/reports_etl_dag.py
[2026-01-24T11:27:47.145+0000] {processor.py:840} INFO - DAG(s) 'reports_etl_dag' retrieved from /opt/airflow/dags/reports_etl_dag.py
[2026-01-24T11:27:47.190+0000] {logging_mixin.py:188} INFO - [2026-01-24T11:27:47.190+0000] {dag.py:3096} INFO - Sync 1 DAGs
[2026-01-24T11:27:47.221+0000] {logging_mixin.py:188} INFO - [2026-01-24T11:27:47.221+0000] {dag.py:3954} INFO - Setting next_dagrun for reports_etl_dag to 2026-01-24 11:27:00+00:00, run_after=2026-01-24 11:30:00+00:00
[2026-01-24T11:27:47.257+0000] {processor.py:183} INFO - Processing /opt/airflow/dags/reports_etl_dag.py took 0.463 seconds
[2026-01-24T11:28:17.612+0000] {processor.py:161} INFO - Started process (PID=544) to work on /opt/airflow/dags/reports_etl_dag.py
[2026-01-24T11:28:17.613+0000] {processor.py:830} INFO - Processing file /opt/airflow/dags/reports_etl_dag.py for tasks to queue
[2026-01-24T11:28:17.614+0000] {logging_mixin.py:188} INFO - [2026-01-24T11:28:17.614+0000] {dagbag.py:545} INFO - Filling up the DagBag from /opt/airflow/dags/reports_etl_dag.py
[2026-01-24T11:28:17.963+0000] {processor.py:840} INFO - DAG(s) 'reports_etl_dag' retrieved from /opt/airflow/dags/reports_etl_dag.py
[2026-01-24T11:28:18.011+0000] {logging_mixin.py:188} INFO - [2026-01-24T11:28:18.011+0000] {dag.py:3096} INFO - Sync 1 DAGs
[2026-01-24T11:28:18.046+0000] {logging_mixin.py:188} INFO - [2026-01-24T11:28:18.046+0000] {dag.py:3954} INFO - Setting next_dagrun for reports_etl_dag to 2026-01-24 11:27:00+00:00, run_after=2026-01-24 11:30:00+00:00
[2026-01-24T11:28:18.073+0000] {processor.py:183} INFO - Processing /opt/airflow/dags/reports_etl_dag.py took 0.467 seconds
[2026-01-24T11:28:48.363+0000] {processor.py:161} INFO - Started process (PID=557) to work on /opt/airflow/dags/reports_etl_dag.py
[2026-01-24T11:28:48.364+0000] {processor.py:830} INFO - Processing file /opt/airflow/dags/reports_etl_dag.py for tasks to queue
[2026-01-24T11:28:48.365+0000] {logging_mixin.py:188} INFO - [2026-01-24T11:28:48.365+0000] {dagbag.py:545} INFO - Filling up the DagBag from /opt/airflow/dags/reports_etl_dag.py
[2026-01-24T11:28:48.688+0000] {processor.py:840} INFO - DAG(s) 'reports_etl_dag' retrieved from /opt/airflow/dags/reports_etl_dag.py
[2026-01-24T11:28:48.723+0000] {logging_mixin.py:188} INFO - [2026-01-24T11:28:48.722+0000] {dag.py:3096} INFO - Sync 1 DAGs
[2026-01-24T11:28:48.748+0000] {logging_mixin.py:188} INFO - [2026-01-24T11:28:48.748+0000] {dag.py:3954} INFO - Setting next_dagrun for reports_etl_dag to 2026-01-24 11:27:00+00:00, run_after=2026-01-24 11:30:00+00:00
[2026-01-24T11:28:48.769+0000] {processor.py:183} INFO - Processing /opt/airflow/dags/reports_etl_dag.py took 0.411 seconds
[2026-01-24T11:29:19.052+0000] {processor.py:161} INFO - Started process (PID=573) to work on /opt/airflow/dags/reports_etl_dag.py
[2026-01-24T11:29:19.053+0000] {processor.py:830} INFO - Processing file /opt/airflow/dags/reports_etl_dag.py for tasks to queue
[2026-01-24T11:29:19.054+0000] {logging_mixin.py:188} INFO - [2026-01-24T11:29:19.054+0000] {dagbag.py:545} INFO - Filling up the DagBag from /opt/airflow/dags/reports_etl_dag.py
[2026-01-24T11:29:19.397+0000] {processor.py:840} INFO - DAG(s) 'reports_etl_dag' retrieved from /opt/airflow/dags/reports_etl_dag.py
[2026-01-24T11:29:19.434+0000] {logging_mixin.py:188} INFO - [2026-01-24T11:29:19.434+0000] {dag.py:3096} INFO - Sync 1 DAGs
[2026-01-24T11:29:19.459+0000] {logging_mixin.py:188} INFO - [2026-01-24T11:29:19.459+0000] {dag.py:3954} INFO - Setting next_dagrun for reports_etl_dag to 2026-01-24 11:27:00+00:00, run_after=2026-01-24 11:30:00+00:00
[2026-01-24T11:29:19.577+0000] {processor.py:183} INFO - Processing /opt/airflow/dags/reports_etl_dag.py took 0.531 seconds
[2026-01-24T11:29:49.887+0000] {processor.py:161} INFO - Started process (PID=586) to work on /opt/airflow/dags/reports_etl_dag.py
[2026-01-24T11:29:49.888+0000] {processor.py:830} INFO - Processing file /opt/airflow/dags/reports_etl_dag.py for tasks to queue
[2026-01-24T11:29:49.890+0000] {logging_mixin.py:188} INFO - [2026-01-24T11:29:49.889+0000] {dagbag.py:545} INFO - Filling up the DagBag from /opt/airflow/dags/reports_etl_dag.py
[2026-01-24T11:29:50.219+0000] {processor.py:840} INFO - DAG(s) 'reports_etl_dag' retrieved from /opt/airflow/dags/reports_etl_dag.py
[2026-01-24T11:29:50.257+0000] {logging_mixin.py:188} INFO - [2026-01-24T11:29:50.257+0000] {dag.py:3096} INFO - Sync 1 DAGs
[2026-01-24T11:29:50.385+0000] {logging_mixin.py:188} INFO - [2026-01-24T11:29:50.385+0000] {dag.py:3954} INFO - Setting next_dagrun for reports_etl_dag to 2026-01-24 11:27:00+00:00, run_after=2026-01-24 11:30:00+00:00
[2026-01-24T11:29:50.408+0000] {processor.py:183} INFO - Processing /opt/airflow/dags/reports_etl_dag.py took 0.527 seconds
[2026-01-24T11:30:20.567+0000] {processor.py:161} INFO - Started process (PID=605) to work on /opt/airflow/dags/reports_etl_dag.py
[2026-01-24T11:30:20.568+0000] {processor.py:830} INFO - Processing file /opt/airflow/dags/reports_etl_dag.py for tasks to queue
[2026-01-24T11:30:20.570+0000] {logging_mixin.py:188} INFO - [2026-01-24T11:30:20.570+0000] {dagbag.py:545} INFO - Filling up the DagBag from /opt/airflow/dags/reports_etl_dag.py
[2026-01-24T11:30:20.902+0000] {processor.py:840} INFO - DAG(s) 'reports_etl_dag' retrieved from /opt/airflow/dags/reports_etl_dag.py
[2026-01-24T11:30:20.940+0000] {logging_mixin.py:188} INFO - [2026-01-24T11:30:20.940+0000] {dag.py:3096} INFO - Sync 1 DAGs
[2026-01-24T11:30:20.965+0000] {logging_mixin.py:188} INFO - [2026-01-24T11:30:20.965+0000] {dag.py:3954} INFO - Setting next_dagrun for reports_etl_dag to 2026-01-24 11:30:00+00:00, run_after=2026-01-24 11:33:00+00:00
[2026-01-24T11:30:20.983+0000] {processor.py:183} INFO - Processing /opt/airflow/dags/reports_etl_dag.py took 0.421 seconds
[2026-01-24T11:30:51.267+0000] {processor.py:161} INFO - Started process (PID=618) to work on /opt/airflow/dags/reports_etl_dag.py
[2026-01-24T11:30:51.268+0000] {processor.py:830} INFO - Processing file /opt/airflow/dags/reports_etl_dag.py for tasks to queue
[2026-01-24T11:30:51.270+0000] {logging_mixin.py:188} INFO - [2026-01-24T11:30:51.270+0000] {dagbag.py:545} INFO - Filling up the DagBag from /opt/airflow/dags/reports_etl_dag.py
[2026-01-24T11:30:51.596+0000] {processor.py:840} INFO - DAG(s) 'reports_etl_dag' retrieved from /opt/airflow/dags/reports_etl_dag.py
[2026-01-24T11:30:51.637+0000] {logging_mixin.py:188} INFO - [2026-01-24T11:30:51.636+0000] {dag.py:3096} INFO - Sync 1 DAGs
[2026-01-24T11:30:51.758+0000] {logging_mixin.py:188} INFO - [2026-01-24T11:30:51.758+0000] {dag.py:3954} INFO - Setting next_dagrun for reports_etl_dag to 2026-01-24 11:30:00+00:00, run_after=2026-01-24 11:33:00+00:00
[2026-01-24T11:30:51.778+0000] {processor.py:183} INFO - Processing /opt/airflow/dags/reports_etl_dag.py took 0.516 seconds
[2026-01-24T11:31:22.082+0000] {processor.py:161} INFO - Started process (PID=634) to work on /opt/airflow/dags/reports_etl_dag.py
[2026-01-24T11:31:22.083+0000] {processor.py:830} INFO - Processing file /opt/airflow/dags/reports_etl_dag.py for tasks to queue
[2026-01-24T11:31:22.084+0000] {logging_mixin.py:188} INFO - [2026-01-24T11:31:22.084+0000] {dagbag.py:545} INFO - Filling up the DagBag from /opt/airflow/dags/reports_etl_dag.py
[2026-01-24T11:31:22.424+0000] {processor.py:840} INFO - DAG(s) 'reports_etl_dag' retrieved from /opt/airflow/dags/reports_etl_dag.py
[2026-01-24T11:31:22.462+0000] {logging_mixin.py:188} INFO - [2026-01-24T11:31:22.462+0000] {dag.py:3096} INFO - Sync 1 DAGs
[2026-01-24T11:31:22.487+0000] {logging_mixin.py:188} INFO - [2026-01-24T11:31:22.487+0000] {dag.py:3954} INFO - Setting next_dagrun for reports_etl_dag to 2026-01-24 11:30:00+00:00, run_after=2026-01-24 11:33:00+00:00
[2026-01-24T11:31:22.506+0000] {processor.py:183} INFO - Processing /opt/airflow/dags/reports_etl_dag.py took 0.430 seconds
[2026-01-24T11:31:52.793+0000] {processor.py:161} INFO - Started process (PID=647) to work on /opt/airflow/dags/reports_etl_dag.py
[2026-01-24T11:31:52.794+0000] {processor.py:830} INFO - Processing file /opt/airflow/dags/reports_etl_dag.py for tasks to queue
[2026-01-24T11:31:52.795+0000] {logging_mixin.py:188} INFO - [2026-01-24T11:31:52.795+0000] {dagbag.py:545} INFO - Filling up the DagBag from /opt/airflow/dags/reports_etl_dag.py
[2026-01-24T11:31:53.128+0000] {processor.py:840} INFO - DAG(s) 'reports_etl_dag' retrieved from /opt/airflow/dags/reports_etl_dag.py
[2026-01-24T11:31:53.164+0000] {logging_mixin.py:188} INFO - [2026-01-24T11:31:53.164+0000] {dag.py:3096} INFO - Sync 1 DAGs
[2026-01-24T11:31:53.190+0000] {logging_mixin.py:188} INFO - [2026-01-24T11:31:53.190+0000] {dag.py:3954} INFO - Setting next_dagrun for reports_etl_dag to 2026-01-24 11:30:00+00:00, run_after=2026-01-24 11:33:00+00:00
[2026-01-24T11:31:53.306+0000] {processor.py:183} INFO - Processing /opt/airflow/dags/reports_etl_dag.py took 0.519 seconds
[2026-01-24T11:32:23.631+0000] {processor.py:161} INFO - Started process (PID=663) to work on /opt/airflow/dags/reports_etl_dag.py
[2026-01-24T11:32:23.632+0000] {processor.py:830} INFO - Processing file /opt/airflow/dags/reports_etl_dag.py for tasks to queue
[2026-01-24T11:32:23.634+0000] {logging_mixin.py:188} INFO - [2026-01-24T11:32:23.634+0000] {dagbag.py:545} INFO - Filling up the DagBag from /opt/airflow/dags/reports_etl_dag.py
[2026-01-24T11:32:23.958+0000] {processor.py:840} INFO - DAG(s) 'reports_etl_dag' retrieved from /opt/airflow/dags/reports_etl_dag.py
[2026-01-24T11:32:23.995+0000] {logging_mixin.py:188} INFO - [2026-01-24T11:32:23.995+0000] {dag.py:3096} INFO - Sync 1 DAGs
[2026-01-24T11:32:24.116+0000] {logging_mixin.py:188} INFO - [2026-01-24T11:32:24.115+0000] {dag.py:3954} INFO - Setting next_dagrun for reports_etl_dag to 2026-01-24 11:30:00+00:00, run_after=2026-01-24 11:33:00+00:00
[2026-01-24T11:32:24.147+0000] {processor.py:183} INFO - Processing /opt/airflow/dags/reports_etl_dag.py took 0.522 seconds
[2026-01-24T11:32:54.399+0000] {processor.py:161} INFO - Started process (PID=676) to work on /opt/airflow/dags/reports_etl_dag.py
[2026-01-24T11:32:54.400+0000] {processor.py:830} INFO - Processing file /opt/airflow/dags/reports_etl_dag.py for tasks to queue
[2026-01-24T11:32:54.401+0000] {logging_mixin.py:188} INFO - [2026-01-24T11:32:54.401+0000] {dagbag.py:545} INFO - Filling up the DagBag from /opt/airflow/dags/reports_etl_dag.py
[2026-01-24T11:32:54.723+0000] {processor.py:840} INFO - DAG(s) 'reports_etl_dag' retrieved from /opt/airflow/dags/reports_etl_dag.py
[2026-01-24T11:32:54.760+0000] {logging_mixin.py:188} INFO - [2026-01-24T11:32:54.760+0000] {dag.py:3096} INFO - Sync 1 DAGs
[2026-01-24T11:32:54.786+0000] {logging_mixin.py:188} INFO - [2026-01-24T11:32:54.786+0000] {dag.py:3954} INFO - Setting next_dagrun for reports_etl_dag to 2026-01-24 11:30:00+00:00, run_after=2026-01-24 11:33:00+00:00
[2026-01-24T11:32:54.805+0000] {processor.py:183} INFO - Processing /opt/airflow/dags/reports_etl_dag.py took 0.412 seconds
[2026-01-24T11:33:25.114+0000] {processor.py:161} INFO - Started process (PID=695) to work on /opt/airflow/dags/reports_etl_dag.py
[2026-01-24T11:33:25.114+0000] {processor.py:830} INFO - Processing file /opt/airflow/dags/reports_etl_dag.py for tasks to queue
[2026-01-24T11:33:25.116+0000] {logging_mixin.py:188} INFO - [2026-01-24T11:33:25.116+0000] {dagbag.py:545} INFO - Filling up the DagBag from /opt/airflow/dags/reports_etl_dag.py
[2026-01-24T11:33:25.437+0000] {processor.py:840} INFO - DAG(s) 'reports_etl_dag' retrieved from /opt/airflow/dags/reports_etl_dag.py
[2026-01-24T11:33:25.476+0000] {logging_mixin.py:188} INFO - [2026-01-24T11:33:25.476+0000] {dag.py:3096} INFO - Sync 1 DAGs
[2026-01-24T11:33:25.599+0000] {logging_mixin.py:188} INFO - [2026-01-24T11:33:25.599+0000] {dag.py:3954} INFO - Setting next_dagrun for reports_etl_dag to 2026-01-24 11:33:00+00:00, run_after=2026-01-24 11:36:00+00:00
[2026-01-24T11:33:25.618+0000] {processor.py:183} INFO - Processing /opt/airflow/dags/reports_etl_dag.py took 0.511 seconds
[2026-01-24T11:33:55.907+0000] {processor.py:161} INFO - Started process (PID=708) to work on /opt/airflow/dags/reports_etl_dag.py
[2026-01-24T11:33:55.908+0000] {processor.py:830} INFO - Processing file /opt/airflow/dags/reports_etl_dag.py for tasks to queue
[2026-01-24T11:33:55.910+0000] {logging_mixin.py:188} INFO - [2026-01-24T11:33:55.909+0000] {dagbag.py:545} INFO - Filling up the DagBag from /opt/airflow/dags/reports_etl_dag.py
[2026-01-24T11:33:56.236+0000] {processor.py:840} INFO - DAG(s) 'reports_etl_dag' retrieved from /opt/airflow/dags/reports_etl_dag.py
[2026-01-24T11:33:56.382+0000] {logging_mixin.py:188} INFO - [2026-01-24T11:33:56.381+0000] {dag.py:3096} INFO - Sync 1 DAGs
[2026-01-24T11:33:56.412+0000] {logging_mixin.py:188} INFO - [2026-01-24T11:33:56.412+0000] {dag.py:3954} INFO - Setting next_dagrun for reports_etl_dag to 2026-01-24 11:33:00+00:00, run_after=2026-01-24 11:36:00+00:00
[2026-01-24T11:33:56.461+0000] {processor.py:183} INFO - Processing /opt/airflow/dags/reports_etl_dag.py took 0.560 seconds
[2026-01-24T11:34:26.649+0000] {processor.py:161} INFO - Started process (PID=724) to work on /opt/airflow/dags/reports_etl_dag.py
[2026-01-24T11:34:26.650+0000] {processor.py:830} INFO - Processing file /opt/airflow/dags/reports_etl_dag.py for tasks to queue
[2026-01-24T11:34:26.651+0000] {logging_mixin.py:188} INFO - [2026-01-24T11:34:26.651+0000] {dagbag.py:545} INFO - Filling up the DagBag from /opt/airflow/dags/reports_etl_dag.py
[2026-01-24T11:34:26.973+0000] {processor.py:840} INFO - DAG(s) 'reports_etl_dag' retrieved from /opt/airflow/dags/reports_etl_dag.py
[2026-01-24T11:34:27.009+0000] {logging_mixin.py:188} INFO - [2026-01-24T11:34:27.009+0000] {dag.py:3096} INFO - Sync 1 DAGs
[2026-01-24T11:34:27.036+0000] {logging_mixin.py:188} INFO - [2026-01-24T11:34:27.036+0000] {dag.py:3954} INFO - Setting next_dagrun for reports_etl_dag to 2026-01-24 11:33:00+00:00, run_after=2026-01-24 11:36:00+00:00
[2026-01-24T11:34:27.159+0000] {processor.py:183} INFO - Processing /opt/airflow/dags/reports_etl_dag.py took 0.516 seconds
[2026-01-24T11:34:57.481+0000] {processor.py:161} INFO - Started process (PID=737) to work on /opt/airflow/dags/reports_etl_dag.py
[2026-01-24T11:34:57.482+0000] {processor.py:830} INFO - Processing file /opt/airflow/dags/reports_etl_dag.py for tasks to queue
[2026-01-24T11:34:57.483+0000] {logging_mixin.py:188} INFO - [2026-01-24T11:34:57.483+0000] {dagbag.py:545} INFO - Filling up the DagBag from /opt/airflow/dags/reports_etl_dag.py
[2026-01-24T11:34:57.822+0000] {processor.py:840} INFO - DAG(s) 'reports_etl_dag' retrieved from /opt/airflow/dags/reports_etl_dag.py
[2026-01-24T11:34:57.862+0000] {logging_mixin.py:188} INFO - [2026-01-24T11:34:57.862+0000] {dag.py:3096} INFO - Sync 1 DAGs
[2026-01-24T11:34:57.986+0000] {logging_mixin.py:188} INFO - [2026-01-24T11:34:57.986+0000] {dag.py:3954} INFO - Setting next_dagrun for reports_etl_dag to 2026-01-24 11:33:00+00:00, run_after=2026-01-24 11:36:00+00:00
[2026-01-24T11:34:58.009+0000] {processor.py:183} INFO - Processing /opt/airflow/dags/reports_etl_dag.py took 0.534 seconds
[2026-01-24T11:35:28.344+0000] {processor.py:161} INFO - Started process (PID=753) to work on /opt/airflow/dags/reports_etl_dag.py
[2026-01-24T11:35:28.345+0000] {processor.py:830} INFO - Processing file /opt/airflow/dags/reports_etl_dag.py for tasks to queue
[2026-01-24T11:35:28.346+0000] {logging_mixin.py:188} INFO - [2026-01-24T11:35:28.346+0000] {dagbag.py:545} INFO - Filling up the DagBag from /opt/airflow/dags/reports_etl_dag.py
[2026-01-24T11:35:28.698+0000] {processor.py:840} INFO - DAG(s) 'reports_etl_dag' retrieved from /opt/airflow/dags/reports_etl_dag.py
[2026-01-24T11:35:28.737+0000] {logging_mixin.py:188} INFO - [2026-01-24T11:35:28.736+0000] {dag.py:3096} INFO - Sync 1 DAGs
[2026-01-24T11:35:28.762+0000] {logging_mixin.py:188} INFO - [2026-01-24T11:35:28.762+0000] {dag.py:3954} INFO - Setting next_dagrun for reports_etl_dag to 2026-01-24 11:33:00+00:00, run_after=2026-01-24 11:36:00+00:00
[2026-01-24T11:35:28.796+0000] {processor.py:183} INFO - Processing /opt/airflow/dags/reports_etl_dag.py took 0.457 seconds
[2026-01-24T11:35:59.116+0000] {processor.py:161} INFO - Started process (PID=759) to work on /opt/airflow/dags/reports_etl_dag.py
[2026-01-24T11:35:59.117+0000] {processor.py:830} INFO - Processing file /opt/airflow/dags/reports_etl_dag.py for tasks to queue
[2026-01-24T11:35:59.119+0000] {logging_mixin.py:188} INFO - [2026-01-24T11:35:59.118+0000] {dagbag.py:545} INFO - Filling up the DagBag from /opt/airflow/dags/reports_etl_dag.py
[2026-01-24T11:35:59.458+0000] {processor.py:840} INFO - DAG(s) 'reports_etl_dag' retrieved from /opt/airflow/dags/reports_etl_dag.py
[2026-01-24T11:35:59.509+0000] {logging_mixin.py:188} INFO - [2026-01-24T11:35:59.509+0000] {dag.py:3096} INFO - Sync 1 DAGs
[2026-01-24T11:35:59.739+0000] {logging_mixin.py:188} INFO - [2026-01-24T11:35:59.739+0000] {dag.py:3954} INFO - Setting next_dagrun for reports_etl_dag to 2026-01-24 11:33:00+00:00, run_after=2026-01-24 11:36:00+00:00
[2026-01-24T11:35:59.768+0000] {processor.py:183} INFO - Processing /opt/airflow/dags/reports_etl_dag.py took 0.573 seconds
[2026-01-24T11:36:30.038+0000] {processor.py:161} INFO - Started process (PID=778) to work on /opt/airflow/dags/reports_etl_dag.py
[2026-01-24T11:36:30.039+0000] {processor.py:830} INFO - Processing file /opt/airflow/dags/reports_etl_dag.py for tasks to queue
[2026-01-24T11:36:30.040+0000] {logging_mixin.py:188} INFO - [2026-01-24T11:36:30.040+0000] {dagbag.py:545} INFO - Filling up the DagBag from /opt/airflow/dags/reports_etl_dag.py
[2026-01-24T11:36:30.372+0000] {processor.py:840} INFO - DAG(s) 'reports_etl_dag' retrieved from /opt/airflow/dags/reports_etl_dag.py
[2026-01-24T11:36:30.506+0000] {logging_mixin.py:188} INFO - [2026-01-24T11:36:30.506+0000] {dag.py:3096} INFO - Sync 1 DAGs
[2026-01-24T11:36:30.531+0000] {logging_mixin.py:188} INFO - [2026-01-24T11:36:30.530+0000] {dag.py:3954} INFO - Setting next_dagrun for reports_etl_dag to 2026-01-24 11:36:00+00:00, run_after=2026-01-24 11:39:00+00:00
[2026-01-24T11:36:30.549+0000] {processor.py:183} INFO - Processing /opt/airflow/dags/reports_etl_dag.py took 0.516 seconds
[2026-01-24T11:37:00.883+0000] {processor.py:161} INFO - Started process (PID=791) to work on /opt/airflow/dags/reports_etl_dag.py
[2026-01-24T11:37:00.885+0000] {processor.py:830} INFO - Processing file /opt/airflow/dags/reports_etl_dag.py for tasks to queue
[2026-01-24T11:37:00.886+0000] {logging_mixin.py:188} INFO - [2026-01-24T11:37:00.886+0000] {dagbag.py:545} INFO - Filling up the DagBag from /opt/airflow/dags/reports_etl_dag.py
[2026-01-24T11:37:01.313+0000] {processor.py:840} INFO - DAG(s) 'reports_etl_dag' retrieved from /opt/airflow/dags/reports_etl_dag.py
[2026-01-24T11:37:01.347+0000] {logging_mixin.py:188} INFO - [2026-01-24T11:37:01.347+0000] {dag.py:3096} INFO - Sync 1 DAGs
[2026-01-24T11:37:01.371+0000] {logging_mixin.py:188} INFO - [2026-01-24T11:37:01.371+0000] {dag.py:3954} INFO - Setting next_dagrun for reports_etl_dag to 2026-01-24 11:36:00+00:00, run_after=2026-01-24 11:39:00+00:00
[2026-01-24T11:37:01.388+0000] {processor.py:183} INFO - Processing /opt/airflow/dags/reports_etl_dag.py took 0.510 seconds
[2026-01-24T11:37:31.642+0000] {processor.py:161} INFO - Started process (PID=808) to work on /opt/airflow/dags/reports_etl_dag.py
[2026-01-24T11:37:31.643+0000] {processor.py:830} INFO - Processing file /opt/airflow/dags/reports_etl_dag.py for tasks to queue
[2026-01-24T11:37:31.644+0000] {logging_mixin.py:188} INFO - [2026-01-24T11:37:31.644+0000] {dagbag.py:545} INFO - Filling up the DagBag from /opt/airflow/dags/reports_etl_dag.py
[2026-01-24T11:37:31.971+0000] {processor.py:840} INFO - DAG(s) 'reports_etl_dag' retrieved from /opt/airflow/dags/reports_etl_dag.py
[2026-01-24T11:37:32.108+0000] {logging_mixin.py:188} INFO - [2026-01-24T11:37:32.107+0000] {dag.py:3096} INFO - Sync 1 DAGs
[2026-01-24T11:37:32.132+0000] {logging_mixin.py:188} INFO - [2026-01-24T11:37:32.131+0000] {dag.py:3954} INFO - Setting next_dagrun for reports_etl_dag to 2026-01-24 11:36:00+00:00, run_after=2026-01-24 11:39:00+00:00
[2026-01-24T11:37:32.149+0000] {processor.py:183} INFO - Processing /opt/airflow/dags/reports_etl_dag.py took 0.513 seconds
[2026-01-24T11:38:02.468+0000] {processor.py:161} INFO - Started process (PID=824) to work on /opt/airflow/dags/reports_etl_dag.py
[2026-01-24T11:38:02.469+0000] {processor.py:830} INFO - Processing file /opt/airflow/dags/reports_etl_dag.py for tasks to queue
[2026-01-24T11:38:02.471+0000] {logging_mixin.py:188} INFO - [2026-01-24T11:38:02.471+0000] {dagbag.py:545} INFO - Filling up the DagBag from /opt/airflow/dags/reports_etl_dag.py
[2026-01-24T11:38:02.899+0000] {processor.py:840} INFO - DAG(s) 'reports_etl_dag' retrieved from /opt/airflow/dags/reports_etl_dag.py
[2026-01-24T11:38:02.932+0000] {logging_mixin.py:188} INFO - [2026-01-24T11:38:02.932+0000] {dag.py:3096} INFO - Sync 1 DAGs
[2026-01-24T11:38:02.955+0000] {logging_mixin.py:188} INFO - [2026-01-24T11:38:02.955+0000] {dag.py:3954} INFO - Setting next_dagrun for reports_etl_dag to 2026-01-24 11:36:00+00:00, run_after=2026-01-24 11:39:00+00:00
[2026-01-24T11:38:02.972+0000] {processor.py:183} INFO - Processing /opt/airflow/dags/reports_etl_dag.py took 0.510 seconds
[2026-01-24T11:38:33.219+0000] {processor.py:161} INFO - Started process (PID=837) to work on /opt/airflow/dags/reports_etl_dag.py
[2026-01-24T11:38:33.220+0000] {processor.py:830} INFO - Processing file /opt/airflow/dags/reports_etl_dag.py for tasks to queue
[2026-01-24T11:38:33.221+0000] {logging_mixin.py:188} INFO - [2026-01-24T11:38:33.221+0000] {dagbag.py:545} INFO - Filling up the DagBag from /opt/airflow/dags/reports_etl_dag.py
[2026-01-24T11:38:33.642+0000] {processor.py:840} INFO - DAG(s) 'reports_etl_dag' retrieved from /opt/airflow/dags/reports_etl_dag.py
[2026-01-24T11:38:33.675+0000] {logging_mixin.py:188} INFO - [2026-01-24T11:38:33.675+0000] {dag.py:3096} INFO - Sync 1 DAGs
[2026-01-24T11:38:33.700+0000] {logging_mixin.py:188} INFO - [2026-01-24T11:38:33.700+0000] {dag.py:3954} INFO - Setting next_dagrun for reports_etl_dag to 2026-01-24 11:36:00+00:00, run_after=2026-01-24 11:39:00+00:00
[2026-01-24T11:38:33.733+0000] {processor.py:183} INFO - Processing /opt/airflow/dags/reports_etl_dag.py took 0.520 seconds
[2026-01-24T11:39:04.023+0000] {processor.py:161} INFO - Started process (PID=856) to work on /opt/airflow/dags/reports_etl_dag.py
[2026-01-24T11:39:04.024+0000] {processor.py:830} INFO - Processing file /opt/airflow/dags/reports_etl_dag.py for tasks to queue
[2026-01-24T11:39:04.026+0000] {logging_mixin.py:188} INFO - [2026-01-24T11:39:04.026+0000] {dagbag.py:545} INFO - Filling up the DagBag from /opt/airflow/dags/reports_etl_dag.py
[2026-01-24T11:39:04.449+0000] {processor.py:840} INFO - DAG(s) 'reports_etl_dag' retrieved from /opt/airflow/dags/reports_etl_dag.py
[2026-01-24T11:39:04.486+0000] {logging_mixin.py:188} INFO - [2026-01-24T11:39:04.486+0000] {dag.py:3096} INFO - Sync 1 DAGs
[2026-01-24T11:39:04.510+0000] {logging_mixin.py:188} INFO - [2026-01-24T11:39:04.509+0000] {dag.py:3954} INFO - Setting next_dagrun for reports_etl_dag to 2026-01-24 11:39:00+00:00, run_after=2026-01-24 11:42:00+00:00
[2026-01-24T11:39:04.526+0000] {processor.py:183} INFO - Processing /opt/airflow/dags/reports_etl_dag.py took 0.509 seconds
[2026-01-24T11:39:34.827+0000] {processor.py:161} INFO - Started process (PID=869) to work on /opt/airflow/dags/reports_etl_dag.py
[2026-01-24T11:39:34.828+0000] {processor.py:830} INFO - Processing file /opt/airflow/dags/reports_etl_dag.py for tasks to queue
[2026-01-24T11:39:34.830+0000] {logging_mixin.py:188} INFO - [2026-01-24T11:39:34.830+0000] {dagbag.py:545} INFO - Filling up the DagBag from /opt/airflow/dags/reports_etl_dag.py
[2026-01-24T11:39:35.249+0000] {processor.py:840} INFO - DAG(s) 'reports_etl_dag' retrieved from /opt/airflow/dags/reports_etl_dag.py
[2026-01-24T11:39:35.288+0000] {logging_mixin.py:188} INFO - [2026-01-24T11:39:35.288+0000] {dag.py:3096} INFO - Sync 1 DAGs
[2026-01-24T11:39:35.316+0000] {logging_mixin.py:188} INFO - [2026-01-24T11:39:35.316+0000] {dag.py:3954} INFO - Setting next_dagrun for reports_etl_dag to 2026-01-24 11:39:00+00:00, run_after=2026-01-24 11:42:00+00:00
[2026-01-24T11:39:35.335+0000] {processor.py:183} INFO - Processing /opt/airflow/dags/reports_etl_dag.py took 0.513 seconds
[2026-01-24T11:40:05.621+0000] {processor.py:161} INFO - Started process (PID=885) to work on /opt/airflow/dags/reports_etl_dag.py
[2026-01-24T11:40:05.622+0000] {processor.py:830} INFO - Processing file /opt/airflow/dags/reports_etl_dag.py for tasks to queue
[2026-01-24T11:40:05.624+0000] {logging_mixin.py:188} INFO - [2026-01-24T11:40:05.624+0000] {dagbag.py:545} INFO - Filling up the DagBag from /opt/airflow/dags/reports_etl_dag.py
[2026-01-24T11:40:06.055+0000] {processor.py:840} INFO - DAG(s) 'reports_etl_dag' retrieved from /opt/airflow/dags/reports_etl_dag.py
[2026-01-24T11:40:06.091+0000] {logging_mixin.py:188} INFO - [2026-01-24T11:40:06.090+0000] {dag.py:3096} INFO - Sync 1 DAGs
[2026-01-24T11:40:06.114+0000] {logging_mixin.py:188} INFO - [2026-01-24T11:40:06.114+0000] {dag.py:3954} INFO - Setting next_dagrun for reports_etl_dag to 2026-01-24 11:39:00+00:00, run_after=2026-01-24 11:42:00+00:00
[2026-01-24T11:40:06.146+0000] {processor.py:183} INFO - Processing /opt/airflow/dags/reports_etl_dag.py took 0.530 seconds
[2026-01-24T11:40:36.406+0000] {processor.py:161} INFO - Started process (PID=898) to work on /opt/airflow/dags/reports_etl_dag.py
[2026-01-24T11:40:36.407+0000] {processor.py:830} INFO - Processing file /opt/airflow/dags/reports_etl_dag.py for tasks to queue
[2026-01-24T11:40:36.409+0000] {logging_mixin.py:188} INFO - [2026-01-24T11:40:36.409+0000] {dagbag.py:545} INFO - Filling up the DagBag from /opt/airflow/dags/reports_etl_dag.py
[2026-01-24T11:40:36.856+0000] {processor.py:840} INFO - DAG(s) 'reports_etl_dag' retrieved from /opt/airflow/dags/reports_etl_dag.py
[2026-01-24T11:40:36.890+0000] {logging_mixin.py:188} INFO - [2026-01-24T11:40:36.889+0000] {dag.py:3096} INFO - Sync 1 DAGs
[2026-01-24T11:40:36.912+0000] {logging_mixin.py:188} INFO - [2026-01-24T11:40:36.912+0000] {dag.py:3954} INFO - Setting next_dagrun for reports_etl_dag to 2026-01-24 11:39:00+00:00, run_after=2026-01-24 11:42:00+00:00
[2026-01-24T11:40:36.941+0000] {processor.py:183} INFO - Processing /opt/airflow/dags/reports_etl_dag.py took 0.544 seconds
[2026-01-24T11:41:07.307+0000] {processor.py:161} INFO - Started process (PID=914) to work on /opt/airflow/dags/reports_etl_dag.py
[2026-01-24T11:41:07.308+0000] {processor.py:830} INFO - Processing file /opt/airflow/dags/reports_etl_dag.py for tasks to queue
[2026-01-24T11:41:07.309+0000] {logging_mixin.py:188} INFO - [2026-01-24T11:41:07.309+0000] {dagbag.py:545} INFO - Filling up the DagBag from /opt/airflow/dags/reports_etl_dag.py
[2026-01-24T11:41:07.737+0000] {processor.py:840} INFO - DAG(s) 'reports_etl_dag' retrieved from /opt/airflow/dags/reports_etl_dag.py
[2026-01-24T11:41:07.774+0000] {logging_mixin.py:188} INFO - [2026-01-24T11:41:07.774+0000] {dag.py:3096} INFO - Sync 1 DAGs
[2026-01-24T11:41:07.796+0000] {logging_mixin.py:188} INFO - [2026-01-24T11:41:07.796+0000] {dag.py:3954} INFO - Setting next_dagrun for reports_etl_dag to 2026-01-24 11:39:00+00:00, run_after=2026-01-24 11:42:00+00:00
[2026-01-24T11:41:07.813+0000] {processor.py:183} INFO - Processing /opt/airflow/dags/reports_etl_dag.py took 0.512 seconds
[2026-01-24T11:41:37.954+0000] {processor.py:161} INFO - Started process (PID=927) to work on /opt/airflow/dags/reports_etl_dag.py
[2026-01-24T11:41:37.955+0000] {processor.py:830} INFO - Processing file /opt/airflow/dags/reports_etl_dag.py for tasks to queue
[2026-01-24T11:41:37.956+0000] {logging_mixin.py:188} INFO - [2026-01-24T11:41:37.956+0000] {dagbag.py:545} INFO - Filling up the DagBag from /opt/airflow/dags/reports_etl_dag.py
[2026-01-24T11:41:38.377+0000] {processor.py:840} INFO - DAG(s) 'reports_etl_dag' retrieved from /opt/airflow/dags/reports_etl_dag.py
[2026-01-24T11:41:38.413+0000] {logging_mixin.py:188} INFO - [2026-01-24T11:41:38.413+0000] {dag.py:3096} INFO - Sync 1 DAGs
[2026-01-24T11:41:38.436+0000] {logging_mixin.py:188} INFO - [2026-01-24T11:41:38.436+0000] {dag.py:3954} INFO - Setting next_dagrun for reports_etl_dag to 2026-01-24 11:39:00+00:00, run_after=2026-01-24 11:42:00+00:00
[2026-01-24T11:41:38.455+0000] {processor.py:183} INFO - Processing /opt/airflow/dags/reports_etl_dag.py took 0.507 seconds
[2026-01-24T11:42:08.745+0000] {processor.py:161} INFO - Started process (PID=946) to work on /opt/airflow/dags/reports_etl_dag.py
[2026-01-24T11:42:08.746+0000] {processor.py:830} INFO - Processing file /opt/airflow/dags/reports_etl_dag.py for tasks to queue
[2026-01-24T11:42:08.748+0000] {logging_mixin.py:188} INFO - [2026-01-24T11:42:08.747+0000] {dagbag.py:545} INFO - Filling up the DagBag from /opt/airflow/dags/reports_etl_dag.py
[2026-01-24T11:42:09.176+0000] {processor.py:840} INFO - DAG(s) 'reports_etl_dag' retrieved from /opt/airflow/dags/reports_etl_dag.py
[2026-01-24T11:42:09.210+0000] {logging_mixin.py:188} INFO - [2026-01-24T11:42:09.210+0000] {dag.py:3096} INFO - Sync 1 DAGs
[2026-01-24T11:42:09.234+0000] {logging_mixin.py:188} INFO - [2026-01-24T11:42:09.234+0000] {dag.py:3954} INFO - Setting next_dagrun for reports_etl_dag to 2026-01-24 11:42:00+00:00, run_after=2026-01-24 11:45:00+00:00
[2026-01-24T11:42:09.265+0000] {processor.py:183} INFO - Processing /opt/airflow/dags/reports_etl_dag.py took 0.526 seconds
[2026-01-24T11:42:39.583+0000] {processor.py:161} INFO - Started process (PID=959) to work on /opt/airflow/dags/reports_etl_dag.py
[2026-01-24T11:42:39.584+0000] {processor.py:830} INFO - Processing file /opt/airflow/dags/reports_etl_dag.py for tasks to queue
[2026-01-24T11:42:39.585+0000] {logging_mixin.py:188} INFO - [2026-01-24T11:42:39.585+0000] {dagbag.py:545} INFO - Filling up the DagBag from /opt/airflow/dags/reports_etl_dag.py
[2026-01-24T11:42:40.028+0000] {processor.py:840} INFO - DAG(s) 'reports_etl_dag' retrieved from /opt/airflow/dags/reports_etl_dag.py
[2026-01-24T11:42:40.062+0000] {logging_mixin.py:188} INFO - [2026-01-24T11:42:40.061+0000] {dag.py:3096} INFO - Sync 1 DAGs
[2026-01-24T11:42:40.085+0000] {logging_mixin.py:188} INFO - [2026-01-24T11:42:40.084+0000] {dag.py:3954} INFO - Setting next_dagrun for reports_etl_dag to 2026-01-24 11:42:00+00:00, run_after=2026-01-24 11:45:00+00:00
[2026-01-24T11:42:40.115+0000] {processor.py:183} INFO - Processing /opt/airflow/dags/reports_etl_dag.py took 0.538 seconds
[2026-01-24T11:43:10.318+0000] {processor.py:161} INFO - Started process (PID=975) to work on /opt/airflow/dags/reports_etl_dag.py
[2026-01-24T11:43:10.319+0000] {processor.py:830} INFO - Processing file /opt/airflow/dags/reports_etl_dag.py for tasks to queue
[2026-01-24T11:43:10.321+0000] {logging_mixin.py:188} INFO - [2026-01-24T11:43:10.321+0000] {dagbag.py:545} INFO - Filling up the DagBag from /opt/airflow/dags/reports_etl_dag.py
[2026-01-24T11:43:10.784+0000] {processor.py:840} INFO - DAG(s) 'reports_etl_dag' retrieved from /opt/airflow/dags/reports_etl_dag.py
[2026-01-24T11:43:10.816+0000] {logging_mixin.py:188} INFO - [2026-01-24T11:43:10.816+0000] {dag.py:3096} INFO - Sync 1 DAGs
[2026-01-24T11:43:10.840+0000] {logging_mixin.py:188} INFO - [2026-01-24T11:43:10.840+0000] {dag.py:3954} INFO - Setting next_dagrun for reports_etl_dag to 2026-01-24 11:42:00+00:00, run_after=2026-01-24 11:45:00+00:00
[2026-01-24T11:43:10.870+0000] {processor.py:183} INFO - Processing /opt/airflow/dags/reports_etl_dag.py took 0.557 seconds
[2026-01-24T11:43:41.184+0000] {processor.py:161} INFO - Started process (PID=988) to work on /opt/airflow/dags/reports_etl_dag.py
[2026-01-24T11:43:41.185+0000] {processor.py:830} INFO - Processing file /opt/airflow/dags/reports_etl_dag.py for tasks to queue
[2026-01-24T11:43:41.186+0000] {logging_mixin.py:188} INFO - [2026-01-24T11:43:41.186+0000] {dagbag.py:545} INFO - Filling up the DagBag from /opt/airflow/dags/reports_etl_dag.py
[2026-01-24T11:43:41.644+0000] {processor.py:840} INFO - DAG(s) 'reports_etl_dag' retrieved from /opt/airflow/dags/reports_etl_dag.py
[2026-01-24T11:43:41.683+0000] {logging_mixin.py:188} INFO - [2026-01-24T11:43:41.683+0000] {dag.py:3096} INFO - Sync 1 DAGs
[2026-01-24T11:43:41.707+0000] {logging_mixin.py:188} INFO - [2026-01-24T11:43:41.707+0000] {dag.py:3954} INFO - Setting next_dagrun for reports_etl_dag to 2026-01-24 11:42:00+00:00, run_after=2026-01-24 11:45:00+00:00
[2026-01-24T11:43:41.727+0000] {processor.py:183} INFO - Processing /opt/airflow/dags/reports_etl_dag.py took 0.549 seconds
[2026-01-24T11:44:11.984+0000] {processor.py:161} INFO - Started process (PID=1004) to work on /opt/airflow/dags/reports_etl_dag.py
[2026-01-24T11:44:11.985+0000] {processor.py:830} INFO - Processing file /opt/airflow/dags/reports_etl_dag.py for tasks to queue
[2026-01-24T11:44:11.986+0000] {logging_mixin.py:188} INFO - [2026-01-24T11:44:11.986+0000] {dagbag.py:545} INFO - Filling up the DagBag from /opt/airflow/dags/reports_etl_dag.py
[2026-01-24T11:44:12.411+0000] {processor.py:840} INFO - DAG(s) 'reports_etl_dag' retrieved from /opt/airflow/dags/reports_etl_dag.py
[2026-01-24T11:44:12.443+0000] {logging_mixin.py:188} INFO - [2026-01-24T11:44:12.442+0000] {dag.py:3096} INFO - Sync 1 DAGs
[2026-01-24T11:44:12.466+0000] {logging_mixin.py:188} INFO - [2026-01-24T11:44:12.466+0000] {dag.py:3954} INFO - Setting next_dagrun for reports_etl_dag to 2026-01-24 11:42:00+00:00, run_after=2026-01-24 11:45:00+00:00
[2026-01-24T11:44:12.497+0000] {processor.py:183} INFO - Processing /opt/airflow/dags/reports_etl_dag.py took 0.518 seconds
[2026-01-24T11:44:42.806+0000] {processor.py:161} INFO - Started process (PID=1017) to work on /opt/airflow/dags/reports_etl_dag.py
[2026-01-24T11:44:42.807+0000] {processor.py:830} INFO - Processing file /opt/airflow/dags/reports_etl_dag.py for tasks to queue
[2026-01-24T11:44:42.808+0000] {logging_mixin.py:188} INFO - [2026-01-24T11:44:42.808+0000] {dagbag.py:545} INFO - Filling up the DagBag from /opt/airflow/dags/reports_etl_dag.py
[2026-01-24T11:44:43.224+0000] {processor.py:840} INFO - DAG(s) 'reports_etl_dag' retrieved from /opt/airflow/dags/reports_etl_dag.py
[2026-01-24T11:44:43.258+0000] {logging_mixin.py:188} INFO - [2026-01-24T11:44:43.258+0000] {dag.py:3096} INFO - Sync 1 DAGs
[2026-01-24T11:44:43.282+0000] {logging_mixin.py:188} INFO - [2026-01-24T11:44:43.282+0000] {dag.py:3954} INFO - Setting next_dagrun for reports_etl_dag to 2026-01-24 11:42:00+00:00, run_after=2026-01-24 11:45:00+00:00
[2026-01-24T11:44:43.310+0000] {processor.py:183} INFO - Processing /opt/airflow/dags/reports_etl_dag.py took 0.510 seconds
[2026-01-24T11:45:13.575+0000] {processor.py:161} INFO - Started process (PID=1036) to work on /opt/airflow/dags/reports_etl_dag.py
[2026-01-24T11:45:13.576+0000] {processor.py:830} INFO - Processing file /opt/airflow/dags/reports_etl_dag.py for tasks to queue
[2026-01-24T11:45:13.578+0000] {logging_mixin.py:188} INFO - [2026-01-24T11:45:13.577+0000] {dagbag.py:545} INFO - Filling up the DagBag from /opt/airflow/dags/reports_etl_dag.py
[2026-01-24T11:45:13.997+0000] {processor.py:840} INFO - DAG(s) 'reports_etl_dag' retrieved from /opt/airflow/dags/reports_etl_dag.py
[2026-01-24T11:45:14.032+0000] {logging_mixin.py:188} INFO - [2026-01-24T11:45:14.031+0000] {dag.py:3096} INFO - Sync 1 DAGs
[2026-01-24T11:45:14.055+0000] {logging_mixin.py:188} INFO - [2026-01-24T11:45:14.055+0000] {dag.py:3954} INFO - Setting next_dagrun for reports_etl_dag to 2026-01-24 11:45:00+00:00, run_after=2026-01-24 11:48:00+00:00
[2026-01-24T11:45:14.085+0000] {processor.py:183} INFO - Processing /opt/airflow/dags/reports_etl_dag.py took 0.515 seconds
[2026-01-24T11:45:44.370+0000] {processor.py:161} INFO - Started process (PID=1049) to work on /opt/airflow/dags/reports_etl_dag.py
[2026-01-24T11:45:44.371+0000] {processor.py:830} INFO - Processing file /opt/airflow/dags/reports_etl_dag.py for tasks to queue
[2026-01-24T11:45:44.372+0000] {logging_mixin.py:188} INFO - [2026-01-24T11:45:44.372+0000] {dagbag.py:545} INFO - Filling up the DagBag from /opt/airflow/dags/reports_etl_dag.py
[2026-01-24T11:45:44.790+0000] {processor.py:840} INFO - DAG(s) 'reports_etl_dag' retrieved from /opt/airflow/dags/reports_etl_dag.py
[2026-01-24T11:45:44.823+0000] {logging_mixin.py:188} INFO - [2026-01-24T11:45:44.823+0000] {dag.py:3096} INFO - Sync 1 DAGs
[2026-01-24T11:45:44.846+0000] {logging_mixin.py:188} INFO - [2026-01-24T11:45:44.846+0000] {dag.py:3954} INFO - Setting next_dagrun for reports_etl_dag to 2026-01-24 11:45:00+00:00, run_after=2026-01-24 11:48:00+00:00
[2026-01-24T11:45:44.864+0000] {processor.py:183} INFO - Processing /opt/airflow/dags/reports_etl_dag.py took 0.500 seconds
[2026-01-24T11:46:15.197+0000] {processor.py:161} INFO - Started process (PID=1065) to work on /opt/airflow/dags/reports_etl_dag.py
[2026-01-24T11:46:15.197+0000] {processor.py:830} INFO - Processing file /opt/airflow/dags/reports_etl_dag.py for tasks to queue
[2026-01-24T11:46:15.199+0000] {logging_mixin.py:188} INFO - [2026-01-24T11:46:15.199+0000] {dagbag.py:545} INFO - Filling up the DagBag from /opt/airflow/dags/reports_etl_dag.py
[2026-01-24T11:46:15.623+0000] {processor.py:840} INFO - DAG(s) 'reports_etl_dag' retrieved from /opt/airflow/dags/reports_etl_dag.py
[2026-01-24T11:46:15.659+0000] {logging_mixin.py:188} INFO - [2026-01-24T11:46:15.658+0000] {dag.py:3096} INFO - Sync 1 DAGs
[2026-01-24T11:46:15.683+0000] {logging_mixin.py:188} INFO - [2026-01-24T11:46:15.683+0000] {dag.py:3954} INFO - Setting next_dagrun for reports_etl_dag to 2026-01-24 11:45:00+00:00, run_after=2026-01-24 11:48:00+00:00
[2026-01-24T11:46:15.703+0000] {processor.py:183} INFO - Processing /opt/airflow/dags/reports_etl_dag.py took 0.512 seconds
[2026-01-24T11:46:45.988+0000] {processor.py:161} INFO - Started process (PID=1078) to work on /opt/airflow/dags/reports_etl_dag.py
[2026-01-24T11:46:45.989+0000] {processor.py:830} INFO - Processing file /opt/airflow/dags/reports_etl_dag.py for tasks to queue
[2026-01-24T11:46:45.991+0000] {logging_mixin.py:188} INFO - [2026-01-24T11:46:45.990+0000] {dagbag.py:545} INFO - Filling up the DagBag from /opt/airflow/dags/reports_etl_dag.py
[2026-01-24T11:46:46.427+0000] {processor.py:840} INFO - DAG(s) 'reports_etl_dag' retrieved from /opt/airflow/dags/reports_etl_dag.py
[2026-01-24T11:46:46.465+0000] {logging_mixin.py:188} INFO - [2026-01-24T11:46:46.465+0000] {dag.py:3096} INFO - Sync 1 DAGs
[2026-01-24T11:46:46.490+0000] {logging_mixin.py:188} INFO - [2026-01-24T11:46:46.490+0000] {dag.py:3954} INFO - Setting next_dagrun for reports_etl_dag to 2026-01-24 11:45:00+00:00, run_after=2026-01-24 11:48:00+00:00
[2026-01-24T11:46:46.508+0000] {processor.py:183} INFO - Processing /opt/airflow/dags/reports_etl_dag.py took 0.526 seconds
[2026-01-24T11:47:16.708+0000] {processor.py:161} INFO - Started process (PID=1094) to work on /opt/airflow/dags/reports_etl_dag.py
[2026-01-24T11:47:16.709+0000] {processor.py:830} INFO - Processing file /opt/airflow/dags/reports_etl_dag.py for tasks to queue
[2026-01-24T11:47:16.711+0000] {logging_mixin.py:188} INFO - [2026-01-24T11:47:16.711+0000] {dagbag.py:545} INFO - Filling up the DagBag from /opt/airflow/dags/reports_etl_dag.py
[2026-01-24T11:47:17.147+0000] {processor.py:840} INFO - DAG(s) 'reports_etl_dag' retrieved from /opt/airflow/dags/reports_etl_dag.py
[2026-01-24T11:47:17.184+0000] {logging_mixin.py:188} INFO - [2026-01-24T11:47:17.183+0000] {dag.py:3096} INFO - Sync 1 DAGs
[2026-01-24T11:47:17.213+0000] {logging_mixin.py:188} INFO - [2026-01-24T11:47:17.212+0000] {dag.py:3954} INFO - Setting next_dagrun for reports_etl_dag to 2026-01-24 11:45:00+00:00, run_after=2026-01-24 11:48:00+00:00
[2026-01-24T11:47:17.230+0000] {processor.py:183} INFO - Processing /opt/airflow/dags/reports_etl_dag.py took 0.527 seconds
[2026-01-24T11:47:47.515+0000] {processor.py:161} INFO - Started process (PID=1107) to work on /opt/airflow/dags/reports_etl_dag.py
[2026-01-24T11:47:47.516+0000] {processor.py:830} INFO - Processing file /opt/airflow/dags/reports_etl_dag.py for tasks to queue
[2026-01-24T11:47:47.518+0000] {logging_mixin.py:188} INFO - [2026-01-24T11:47:47.517+0000] {dagbag.py:545} INFO - Filling up the DagBag from /opt/airflow/dags/reports_etl_dag.py
[2026-01-24T11:47:47.949+0000] {processor.py:840} INFO - DAG(s) 'reports_etl_dag' retrieved from /opt/airflow/dags/reports_etl_dag.py
[2026-01-24T11:47:47.984+0000] {logging_mixin.py:188} INFO - [2026-01-24T11:47:47.984+0000] {dag.py:3096} INFO - Sync 1 DAGs
[2026-01-24T11:47:48.009+0000] {logging_mixin.py:188} INFO - [2026-01-24T11:47:48.009+0000] {dag.py:3954} INFO - Setting next_dagrun for reports_etl_dag to 2026-01-24 11:45:00+00:00, run_after=2026-01-24 11:48:00+00:00
[2026-01-24T11:47:48.028+0000] {processor.py:183} INFO - Processing /opt/airflow/dags/reports_etl_dag.py took 0.518 seconds
[2026-01-24T11:48:18.294+0000] {processor.py:161} INFO - Started process (PID=1126) to work on /opt/airflow/dags/reports_etl_dag.py
[2026-01-24T11:48:18.295+0000] {processor.py:830} INFO - Processing file /opt/airflow/dags/reports_etl_dag.py for tasks to queue
[2026-01-24T11:48:18.296+0000] {logging_mixin.py:188} INFO - [2026-01-24T11:48:18.296+0000] {dagbag.py:545} INFO - Filling up the DagBag from /opt/airflow/dags/reports_etl_dag.py
[2026-01-24T11:48:18.718+0000] {processor.py:840} INFO - DAG(s) 'reports_etl_dag' retrieved from /opt/airflow/dags/reports_etl_dag.py
[2026-01-24T11:48:18.753+0000] {logging_mixin.py:188} INFO - [2026-01-24T11:48:18.752+0000] {dag.py:3096} INFO - Sync 1 DAGs
[2026-01-24T11:48:18.776+0000] {logging_mixin.py:188} INFO - [2026-01-24T11:48:18.775+0000] {dag.py:3954} INFO - Setting next_dagrun for reports_etl_dag to 2026-01-24 11:48:00+00:00, run_after=2026-01-24 11:51:00+00:00
[2026-01-24T11:48:18.806+0000] {processor.py:183} INFO - Processing /opt/airflow/dags/reports_etl_dag.py took 0.517 seconds
[2026-01-24T11:48:49.099+0000] {processor.py:161} INFO - Started process (PID=1139) to work on /opt/airflow/dags/reports_etl_dag.py
[2026-01-24T11:48:49.100+0000] {processor.py:830} INFO - Processing file /opt/airflow/dags/reports_etl_dag.py for tasks to queue
[2026-01-24T11:48:49.102+0000] {logging_mixin.py:188} INFO - [2026-01-24T11:48:49.101+0000] {dagbag.py:545} INFO - Filling up the DagBag from /opt/airflow/dags/reports_etl_dag.py
[2026-01-24T11:48:49.526+0000] {processor.py:840} INFO - DAG(s) 'reports_etl_dag' retrieved from /opt/airflow/dags/reports_etl_dag.py
[2026-01-24T11:48:49.561+0000] {logging_mixin.py:188} INFO - [2026-01-24T11:48:49.560+0000] {dag.py:3096} INFO - Sync 1 DAGs
[2026-01-24T11:48:49.597+0000] {logging_mixin.py:188} INFO - [2026-01-24T11:48:49.597+0000] {dag.py:3954} INFO - Setting next_dagrun for reports_etl_dag to 2026-01-24 11:48:00+00:00, run_after=2026-01-24 11:51:00+00:00
[2026-01-24T11:48:49.616+0000] {processor.py:183} INFO - Processing /opt/airflow/dags/reports_etl_dag.py took 0.523 seconds
[2026-01-24T11:49:19.876+0000] {processor.py:161} INFO - Started process (PID=1155) to work on /opt/airflow/dags/reports_etl_dag.py
[2026-01-24T11:49:19.878+0000] {processor.py:830} INFO - Processing file /opt/airflow/dags/reports_etl_dag.py for tasks to queue
[2026-01-24T11:49:19.880+0000] {logging_mixin.py:188} INFO - [2026-01-24T11:49:19.880+0000] {dagbag.py:545} INFO - Filling up the DagBag from /opt/airflow/dags/reports_etl_dag.py
[2026-01-24T11:49:20.326+0000] {processor.py:840} INFO - DAG(s) 'reports_etl_dag' retrieved from /opt/airflow/dags/reports_etl_dag.py
[2026-01-24T11:49:20.361+0000] {logging_mixin.py:188} INFO - [2026-01-24T11:49:20.360+0000] {dag.py:3096} INFO - Sync 1 DAGs
[2026-01-24T11:49:20.387+0000] {logging_mixin.py:188} INFO - [2026-01-24T11:49:20.387+0000] {dag.py:3954} INFO - Setting next_dagrun for reports_etl_dag to 2026-01-24 11:48:00+00:00, run_after=2026-01-24 11:51:00+00:00
[2026-01-24T11:49:20.420+0000] {processor.py:183} INFO - Processing /opt/airflow/dags/reports_etl_dag.py took 0.549 seconds
[2026-01-24T11:49:50.753+0000] {processor.py:161} INFO - Started process (PID=1168) to work on /opt/airflow/dags/reports_etl_dag.py
[2026-01-24T11:49:50.754+0000] {processor.py:830} INFO - Processing file /opt/airflow/dags/reports_etl_dag.py for tasks to queue
[2026-01-24T11:49:50.755+0000] {logging_mixin.py:188} INFO - [2026-01-24T11:49:50.755+0000] {dagbag.py:545} INFO - Filling up the DagBag from /opt/airflow/dags/reports_etl_dag.py
[2026-01-24T11:49:51.184+0000] {processor.py:840} INFO - DAG(s) 'reports_etl_dag' retrieved from /opt/airflow/dags/reports_etl_dag.py
[2026-01-24T11:49:51.218+0000] {logging_mixin.py:188} INFO - [2026-01-24T11:49:51.218+0000] {dag.py:3096} INFO - Sync 1 DAGs
[2026-01-24T11:49:51.242+0000] {logging_mixin.py:188} INFO - [2026-01-24T11:49:51.242+0000] {dag.py:3954} INFO - Setting next_dagrun for reports_etl_dag to 2026-01-24 11:48:00+00:00, run_after=2026-01-24 11:51:00+00:00
[2026-01-24T11:49:51.259+0000] {processor.py:183} INFO - Processing /opt/airflow/dags/reports_etl_dag.py took 0.512 seconds
[2026-01-24T11:50:21.437+0000] {processor.py:161} INFO - Started process (PID=1184) to work on /opt/airflow/dags/reports_etl_dag.py
[2026-01-24T11:50:21.438+0000] {processor.py:830} INFO - Processing file /opt/airflow/dags/reports_etl_dag.py for tasks to queue
[2026-01-24T11:50:21.440+0000] {logging_mixin.py:188} INFO - [2026-01-24T11:50:21.440+0000] {dagbag.py:545} INFO - Filling up the DagBag from /opt/airflow/dags/reports_etl_dag.py
[2026-01-24T11:50:21.872+0000] {processor.py:840} INFO - DAG(s) 'reports_etl_dag' retrieved from /opt/airflow/dags/reports_etl_dag.py
[2026-01-24T11:50:21.906+0000] {logging_mixin.py:188} INFO - [2026-01-24T11:50:21.906+0000] {dag.py:3096} INFO - Sync 1 DAGs
[2026-01-24T11:50:21.928+0000] {logging_mixin.py:188} INFO - [2026-01-24T11:50:21.928+0000] {dag.py:3954} INFO - Setting next_dagrun for reports_etl_dag to 2026-01-24 11:48:00+00:00, run_after=2026-01-24 11:51:00+00:00
[2026-01-24T11:50:21.946+0000] {processor.py:183} INFO - Processing /opt/airflow/dags/reports_etl_dag.py took 0.515 seconds
[2026-01-24T11:50:52.225+0000] {processor.py:161} INFO - Started process (PID=1197) to work on /opt/airflow/dags/reports_etl_dag.py
[2026-01-24T11:50:52.226+0000] {processor.py:830} INFO - Processing file /opt/airflow/dags/reports_etl_dag.py for tasks to queue
[2026-01-24T11:50:52.227+0000] {logging_mixin.py:188} INFO - [2026-01-24T11:50:52.227+0000] {dagbag.py:545} INFO - Filling up the DagBag from /opt/airflow/dags/reports_etl_dag.py
[2026-01-24T11:50:52.689+0000] {processor.py:840} INFO - DAG(s) 'reports_etl_dag' retrieved from /opt/airflow/dags/reports_etl_dag.py
[2026-01-24T11:50:52.729+0000] {logging_mixin.py:188} INFO - [2026-01-24T11:50:52.728+0000] {dag.py:3096} INFO - Sync 1 DAGs
[2026-01-24T11:50:52.755+0000] {logging_mixin.py:188} INFO - [2026-01-24T11:50:52.755+0000] {dag.py:3954} INFO - Setting next_dagrun for reports_etl_dag to 2026-01-24 11:48:00+00:00, run_after=2026-01-24 11:51:00+00:00
[2026-01-24T11:50:52.785+0000] {processor.py:183} INFO - Processing /opt/airflow/dags/reports_etl_dag.py took 0.566 seconds
[2026-01-24T11:51:23.023+0000] {processor.py:161} INFO - Started process (PID=1209) to work on /opt/airflow/dags/reports_etl_dag.py
[2026-01-24T11:51:23.024+0000] {processor.py:830} INFO - Processing file /opt/airflow/dags/reports_etl_dag.py for tasks to queue
[2026-01-24T11:51:23.025+0000] {logging_mixin.py:188} INFO - [2026-01-24T11:51:23.025+0000] {dagbag.py:545} INFO - Filling up the DagBag from /opt/airflow/dags/reports_etl_dag.py
[2026-01-24T11:51:23.455+0000] {processor.py:840} INFO - DAG(s) 'reports_etl_dag' retrieved from /opt/airflow/dags/reports_etl_dag.py
[2026-01-24T11:51:23.494+0000] {logging_mixin.py:188} INFO - [2026-01-24T11:51:23.493+0000] {dag.py:3096} INFO - Sync 1 DAGs
[2026-01-24T11:51:23.517+0000] {logging_mixin.py:188} INFO - [2026-01-24T11:51:23.517+0000] {dag.py:3954} INFO - Setting next_dagrun for reports_etl_dag to 2026-01-24 11:51:00+00:00, run_after=2026-01-24 11:54:00+00:00
[2026-01-24T11:51:23.535+0000] {processor.py:183} INFO - Processing /opt/airflow/dags/reports_etl_dag.py took 0.518 seconds
[2026-01-24T11:51:53.831+0000] {processor.py:161} INFO - Started process (PID=1222) to work on /opt/airflow/dags/reports_etl_dag.py
[2026-01-24T11:51:53.832+0000] {processor.py:830} INFO - Processing file /opt/airflow/dags/reports_etl_dag.py for tasks to queue
[2026-01-24T11:51:53.834+0000] {logging_mixin.py:188} INFO - [2026-01-24T11:51:53.833+0000] {dagbag.py:545} INFO - Filling up the DagBag from /opt/airflow/dags/reports_etl_dag.py
[2026-01-24T11:51:54.254+0000] {processor.py:840} INFO - DAG(s) 'reports_etl_dag' retrieved from /opt/airflow/dags/reports_etl_dag.py
[2026-01-24T11:51:54.289+0000] {logging_mixin.py:188} INFO - [2026-01-24T11:51:54.289+0000] {dag.py:3096} INFO - Sync 1 DAGs
[2026-01-24T11:51:54.313+0000] {logging_mixin.py:188} INFO - [2026-01-24T11:51:54.313+0000] {dag.py:3954} INFO - Setting next_dagrun for reports_etl_dag to 2026-01-24 11:51:00+00:00, run_after=2026-01-24 11:54:00+00:00
[2026-01-24T11:51:54.344+0000] {processor.py:183} INFO - Processing /opt/airflow/dags/reports_etl_dag.py took 0.518 seconds
[2026-01-24T11:52:24.538+0000] {processor.py:161} INFO - Started process (PID=1238) to work on /opt/airflow/dags/reports_etl_dag.py
[2026-01-24T11:52:24.539+0000] {processor.py:830} INFO - Processing file /opt/airflow/dags/reports_etl_dag.py for tasks to queue
[2026-01-24T11:52:24.540+0000] {logging_mixin.py:188} INFO - [2026-01-24T11:52:24.540+0000] {dagbag.py:545} INFO - Filling up the DagBag from /opt/airflow/dags/reports_etl_dag.py
[2026-01-24T11:52:24.959+0000] {processor.py:840} INFO - DAG(s) 'reports_etl_dag' retrieved from /opt/airflow/dags/reports_etl_dag.py
[2026-01-24T11:52:24.994+0000] {logging_mixin.py:188} INFO - [2026-01-24T11:52:24.994+0000] {dag.py:3096} INFO - Sync 1 DAGs
[2026-01-24T11:52:25.019+0000] {logging_mixin.py:188} INFO - [2026-01-24T11:52:25.018+0000] {dag.py:3954} INFO - Setting next_dagrun for reports_etl_dag to 2026-01-24 11:51:00+00:00, run_after=2026-01-24 11:54:00+00:00
[2026-01-24T11:52:25.049+0000] {processor.py:183} INFO - Processing /opt/airflow/dags/reports_etl_dag.py took 0.517 seconds
[2026-01-24T11:52:55.391+0000] {processor.py:161} INFO - Started process (PID=1251) to work on /opt/airflow/dags/reports_etl_dag.py
[2026-01-24T11:52:55.392+0000] {processor.py:830} INFO - Processing file /opt/airflow/dags/reports_etl_dag.py for tasks to queue
[2026-01-24T11:52:55.393+0000] {logging_mixin.py:188} INFO - [2026-01-24T11:52:55.393+0000] {dagbag.py:545} INFO - Filling up the DagBag from /opt/airflow/dags/reports_etl_dag.py
[2026-01-24T11:52:55.811+0000] {processor.py:840} INFO - DAG(s) 'reports_etl_dag' retrieved from /opt/airflow/dags/reports_etl_dag.py
[2026-01-24T11:52:55.845+0000] {logging_mixin.py:188} INFO - [2026-01-24T11:52:55.844+0000] {dag.py:3096} INFO - Sync 1 DAGs
[2026-01-24T11:52:55.869+0000] {logging_mixin.py:188} INFO - [2026-01-24T11:52:55.869+0000] {dag.py:3954} INFO - Setting next_dagrun for reports_etl_dag to 2026-01-24 11:51:00+00:00, run_after=2026-01-24 11:54:00+00:00
[2026-01-24T11:52:55.899+0000] {processor.py:183} INFO - Processing /opt/airflow/dags/reports_etl_dag.py took 0.514 seconds
[2026-01-24T11:53:26.180+0000] {processor.py:161} INFO - Started process (PID=1267) to work on /opt/airflow/dags/reports_etl_dag.py
[2026-01-24T11:53:26.180+0000] {processor.py:830} INFO - Processing file /opt/airflow/dags/reports_etl_dag.py for tasks to queue
[2026-01-24T11:53:26.182+0000] {logging_mixin.py:188} INFO - [2026-01-24T11:53:26.182+0000] {dagbag.py:545} INFO - Filling up the DagBag from /opt/airflow/dags/reports_etl_dag.py
[2026-01-24T11:53:26.601+0000] {processor.py:840} INFO - DAG(s) 'reports_etl_dag' retrieved from /opt/airflow/dags/reports_etl_dag.py
[2026-01-24T11:53:26.637+0000] {logging_mixin.py:188} INFO - [2026-01-24T11:53:26.636+0000] {dag.py:3096} INFO - Sync 1 DAGs
[2026-01-24T11:53:26.660+0000] {logging_mixin.py:188} INFO - [2026-01-24T11:53:26.659+0000] {dag.py:3954} INFO - Setting next_dagrun for reports_etl_dag to 2026-01-24 11:51:00+00:00, run_after=2026-01-24 11:54:00+00:00
[2026-01-24T11:53:26.680+0000] {processor.py:183} INFO - Processing /opt/airflow/dags/reports_etl_dag.py took 0.505 seconds
[2026-01-24T11:53:56.994+0000] {processor.py:161} INFO - Started process (PID=1280) to work on /opt/airflow/dags/reports_etl_dag.py
[2026-01-24T11:53:57.000+0000] {processor.py:830} INFO - Processing file /opt/airflow/dags/reports_etl_dag.py for tasks to queue
[2026-01-24T11:53:57.001+0000] {logging_mixin.py:188} INFO - [2026-01-24T11:53:57.001+0000] {dagbag.py:545} INFO - Filling up the DagBag from /opt/airflow/dags/reports_etl_dag.py
[2026-01-24T11:53:57.450+0000] {processor.py:840} INFO - DAG(s) 'reports_etl_dag' retrieved from /opt/airflow/dags/reports_etl_dag.py
[2026-01-24T11:53:57.486+0000] {logging_mixin.py:188} INFO - [2026-01-24T11:53:57.485+0000] {dag.py:3096} INFO - Sync 1 DAGs
[2026-01-24T11:53:57.510+0000] {logging_mixin.py:188} INFO - [2026-01-24T11:53:57.510+0000] {dag.py:3954} INFO - Setting next_dagrun for reports_etl_dag to 2026-01-24 11:51:00+00:00, run_after=2026-01-24 11:54:00+00:00
[2026-01-24T11:53:57.529+0000] {processor.py:183} INFO - Processing /opt/airflow/dags/reports_etl_dag.py took 0.541 seconds
[2026-01-24T11:54:27.741+0000] {processor.py:161} INFO - Started process (PID=1299) to work on /opt/airflow/dags/reports_etl_dag.py
[2026-01-24T11:54:27.742+0000] {processor.py:830} INFO - Processing file /opt/airflow/dags/reports_etl_dag.py for tasks to queue
[2026-01-24T11:54:27.743+0000] {logging_mixin.py:188} INFO - [2026-01-24T11:54:27.743+0000] {dagbag.py:545} INFO - Filling up the DagBag from /opt/airflow/dags/reports_etl_dag.py
[2026-01-24T11:54:28.190+0000] {processor.py:840} INFO - DAG(s) 'reports_etl_dag' retrieved from /opt/airflow/dags/reports_etl_dag.py
[2026-01-24T11:54:28.223+0000] {logging_mixin.py:188} INFO - [2026-01-24T11:54:28.223+0000] {dag.py:3096} INFO - Sync 1 DAGs
[2026-01-24T11:54:28.250+0000] {logging_mixin.py:188} INFO - [2026-01-24T11:54:28.250+0000] {dag.py:3954} INFO - Setting next_dagrun for reports_etl_dag to 2026-01-24 11:54:00+00:00, run_after=2026-01-24 11:57:00+00:00
[2026-01-24T11:54:28.281+0000] {processor.py:183} INFO - Processing /opt/airflow/dags/reports_etl_dag.py took 0.546 seconds
[2026-01-24T11:54:58.572+0000] {processor.py:161} INFO - Started process (PID=1312) to work on /opt/airflow/dags/reports_etl_dag.py
[2026-01-24T11:54:58.573+0000] {processor.py:830} INFO - Processing file /opt/airflow/dags/reports_etl_dag.py for tasks to queue
[2026-01-24T11:54:58.574+0000] {logging_mixin.py:188} INFO - [2026-01-24T11:54:58.574+0000] {dagbag.py:545} INFO - Filling up the DagBag from /opt/airflow/dags/reports_etl_dag.py
[2026-01-24T11:54:58.999+0000] {processor.py:840} INFO - DAG(s) 'reports_etl_dag' retrieved from /opt/airflow/dags/reports_etl_dag.py
[2026-01-24T11:54:59.035+0000] {logging_mixin.py:188} INFO - [2026-01-24T11:54:59.035+0000] {dag.py:3096} INFO - Sync 1 DAGs
[2026-01-24T11:54:59.059+0000] {logging_mixin.py:188} INFO - [2026-01-24T11:54:59.059+0000] {dag.py:3954} INFO - Setting next_dagrun for reports_etl_dag to 2026-01-24 11:54:00+00:00, run_after=2026-01-24 11:57:00+00:00
[2026-01-24T11:54:59.077+0000] {processor.py:183} INFO - Processing /opt/airflow/dags/reports_etl_dag.py took 0.511 seconds
[2026-01-24T11:55:29.293+0000] {processor.py:161} INFO - Started process (PID=1328) to work on /opt/airflow/dags/reports_etl_dag.py
[2026-01-24T11:55:29.294+0000] {processor.py:830} INFO - Processing file /opt/airflow/dags/reports_etl_dag.py for tasks to queue
[2026-01-24T11:55:29.295+0000] {logging_mixin.py:188} INFO - [2026-01-24T11:55:29.295+0000] {dagbag.py:545} INFO - Filling up the DagBag from /opt/airflow/dags/reports_etl_dag.py
[2026-01-24T11:55:29.721+0000] {processor.py:840} INFO - DAG(s) 'reports_etl_dag' retrieved from /opt/airflow/dags/reports_etl_dag.py
[2026-01-24T11:55:29.755+0000] {logging_mixin.py:188} INFO - [2026-01-24T11:55:29.755+0000] {dag.py:3096} INFO - Sync 1 DAGs
[2026-01-24T11:55:29.781+0000] {logging_mixin.py:188} INFO - [2026-01-24T11:55:29.780+0000] {dag.py:3954} INFO - Setting next_dagrun for reports_etl_dag to 2026-01-24 11:54:00+00:00, run_after=2026-01-24 11:57:00+00:00
[2026-01-24T11:55:29.809+0000] {processor.py:183} INFO - Processing /opt/airflow/dags/reports_etl_dag.py took 0.522 seconds
[2026-01-24T11:56:00.108+0000] {processor.py:161} INFO - Started process (PID=1341) to work on /opt/airflow/dags/reports_etl_dag.py
[2026-01-24T11:56:00.109+0000] {processor.py:830} INFO - Processing file /opt/airflow/dags/reports_etl_dag.py for tasks to queue
[2026-01-24T11:56:00.110+0000] {logging_mixin.py:188} INFO - [2026-01-24T11:56:00.110+0000] {dagbag.py:545} INFO - Filling up the DagBag from /opt/airflow/dags/reports_etl_dag.py
[2026-01-24T11:56:00.561+0000] {processor.py:840} INFO - DAG(s) 'reports_etl_dag' retrieved from /opt/airflow/dags/reports_etl_dag.py
[2026-01-24T11:56:00.598+0000] {logging_mixin.py:188} INFO - [2026-01-24T11:56:00.598+0000] {dag.py:3096} INFO - Sync 1 DAGs
[2026-01-24T11:56:00.624+0000] {logging_mixin.py:188} INFO - [2026-01-24T11:56:00.624+0000] {dag.py:3954} INFO - Setting next_dagrun for reports_etl_dag to 2026-01-24 11:54:00+00:00, run_after=2026-01-24 11:57:00+00:00
[2026-01-24T11:56:00.657+0000] {processor.py:183} INFO - Processing /opt/airflow/dags/reports_etl_dag.py took 0.556 seconds
[2026-01-24T11:56:30.885+0000] {processor.py:161} INFO - Started process (PID=1357) to work on /opt/airflow/dags/reports_etl_dag.py
[2026-01-24T11:56:30.886+0000] {processor.py:830} INFO - Processing file /opt/airflow/dags/reports_etl_dag.py for tasks to queue
[2026-01-24T11:56:30.887+0000] {logging_mixin.py:188} INFO - [2026-01-24T11:56:30.887+0000] {dagbag.py:545} INFO - Filling up the DagBag from /opt/airflow/dags/reports_etl_dag.py
[2026-01-24T11:56:31.305+0000] {processor.py:840} INFO - DAG(s) 'reports_etl_dag' retrieved from /opt/airflow/dags/reports_etl_dag.py
[2026-01-24T11:56:31.340+0000] {logging_mixin.py:188} INFO - [2026-01-24T11:56:31.340+0000] {dag.py:3096} INFO - Sync 1 DAGs
[2026-01-24T11:56:31.364+0000] {logging_mixin.py:188} INFO - [2026-01-24T11:56:31.364+0000] {dag.py:3954} INFO - Setting next_dagrun for reports_etl_dag to 2026-01-24 11:54:00+00:00, run_after=2026-01-24 11:57:00+00:00
[2026-01-24T11:56:31.383+0000] {processor.py:183} INFO - Processing /opt/airflow/dags/reports_etl_dag.py took 0.504 seconds
[2026-01-24T11:57:01.663+0000] {processor.py:161} INFO - Started process (PID=1376) to work on /opt/airflow/dags/reports_etl_dag.py
[2026-01-24T11:57:01.664+0000] {processor.py:830} INFO - Processing file /opt/airflow/dags/reports_etl_dag.py for tasks to queue
[2026-01-24T11:57:01.666+0000] {logging_mixin.py:188} INFO - [2026-01-24T11:57:01.666+0000] {dagbag.py:545} INFO - Filling up the DagBag from /opt/airflow/dags/reports_etl_dag.py
[2026-01-24T11:57:02.130+0000] {processor.py:840} INFO - DAG(s) 'reports_etl_dag' retrieved from /opt/airflow/dags/reports_etl_dag.py
[2026-01-24T11:57:02.167+0000] {logging_mixin.py:188} INFO - [2026-01-24T11:57:02.166+0000] {dag.py:3096} INFO - Sync 1 DAGs
[2026-01-24T11:57:02.190+0000] {logging_mixin.py:188} INFO - [2026-01-24T11:57:02.190+0000] {dag.py:3954} INFO - Setting next_dagrun for reports_etl_dag to 2026-01-24 11:57:00+00:00, run_after=2026-01-24 12:00:00+00:00
[2026-01-24T11:57:02.219+0000] {processor.py:183} INFO - Processing /opt/airflow/dags/reports_etl_dag.py took 0.565 seconds
[2026-01-24T11:57:32.557+0000] {processor.py:161} INFO - Started process (PID=1389) to work on /opt/airflow/dags/reports_etl_dag.py
[2026-01-24T11:57:32.558+0000] {processor.py:830} INFO - Processing file /opt/airflow/dags/reports_etl_dag.py for tasks to queue
[2026-01-24T11:57:32.559+0000] {logging_mixin.py:188} INFO - [2026-01-24T11:57:32.559+0000] {dagbag.py:545} INFO - Filling up the DagBag from /opt/airflow/dags/reports_etl_dag.py
[2026-01-24T11:57:32.973+0000] {processor.py:840} INFO - DAG(s) 'reports_etl_dag' retrieved from /opt/airflow/dags/reports_etl_dag.py
[2026-01-24T11:57:33.008+0000] {logging_mixin.py:188} INFO - [2026-01-24T11:57:33.008+0000] {dag.py:3096} INFO - Sync 1 DAGs
[2026-01-24T11:57:33.029+0000] {logging_mixin.py:188} INFO - [2026-01-24T11:57:33.029+0000] {dag.py:3954} INFO - Setting next_dagrun for reports_etl_dag to 2026-01-24 11:57:00+00:00, run_after=2026-01-24 12:00:00+00:00
[2026-01-24T11:57:33.046+0000] {processor.py:183} INFO - Processing /opt/airflow/dags/reports_etl_dag.py took 0.495 seconds
[2026-01-24T11:58:03.373+0000] {processor.py:161} INFO - Started process (PID=1404) to work on /opt/airflow/dags/reports_etl_dag.py
[2026-01-24T11:58:03.374+0000] {processor.py:830} INFO - Processing file /opt/airflow/dags/reports_etl_dag.py for tasks to queue
[2026-01-24T11:58:03.376+0000] {logging_mixin.py:188} INFO - [2026-01-24T11:58:03.376+0000] {dagbag.py:545} INFO - Filling up the DagBag from /opt/airflow/dags/reports_etl_dag.py
[2026-01-24T11:58:03.818+0000] {processor.py:840} INFO - DAG(s) 'reports_etl_dag' retrieved from /opt/airflow/dags/reports_etl_dag.py
[2026-01-24T11:58:03.855+0000] {logging_mixin.py:188} INFO - [2026-01-24T11:58:03.855+0000] {dag.py:3096} INFO - Sync 1 DAGs
[2026-01-24T11:58:03.881+0000] {logging_mixin.py:188} INFO - [2026-01-24T11:58:03.880+0000] {dag.py:3954} INFO - Setting next_dagrun for reports_etl_dag to 2026-01-24 11:57:00+00:00, run_after=2026-01-24 12:00:00+00:00
[2026-01-24T11:58:03.900+0000] {processor.py:183} INFO - Processing /opt/airflow/dags/reports_etl_dag.py took 0.532 seconds
[2026-01-24T11:58:34.168+0000] {processor.py:161} INFO - Started process (PID=1418) to work on /opt/airflow/dags/reports_etl_dag.py
[2026-01-24T11:58:34.168+0000] {processor.py:830} INFO - Processing file /opt/airflow/dags/reports_etl_dag.py for tasks to queue
[2026-01-24T11:58:34.170+0000] {logging_mixin.py:188} INFO - [2026-01-24T11:58:34.170+0000] {dagbag.py:545} INFO - Filling up the DagBag from /opt/airflow/dags/reports_etl_dag.py
[2026-01-24T11:58:34.589+0000] {processor.py:840} INFO - DAG(s) 'reports_etl_dag' retrieved from /opt/airflow/dags/reports_etl_dag.py
[2026-01-24T11:58:34.625+0000] {logging_mixin.py:188} INFO - [2026-01-24T11:58:34.624+0000] {dag.py:3096} INFO - Sync 1 DAGs
[2026-01-24T11:58:34.648+0000] {logging_mixin.py:188} INFO - [2026-01-24T11:58:34.648+0000] {dag.py:3954} INFO - Setting next_dagrun for reports_etl_dag to 2026-01-24 11:57:00+00:00, run_after=2026-01-24 12:00:00+00:00
[2026-01-24T11:58:34.665+0000] {processor.py:183} INFO - Processing /opt/airflow/dags/reports_etl_dag.py took 0.503 seconds
[2026-01-24T11:59:04.933+0000] {processor.py:161} INFO - Started process (PID=1434) to work on /opt/airflow/dags/reports_etl_dag.py
[2026-01-24T11:59:04.934+0000] {processor.py:830} INFO - Processing file /opt/airflow/dags/reports_etl_dag.py for tasks to queue
[2026-01-24T11:59:04.935+0000] {logging_mixin.py:188} INFO - [2026-01-24T11:59:04.935+0000] {dagbag.py:545} INFO - Filling up the DagBag from /opt/airflow/dags/reports_etl_dag.py
[2026-01-24T11:59:05.420+0000] {processor.py:840} INFO - DAG(s) 'reports_etl_dag' retrieved from /opt/airflow/dags/reports_etl_dag.py
[2026-01-24T11:59:05.458+0000] {logging_mixin.py:188} INFO - [2026-01-24T11:59:05.458+0000] {dag.py:3096} INFO - Sync 1 DAGs
[2026-01-24T11:59:05.485+0000] {logging_mixin.py:188} INFO - [2026-01-24T11:59:05.485+0000] {dag.py:3954} INFO - Setting next_dagrun for reports_etl_dag to 2026-01-24 11:57:00+00:00, run_after=2026-01-24 12:00:00+00:00
[2026-01-24T11:59:05.504+0000] {processor.py:183} INFO - Processing /opt/airflow/dags/reports_etl_dag.py took 0.577 seconds
[2026-01-24T11:59:35.760+0000] {processor.py:161} INFO - Started process (PID=1447) to work on /opt/airflow/dags/reports_etl_dag.py
[2026-01-24T11:59:35.761+0000] {processor.py:830} INFO - Processing file /opt/airflow/dags/reports_etl_dag.py for tasks to queue
[2026-01-24T11:59:35.763+0000] {logging_mixin.py:188} INFO - [2026-01-24T11:59:35.762+0000] {dagbag.py:545} INFO - Filling up the DagBag from /opt/airflow/dags/reports_etl_dag.py
[2026-01-24T11:59:36.240+0000] {processor.py:840} INFO - DAG(s) 'reports_etl_dag' retrieved from /opt/airflow/dags/reports_etl_dag.py
[2026-01-24T11:59:36.279+0000] {logging_mixin.py:188} INFO - [2026-01-24T11:59:36.279+0000] {dag.py:3096} INFO - Sync 1 DAGs
[2026-01-24T11:59:36.306+0000] {logging_mixin.py:188} INFO - [2026-01-24T11:59:36.306+0000] {dag.py:3954} INFO - Setting next_dagrun for reports_etl_dag to 2026-01-24 11:57:00+00:00, run_after=2026-01-24 12:00:00+00:00
[2026-01-24T11:59:36.327+0000] {processor.py:183} INFO - Processing /opt/airflow/dags/reports_etl_dag.py took 0.572 seconds
[2026-01-24T12:00:06.599+0000] {processor.py:161} INFO - Started process (PID=1466) to work on /opt/airflow/dags/reports_etl_dag.py
[2026-01-24T12:00:06.600+0000] {processor.py:830} INFO - Processing file /opt/airflow/dags/reports_etl_dag.py for tasks to queue
[2026-01-24T12:00:06.602+0000] {logging_mixin.py:188} INFO - [2026-01-24T12:00:06.602+0000] {dagbag.py:545} INFO - Filling up the DagBag from /opt/airflow/dags/reports_etl_dag.py
[2026-01-24T12:00:07.016+0000] {processor.py:840} INFO - DAG(s) 'reports_etl_dag' retrieved from /opt/airflow/dags/reports_etl_dag.py
[2026-01-24T12:00:07.048+0000] {logging_mixin.py:188} INFO - [2026-01-24T12:00:07.048+0000] {dag.py:3096} INFO - Sync 1 DAGs
[2026-01-24T12:00:07.071+0000] {logging_mixin.py:188} INFO - [2026-01-24T12:00:07.071+0000] {dag.py:3954} INFO - Setting next_dagrun for reports_etl_dag to 2026-01-24 12:00:00+00:00, run_after=2026-01-24 12:03:00+00:00
[2026-01-24T12:00:07.091+0000] {processor.py:183} INFO - Processing /opt/airflow/dags/reports_etl_dag.py took 0.497 seconds
[2026-01-24T12:00:37.253+0000] {processor.py:161} INFO - Started process (PID=1479) to work on /opt/airflow/dags/reports_etl_dag.py
[2026-01-24T12:00:37.254+0000] {processor.py:830} INFO - Processing file /opt/airflow/dags/reports_etl_dag.py for tasks to queue
[2026-01-24T12:00:37.255+0000] {logging_mixin.py:188} INFO - [2026-01-24T12:00:37.255+0000] {dagbag.py:545} INFO - Filling up the DagBag from /opt/airflow/dags/reports_etl_dag.py
[2026-01-24T12:00:37.671+0000] {processor.py:840} INFO - DAG(s) 'reports_etl_dag' retrieved from /opt/airflow/dags/reports_etl_dag.py
[2026-01-24T12:00:37.708+0000] {logging_mixin.py:188} INFO - [2026-01-24T12:00:37.707+0000] {dag.py:3096} INFO - Sync 1 DAGs
[2026-01-24T12:00:37.740+0000] {logging_mixin.py:188} INFO - [2026-01-24T12:00:37.739+0000] {dag.py:3954} INFO - Setting next_dagrun for reports_etl_dag to 2026-01-24 12:00:00+00:00, run_after=2026-01-24 12:03:00+00:00
[2026-01-24T12:00:37.773+0000] {processor.py:183} INFO - Processing /opt/airflow/dags/reports_etl_dag.py took 0.526 seconds
[2026-01-24T12:01:08.055+0000] {processor.py:161} INFO - Started process (PID=1495) to work on /opt/airflow/dags/reports_etl_dag.py
[2026-01-24T12:01:08.056+0000] {processor.py:830} INFO - Processing file /opt/airflow/dags/reports_etl_dag.py for tasks to queue
[2026-01-24T12:01:08.057+0000] {logging_mixin.py:188} INFO - [2026-01-24T12:01:08.057+0000] {dagbag.py:545} INFO - Filling up the DagBag from /opt/airflow/dags/reports_etl_dag.py
[2026-01-24T12:01:08.477+0000] {processor.py:840} INFO - DAG(s) 'reports_etl_dag' retrieved from /opt/airflow/dags/reports_etl_dag.py
[2026-01-24T12:01:08.512+0000] {logging_mixin.py:188} INFO - [2026-01-24T12:01:08.512+0000] {dag.py:3096} INFO - Sync 1 DAGs
[2026-01-24T12:01:08.536+0000] {logging_mixin.py:188} INFO - [2026-01-24T12:01:08.536+0000] {dag.py:3954} INFO - Setting next_dagrun for reports_etl_dag to 2026-01-24 12:00:00+00:00, run_after=2026-01-24 12:03:00+00:00
[2026-01-24T12:01:08.554+0000] {processor.py:183} INFO - Processing /opt/airflow/dags/reports_etl_dag.py took 0.506 seconds
[2026-01-24T12:01:38.859+0000] {processor.py:161} INFO - Started process (PID=1508) to work on /opt/airflow/dags/reports_etl_dag.py
[2026-01-24T12:01:38.860+0000] {processor.py:830} INFO - Processing file /opt/airflow/dags/reports_etl_dag.py for tasks to queue
[2026-01-24T12:01:38.861+0000] {logging_mixin.py:188} INFO - [2026-01-24T12:01:38.861+0000] {dagbag.py:545} INFO - Filling up the DagBag from /opt/airflow/dags/reports_etl_dag.py
[2026-01-24T12:01:39.274+0000] {processor.py:840} INFO - DAG(s) 'reports_etl_dag' retrieved from /opt/airflow/dags/reports_etl_dag.py
[2026-01-24T12:01:39.306+0000] {logging_mixin.py:188} INFO - [2026-01-24T12:01:39.306+0000] {dag.py:3096} INFO - Sync 1 DAGs
[2026-01-24T12:01:39.329+0000] {logging_mixin.py:188} INFO - [2026-01-24T12:01:39.329+0000] {dag.py:3954} INFO - Setting next_dagrun for reports_etl_dag to 2026-01-24 12:00:00+00:00, run_after=2026-01-24 12:03:00+00:00
[2026-01-24T12:01:39.347+0000] {processor.py:183} INFO - Processing /opt/airflow/dags/reports_etl_dag.py took 0.494 seconds
[2026-01-24T12:02:09.599+0000] {processor.py:161} INFO - Started process (PID=1524) to work on /opt/airflow/dags/reports_etl_dag.py
[2026-01-24T12:02:09.600+0000] {processor.py:830} INFO - Processing file /opt/airflow/dags/reports_etl_dag.py for tasks to queue
[2026-01-24T12:02:09.601+0000] {logging_mixin.py:188} INFO - [2026-01-24T12:02:09.601+0000] {dagbag.py:545} INFO - Filling up the DagBag from /opt/airflow/dags/reports_etl_dag.py
[2026-01-24T12:02:10.034+0000] {processor.py:840} INFO - DAG(s) 'reports_etl_dag' retrieved from /opt/airflow/dags/reports_etl_dag.py
[2026-01-24T12:02:10.069+0000] {logging_mixin.py:188} INFO - [2026-01-24T12:02:10.068+0000] {dag.py:3096} INFO - Sync 1 DAGs
[2026-01-24T12:02:10.092+0000] {logging_mixin.py:188} INFO - [2026-01-24T12:02:10.092+0000] {dag.py:3954} INFO - Setting next_dagrun for reports_etl_dag to 2026-01-24 12:00:00+00:00, run_after=2026-01-24 12:03:00+00:00
[2026-01-24T12:02:10.108+0000] {processor.py:183} INFO - Processing /opt/airflow/dags/reports_etl_dag.py took 0.515 seconds
[2026-01-24T12:02:40.456+0000] {processor.py:161} INFO - Started process (PID=1537) to work on /opt/airflow/dags/reports_etl_dag.py
[2026-01-24T12:02:40.458+0000] {processor.py:830} INFO - Processing file /opt/airflow/dags/reports_etl_dag.py for tasks to queue
[2026-01-24T12:02:40.459+0000] {logging_mixin.py:188} INFO - [2026-01-24T12:02:40.459+0000] {dagbag.py:545} INFO - Filling up the DagBag from /opt/airflow/dags/reports_etl_dag.py
[2026-01-24T12:02:40.932+0000] {processor.py:840} INFO - DAG(s) 'reports_etl_dag' retrieved from /opt/airflow/dags/reports_etl_dag.py
[2026-01-24T12:02:40.972+0000] {logging_mixin.py:188} INFO - [2026-01-24T12:02:40.971+0000] {dag.py:3096} INFO - Sync 1 DAGs
[2026-01-24T12:02:40.995+0000] {logging_mixin.py:188} INFO - [2026-01-24T12:02:40.994+0000] {dag.py:3954} INFO - Setting next_dagrun for reports_etl_dag to 2026-01-24 12:00:00+00:00, run_after=2026-01-24 12:03:00+00:00
[2026-01-24T12:02:41.013+0000] {processor.py:183} INFO - Processing /opt/airflow/dags/reports_etl_dag.py took 0.563 seconds
[2026-01-24T12:03:11.181+0000] {processor.py:161} INFO - Started process (PID=1556) to work on /opt/airflow/dags/reports_etl_dag.py
[2026-01-24T12:03:11.182+0000] {processor.py:830} INFO - Processing file /opt/airflow/dags/reports_etl_dag.py for tasks to queue
[2026-01-24T12:03:11.184+0000] {logging_mixin.py:188} INFO - [2026-01-24T12:03:11.183+0000] {dagbag.py:545} INFO - Filling up the DagBag from /opt/airflow/dags/reports_etl_dag.py
[2026-01-24T12:03:11.613+0000] {processor.py:840} INFO - DAG(s) 'reports_etl_dag' retrieved from /opt/airflow/dags/reports_etl_dag.py
[2026-01-24T12:03:11.650+0000] {logging_mixin.py:188} INFO - [2026-01-24T12:03:11.649+0000] {dag.py:3096} INFO - Sync 1 DAGs
[2026-01-24T12:03:11.674+0000] {logging_mixin.py:188} INFO - [2026-01-24T12:03:11.674+0000] {dag.py:3954} INFO - Setting next_dagrun for reports_etl_dag to 2026-01-24 12:03:00+00:00, run_after=2026-01-24 12:06:00+00:00
[2026-01-24T12:03:11.691+0000] {processor.py:183} INFO - Processing /opt/airflow/dags/reports_etl_dag.py took 0.516 seconds
[2026-01-24T12:03:41.982+0000] {processor.py:161} INFO - Started process (PID=1569) to work on /opt/airflow/dags/reports_etl_dag.py
[2026-01-24T12:03:41.983+0000] {processor.py:830} INFO - Processing file /opt/airflow/dags/reports_etl_dag.py for tasks to queue
[2026-01-24T12:03:41.984+0000] {logging_mixin.py:188} INFO - [2026-01-24T12:03:41.984+0000] {dagbag.py:545} INFO - Filling up the DagBag from /opt/airflow/dags/reports_etl_dag.py
[2026-01-24T12:03:42.416+0000] {processor.py:840} INFO - DAG(s) 'reports_etl_dag' retrieved from /opt/airflow/dags/reports_etl_dag.py
[2026-01-24T12:03:42.448+0000] {logging_mixin.py:188} INFO - [2026-01-24T12:03:42.448+0000] {dag.py:3096} INFO - Sync 1 DAGs
[2026-01-24T12:03:42.471+0000] {logging_mixin.py:188} INFO - [2026-01-24T12:03:42.471+0000] {dag.py:3954} INFO - Setting next_dagrun for reports_etl_dag to 2026-01-24 12:03:00+00:00, run_after=2026-01-24 12:06:00+00:00
[2026-01-24T12:03:42.489+0000] {processor.py:183} INFO - Processing /opt/airflow/dags/reports_etl_dag.py took 0.513 seconds
[2026-01-24T12:04:12.744+0000] {processor.py:161} INFO - Started process (PID=1585) to work on /opt/airflow/dags/reports_etl_dag.py
[2026-01-24T12:04:12.745+0000] {processor.py:830} INFO - Processing file /opt/airflow/dags/reports_etl_dag.py for tasks to queue
[2026-01-24T12:04:12.746+0000] {logging_mixin.py:188} INFO - [2026-01-24T12:04:12.746+0000] {dagbag.py:545} INFO - Filling up the DagBag from /opt/airflow/dags/reports_etl_dag.py
[2026-01-24T12:04:13.170+0000] {processor.py:840} INFO - DAG(s) 'reports_etl_dag' retrieved from /opt/airflow/dags/reports_etl_dag.py
[2026-01-24T12:04:13.204+0000] {logging_mixin.py:188} INFO - [2026-01-24T12:04:13.204+0000] {dag.py:3096} INFO - Sync 1 DAGs
[2026-01-24T12:04:13.228+0000] {logging_mixin.py:188} INFO - [2026-01-24T12:04:13.228+0000] {dag.py:3954} INFO - Setting next_dagrun for reports_etl_dag to 2026-01-24 12:03:00+00:00, run_after=2026-01-24 12:06:00+00:00
[2026-01-24T12:04:13.259+0000] {processor.py:183} INFO - Processing /opt/airflow/dags/reports_etl_dag.py took 0.521 seconds
[2026-01-24T12:04:43.553+0000] {processor.py:161} INFO - Started process (PID=1598) to work on /opt/airflow/dags/reports_etl_dag.py
[2026-01-24T12:04:43.555+0000] {processor.py:830} INFO - Processing file /opt/airflow/dags/reports_etl_dag.py for tasks to queue
[2026-01-24T12:04:43.557+0000] {logging_mixin.py:188} INFO - [2026-01-24T12:04:43.557+0000] {dagbag.py:545} INFO - Filling up the DagBag from /opt/airflow/dags/reports_etl_dag.py
[2026-01-24T12:04:43.981+0000] {processor.py:840} INFO - DAG(s) 'reports_etl_dag' retrieved from /opt/airflow/dags/reports_etl_dag.py
[2026-01-24T12:04:44.016+0000] {logging_mixin.py:188} INFO - [2026-01-24T12:04:44.016+0000] {dag.py:3096} INFO - Sync 1 DAGs
[2026-01-24T12:04:44.041+0000] {logging_mixin.py:188} INFO - [2026-01-24T12:04:44.041+0000] {dag.py:3954} INFO - Setting next_dagrun for reports_etl_dag to 2026-01-24 12:03:00+00:00, run_after=2026-01-24 12:06:00+00:00
[2026-01-24T12:04:44.072+0000] {processor.py:183} INFO - Processing /opt/airflow/dags/reports_etl_dag.py took 0.526 seconds
[2026-01-24T12:05:14.266+0000] {processor.py:161} INFO - Started process (PID=1614) to work on /opt/airflow/dags/reports_etl_dag.py
[2026-01-24T12:05:14.267+0000] {processor.py:830} INFO - Processing file /opt/airflow/dags/reports_etl_dag.py for tasks to queue
[2026-01-24T12:05:14.268+0000] {logging_mixin.py:188} INFO - [2026-01-24T12:05:14.268+0000] {dagbag.py:545} INFO - Filling up the DagBag from /opt/airflow/dags/reports_etl_dag.py
[2026-01-24T12:05:14.682+0000] {processor.py:840} INFO - DAG(s) 'reports_etl_dag' retrieved from /opt/airflow/dags/reports_etl_dag.py
[2026-01-24T12:05:14.716+0000] {logging_mixin.py:188} INFO - [2026-01-24T12:05:14.716+0000] {dag.py:3096} INFO - Sync 1 DAGs
[2026-01-24T12:05:14.740+0000] {logging_mixin.py:188} INFO - [2026-01-24T12:05:14.740+0000] {dag.py:3954} INFO - Setting next_dagrun for reports_etl_dag to 2026-01-24 12:03:00+00:00, run_after=2026-01-24 12:06:00+00:00
[2026-01-24T12:05:14.769+0000] {processor.py:183} INFO - Processing /opt/airflow/dags/reports_etl_dag.py took 0.509 seconds
[2026-01-24T12:05:45.058+0000] {processor.py:161} INFO - Started process (PID=1628) to work on /opt/airflow/dags/reports_etl_dag.py
[2026-01-24T12:05:45.059+0000] {processor.py:830} INFO - Processing file /opt/airflow/dags/reports_etl_dag.py for tasks to queue
[2026-01-24T12:05:45.060+0000] {logging_mixin.py:188} INFO - [2026-01-24T12:05:45.060+0000] {dagbag.py:545} INFO - Filling up the DagBag from /opt/airflow/dags/reports_etl_dag.py
[2026-01-24T12:05:45.476+0000] {processor.py:840} INFO - DAG(s) 'reports_etl_dag' retrieved from /opt/airflow/dags/reports_etl_dag.py
[2026-01-24T12:05:45.514+0000] {logging_mixin.py:188} INFO - [2026-01-24T12:05:45.513+0000] {dag.py:3096} INFO - Sync 1 DAGs
[2026-01-24T12:05:45.544+0000] {logging_mixin.py:188} INFO - [2026-01-24T12:05:45.543+0000] {dag.py:3954} INFO - Setting next_dagrun for reports_etl_dag to 2026-01-24 12:03:00+00:00, run_after=2026-01-24 12:06:00+00:00
[2026-01-24T12:05:45.562+0000] {processor.py:183} INFO - Processing /opt/airflow/dags/reports_etl_dag.py took 0.511 seconds
[2026-01-24T12:06:15.870+0000] {processor.py:161} INFO - Started process (PID=1647) to work on /opt/airflow/dags/reports_etl_dag.py
[2026-01-24T12:06:15.871+0000] {processor.py:830} INFO - Processing file /opt/airflow/dags/reports_etl_dag.py for tasks to queue
[2026-01-24T12:06:15.873+0000] {logging_mixin.py:188} INFO - [2026-01-24T12:06:15.872+0000] {dagbag.py:545} INFO - Filling up the DagBag from /opt/airflow/dags/reports_etl_dag.py
[2026-01-24T12:06:16.294+0000] {processor.py:840} INFO - DAG(s) 'reports_etl_dag' retrieved from /opt/airflow/dags/reports_etl_dag.py
[2026-01-24T12:06:16.346+0000] {logging_mixin.py:188} INFO - [2026-01-24T12:06:16.346+0000] {dag.py:3096} INFO - Sync 1 DAGs
[2026-01-24T12:06:16.368+0000] {logging_mixin.py:188} INFO - [2026-01-24T12:06:16.368+0000] {dag.py:3954} INFO - Setting next_dagrun for reports_etl_dag to 2026-01-24 12:06:00+00:00, run_after=2026-01-24 12:09:00+00:00
[2026-01-24T12:06:16.387+0000] {processor.py:183} INFO - Processing /opt/airflow/dags/reports_etl_dag.py took 0.523 seconds
[2026-01-24T12:06:46.529+0000] {processor.py:161} INFO - Started process (PID=1660) to work on /opt/airflow/dags/reports_etl_dag.py
[2026-01-24T12:06:46.530+0000] {processor.py:830} INFO - Processing file /opt/airflow/dags/reports_etl_dag.py for tasks to queue
[2026-01-24T12:06:46.532+0000] {logging_mixin.py:188} INFO - [2026-01-24T12:06:46.532+0000] {dagbag.py:545} INFO - Filling up the DagBag from /opt/airflow/dags/reports_etl_dag.py
[2026-01-24T12:06:46.974+0000] {processor.py:840} INFO - DAG(s) 'reports_etl_dag' retrieved from /opt/airflow/dags/reports_etl_dag.py
[2026-01-24T12:06:47.013+0000] {logging_mixin.py:188} INFO - [2026-01-24T12:06:47.012+0000] {dag.py:3096} INFO - Sync 1 DAGs
[2026-01-24T12:06:47.037+0000] {logging_mixin.py:188} INFO - [2026-01-24T12:06:47.037+0000] {dag.py:3954} INFO - Setting next_dagrun for reports_etl_dag to 2026-01-24 12:06:00+00:00, run_after=2026-01-24 12:09:00+00:00
[2026-01-24T12:06:47.068+0000] {processor.py:183} INFO - Processing /opt/airflow/dags/reports_etl_dag.py took 0.545 seconds
[2026-01-24T12:07:17.358+0000] {processor.py:161} INFO - Started process (PID=1669) to work on /opt/airflow/dags/reports_etl_dag.py
[2026-01-24T12:07:17.359+0000] {processor.py:830} INFO - Processing file /opt/airflow/dags/reports_etl_dag.py for tasks to queue
[2026-01-24T12:07:17.360+0000] {logging_mixin.py:188} INFO - [2026-01-24T12:07:17.360+0000] {dagbag.py:545} INFO - Filling up the DagBag from /opt/airflow/dags/reports_etl_dag.py
[2026-01-24T12:07:17.776+0000] {processor.py:840} INFO - DAG(s) 'reports_etl_dag' retrieved from /opt/airflow/dags/reports_etl_dag.py
[2026-01-24T12:07:17.809+0000] {logging_mixin.py:188} INFO - [2026-01-24T12:07:17.809+0000] {dag.py:3096} INFO - Sync 1 DAGs
[2026-01-24T12:07:17.833+0000] {logging_mixin.py:188} INFO - [2026-01-24T12:07:17.832+0000] {dag.py:3954} INFO - Setting next_dagrun for reports_etl_dag to 2026-01-24 12:06:00+00:00, run_after=2026-01-24 12:09:00+00:00
[2026-01-24T12:07:17.851+0000] {processor.py:183} INFO - Processing /opt/airflow/dags/reports_etl_dag.py took 0.499 seconds
[2026-01-24T12:07:48.127+0000] {processor.py:161} INFO - Started process (PID=1682) to work on /opt/airflow/dags/reports_etl_dag.py
[2026-01-24T12:07:48.128+0000] {processor.py:830} INFO - Processing file /opt/airflow/dags/reports_etl_dag.py for tasks to queue
[2026-01-24T12:07:48.130+0000] {logging_mixin.py:188} INFO - [2026-01-24T12:07:48.130+0000] {dagbag.py:545} INFO - Filling up the DagBag from /opt/airflow/dags/reports_etl_dag.py
[2026-01-24T12:07:48.548+0000] {processor.py:840} INFO - DAG(s) 'reports_etl_dag' retrieved from /opt/airflow/dags/reports_etl_dag.py
[2026-01-24T12:07:48.596+0000] {logging_mixin.py:188} INFO - [2026-01-24T12:07:48.595+0000] {dag.py:3096} INFO - Sync 1 DAGs
[2026-01-24T12:07:48.620+0000] {logging_mixin.py:188} INFO - [2026-01-24T12:07:48.619+0000] {dag.py:3954} INFO - Setting next_dagrun for reports_etl_dag to 2026-01-24 12:06:00+00:00, run_after=2026-01-24 12:09:00+00:00
[2026-01-24T12:07:48.637+0000] {processor.py:183} INFO - Processing /opt/airflow/dags/reports_etl_dag.py took 0.516 seconds
[2026-01-24T12:08:18.851+0000] {processor.py:161} INFO - Started process (PID=1698) to work on /opt/airflow/dags/reports_etl_dag.py
[2026-01-24T12:08:18.852+0000] {processor.py:830} INFO - Processing file /opt/airflow/dags/reports_etl_dag.py for tasks to queue
[2026-01-24T12:08:18.854+0000] {logging_mixin.py:188} INFO - [2026-01-24T12:08:18.853+0000] {dagbag.py:545} INFO - Filling up the DagBag from /opt/airflow/dags/reports_etl_dag.py
[2026-01-24T12:08:19.269+0000] {processor.py:840} INFO - DAG(s) 'reports_etl_dag' retrieved from /opt/airflow/dags/reports_etl_dag.py
[2026-01-24T12:08:19.302+0000] {logging_mixin.py:188} INFO - [2026-01-24T12:08:19.302+0000] {dag.py:3096} INFO - Sync 1 DAGs
[2026-01-24T12:08:19.325+0000] {logging_mixin.py:188} INFO - [2026-01-24T12:08:19.325+0000] {dag.py:3954} INFO - Setting next_dagrun for reports_etl_dag to 2026-01-24 12:06:00+00:00, run_after=2026-01-24 12:09:00+00:00
[2026-01-24T12:08:19.356+0000] {processor.py:183} INFO - Processing /opt/airflow/dags/reports_etl_dag.py took 0.511 seconds
[2026-01-24T12:08:49.620+0000] {processor.py:161} INFO - Started process (PID=1711) to work on /opt/airflow/dags/reports_etl_dag.py
[2026-01-24T12:08:49.621+0000] {processor.py:830} INFO - Processing file /opt/airflow/dags/reports_etl_dag.py for tasks to queue
[2026-01-24T12:08:49.622+0000] {logging_mixin.py:188} INFO - [2026-01-24T12:08:49.622+0000] {dagbag.py:545} INFO - Filling up the DagBag from /opt/airflow/dags/reports_etl_dag.py
[2026-01-24T12:08:50.055+0000] {processor.py:840} INFO - DAG(s) 'reports_etl_dag' retrieved from /opt/airflow/dags/reports_etl_dag.py
[2026-01-24T12:08:50.090+0000] {logging_mixin.py:188} INFO - [2026-01-24T12:08:50.090+0000] {dag.py:3096} INFO - Sync 1 DAGs
[2026-01-24T12:08:50.115+0000] {logging_mixin.py:188} INFO - [2026-01-24T12:08:50.115+0000] {dag.py:3954} INFO - Setting next_dagrun for reports_etl_dag to 2026-01-24 12:06:00+00:00, run_after=2026-01-24 12:09:00+00:00
[2026-01-24T12:08:50.146+0000] {processor.py:183} INFO - Processing /opt/airflow/dags/reports_etl_dag.py took 0.532 seconds
[2026-01-24T12:09:20.435+0000] {processor.py:161} INFO - Started process (PID=1730) to work on /opt/airflow/dags/reports_etl_dag.py
[2026-01-24T12:09:20.436+0000] {processor.py:830} INFO - Processing file /opt/airflow/dags/reports_etl_dag.py for tasks to queue
[2026-01-24T12:09:20.437+0000] {logging_mixin.py:188} INFO - [2026-01-24T12:09:20.437+0000] {dagbag.py:545} INFO - Filling up the DagBag from /opt/airflow/dags/reports_etl_dag.py
[2026-01-24T12:09:20.855+0000] {processor.py:840} INFO - DAG(s) 'reports_etl_dag' retrieved from /opt/airflow/dags/reports_etl_dag.py
[2026-01-24T12:09:20.892+0000] {logging_mixin.py:188} INFO - [2026-01-24T12:09:20.892+0000] {dag.py:3096} INFO - Sync 1 DAGs
[2026-01-24T12:09:20.918+0000] {logging_mixin.py:188} INFO - [2026-01-24T12:09:20.918+0000] {dag.py:3954} INFO - Setting next_dagrun for reports_etl_dag to 2026-01-24 12:09:00+00:00, run_after=2026-01-24 12:12:00+00:00
[2026-01-24T12:09:20.939+0000] {processor.py:183} INFO - Processing /opt/airflow/dags/reports_etl_dag.py took 0.509 seconds
[2026-01-24T12:09:51.208+0000] {processor.py:161} INFO - Started process (PID=1743) to work on /opt/airflow/dags/reports_etl_dag.py
[2026-01-24T12:09:51.209+0000] {processor.py:830} INFO - Processing file /opt/airflow/dags/reports_etl_dag.py for tasks to queue
[2026-01-24T12:09:51.211+0000] {logging_mixin.py:188} INFO - [2026-01-24T12:09:51.211+0000] {dagbag.py:545} INFO - Filling up the DagBag from /opt/airflow/dags/reports_etl_dag.py
[2026-01-24T12:09:51.677+0000] {processor.py:840} INFO - DAG(s) 'reports_etl_dag' retrieved from /opt/airflow/dags/reports_etl_dag.py
[2026-01-24T12:09:51.714+0000] {logging_mixin.py:188} INFO - [2026-01-24T12:09:51.714+0000] {dag.py:3096} INFO - Sync 1 DAGs
[2026-01-24T12:09:51.739+0000] {logging_mixin.py:188} INFO - [2026-01-24T12:09:51.739+0000] {dag.py:3954} INFO - Setting next_dagrun for reports_etl_dag to 2026-01-24 12:09:00+00:00, run_after=2026-01-24 12:12:00+00:00
[2026-01-24T12:09:51.771+0000] {processor.py:183} INFO - Processing /opt/airflow/dags/reports_etl_dag.py took 0.571 seconds
[2026-01-24T12:10:21.947+0000] {processor.py:161} INFO - Started process (PID=1759) to work on /opt/airflow/dags/reports_etl_dag.py
[2026-01-24T12:10:21.948+0000] {processor.py:830} INFO - Processing file /opt/airflow/dags/reports_etl_dag.py for tasks to queue
[2026-01-24T12:10:21.950+0000] {logging_mixin.py:188} INFO - [2026-01-24T12:10:21.950+0000] {dagbag.py:545} INFO - Filling up the DagBag from /opt/airflow/dags/reports_etl_dag.py
[2026-01-24T12:10:22.381+0000] {processor.py:840} INFO - DAG(s) 'reports_etl_dag' retrieved from /opt/airflow/dags/reports_etl_dag.py
[2026-01-24T12:10:22.414+0000] {logging_mixin.py:188} INFO - [2026-01-24T12:10:22.414+0000] {dag.py:3096} INFO - Sync 1 DAGs
[2026-01-24T12:10:22.438+0000] {logging_mixin.py:188} INFO - [2026-01-24T12:10:22.438+0000] {dag.py:3954} INFO - Setting next_dagrun for reports_etl_dag to 2026-01-24 12:09:00+00:00, run_after=2026-01-24 12:12:00+00:00
[2026-01-24T12:10:22.454+0000] {processor.py:183} INFO - Processing /opt/airflow/dags/reports_etl_dag.py took 0.513 seconds
[2026-01-24T12:10:52.764+0000] {processor.py:161} INFO - Started process (PID=1772) to work on /opt/airflow/dags/reports_etl_dag.py
[2026-01-24T12:10:52.765+0000] {processor.py:830} INFO - Processing file /opt/airflow/dags/reports_etl_dag.py for tasks to queue
[2026-01-24T12:10:52.767+0000] {logging_mixin.py:188} INFO - [2026-01-24T12:10:52.767+0000] {dagbag.py:545} INFO - Filling up the DagBag from /opt/airflow/dags/reports_etl_dag.py
[2026-01-24T12:10:53.224+0000] {processor.py:840} INFO - DAG(s) 'reports_etl_dag' retrieved from /opt/airflow/dags/reports_etl_dag.py
[2026-01-24T12:10:53.262+0000] {logging_mixin.py:188} INFO - [2026-01-24T12:10:53.262+0000] {dag.py:3096} INFO - Sync 1 DAGs
[2026-01-24T12:10:53.288+0000] {logging_mixin.py:188} INFO - [2026-01-24T12:10:53.288+0000] {dag.py:3954} INFO - Setting next_dagrun for reports_etl_dag to 2026-01-24 12:09:00+00:00, run_after=2026-01-24 12:12:00+00:00
[2026-01-24T12:10:53.318+0000] {processor.py:183} INFO - Processing /opt/airflow/dags/reports_etl_dag.py took 0.560 seconds
[2026-01-24T12:11:23.506+0000] {processor.py:161} INFO - Started process (PID=1788) to work on /opt/airflow/dags/reports_etl_dag.py
[2026-01-24T12:11:23.507+0000] {processor.py:830} INFO - Processing file /opt/airflow/dags/reports_etl_dag.py for tasks to queue
[2026-01-24T12:11:23.508+0000] {logging_mixin.py:188} INFO - [2026-01-24T12:11:23.508+0000] {dagbag.py:545} INFO - Filling up the DagBag from /opt/airflow/dags/reports_etl_dag.py
[2026-01-24T12:11:23.925+0000] {processor.py:840} INFO - DAG(s) 'reports_etl_dag' retrieved from /opt/airflow/dags/reports_etl_dag.py
[2026-01-24T12:11:23.960+0000] {logging_mixin.py:188} INFO - [2026-01-24T12:11:23.960+0000] {dag.py:3096} INFO - Sync 1 DAGs
[2026-01-24T12:11:23.985+0000] {logging_mixin.py:188} INFO - [2026-01-24T12:11:23.985+0000] {dag.py:3954} INFO - Setting next_dagrun for reports_etl_dag to 2026-01-24 12:09:00+00:00, run_after=2026-01-24 12:12:00+00:00
[2026-01-24T12:11:24.017+0000] {processor.py:183} INFO - Processing /opt/airflow/dags/reports_etl_dag.py took 0.517 seconds
[2026-01-24T12:11:54.324+0000] {processor.py:161} INFO - Started process (PID=1801) to work on /opt/airflow/dags/reports_etl_dag.py
[2026-01-24T12:11:54.325+0000] {processor.py:830} INFO - Processing file /opt/airflow/dags/reports_etl_dag.py for tasks to queue
[2026-01-24T12:11:54.326+0000] {logging_mixin.py:188} INFO - [2026-01-24T12:11:54.326+0000] {dagbag.py:545} INFO - Filling up the DagBag from /opt/airflow/dags/reports_etl_dag.py
[2026-01-24T12:11:54.781+0000] {processor.py:840} INFO - DAG(s) 'reports_etl_dag' retrieved from /opt/airflow/dags/reports_etl_dag.py
[2026-01-24T12:11:54.820+0000] {logging_mixin.py:188} INFO - [2026-01-24T12:11:54.820+0000] {dag.py:3096} INFO - Sync 1 DAGs
[2026-01-24T12:11:54.846+0000] {logging_mixin.py:188} INFO - [2026-01-24T12:11:54.846+0000] {dag.py:3954} INFO - Setting next_dagrun for reports_etl_dag to 2026-01-24 12:09:00+00:00, run_after=2026-01-24 12:12:00+00:00
[2026-01-24T12:11:54.870+0000] {processor.py:183} INFO - Processing /opt/airflow/dags/reports_etl_dag.py took 0.553 seconds
[2026-01-24T12:12:25.100+0000] {processor.py:161} INFO - Started process (PID=1820) to work on /opt/airflow/dags/reports_etl_dag.py
[2026-01-24T12:12:25.101+0000] {processor.py:830} INFO - Processing file /opt/airflow/dags/reports_etl_dag.py for tasks to queue
[2026-01-24T12:12:25.103+0000] {logging_mixin.py:188} INFO - [2026-01-24T12:12:25.102+0000] {dagbag.py:545} INFO - Filling up the DagBag from /opt/airflow/dags/reports_etl_dag.py
[2026-01-24T12:12:25.514+0000] {processor.py:840} INFO - DAG(s) 'reports_etl_dag' retrieved from /opt/airflow/dags/reports_etl_dag.py
[2026-01-24T12:12:25.548+0000] {logging_mixin.py:188} INFO - [2026-01-24T12:12:25.548+0000] {dag.py:3096} INFO - Sync 1 DAGs
[2026-01-24T12:12:25.571+0000] {logging_mixin.py:188} INFO - [2026-01-24T12:12:25.571+0000] {dag.py:3954} INFO - Setting next_dagrun for reports_etl_dag to 2026-01-24 12:12:00+00:00, run_after=2026-01-24 12:15:00+00:00
[2026-01-24T12:12:25.589+0000] {processor.py:183} INFO - Processing /opt/airflow/dags/reports_etl_dag.py took 0.494 seconds
[2026-01-24T12:12:55.838+0000] {processor.py:161} INFO - Started process (PID=1833) to work on /opt/airflow/dags/reports_etl_dag.py
[2026-01-24T12:12:55.839+0000] {processor.py:830} INFO - Processing file /opt/airflow/dags/reports_etl_dag.py for tasks to queue
[2026-01-24T12:12:55.840+0000] {logging_mixin.py:188} INFO - [2026-01-24T12:12:55.840+0000] {dagbag.py:545} INFO - Filling up the DagBag from /opt/airflow/dags/reports_etl_dag.py
[2026-01-24T12:12:56.276+0000] {processor.py:840} INFO - DAG(s) 'reports_etl_dag' retrieved from /opt/airflow/dags/reports_etl_dag.py
[2026-01-24T12:12:56.313+0000] {logging_mixin.py:188} INFO - [2026-01-24T12:12:56.312+0000] {dag.py:3096} INFO - Sync 1 DAGs
[2026-01-24T12:12:56.338+0000] {logging_mixin.py:188} INFO - [2026-01-24T12:12:56.338+0000] {dag.py:3954} INFO - Setting next_dagrun for reports_etl_dag to 2026-01-24 12:12:00+00:00, run_after=2026-01-24 12:15:00+00:00
[2026-01-24T12:12:56.360+0000] {processor.py:183} INFO - Processing /opt/airflow/dags/reports_etl_dag.py took 0.528 seconds
[2026-01-24T12:13:26.576+0000] {processor.py:161} INFO - Started process (PID=1849) to work on /opt/airflow/dags/reports_etl_dag.py
[2026-01-24T12:13:26.577+0000] {processor.py:830} INFO - Processing file /opt/airflow/dags/reports_etl_dag.py for tasks to queue
[2026-01-24T12:13:26.578+0000] {logging_mixin.py:188} INFO - [2026-01-24T12:13:26.578+0000] {dagbag.py:545} INFO - Filling up the DagBag from /opt/airflow/dags/reports_etl_dag.py
[2026-01-24T12:13:27.000+0000] {processor.py:840} INFO - DAG(s) 'reports_etl_dag' retrieved from /opt/airflow/dags/reports_etl_dag.py
[2026-01-24T12:13:27.035+0000] {logging_mixin.py:188} INFO - [2026-01-24T12:13:27.034+0000] {dag.py:3096} INFO - Sync 1 DAGs
[2026-01-24T12:13:27.059+0000] {logging_mixin.py:188} INFO - [2026-01-24T12:13:27.059+0000] {dag.py:3954} INFO - Setting next_dagrun for reports_etl_dag to 2026-01-24 12:12:00+00:00, run_after=2026-01-24 12:15:00+00:00
[2026-01-24T12:13:27.081+0000] {processor.py:183} INFO - Processing /opt/airflow/dags/reports_etl_dag.py took 0.510 seconds
[2026-01-24T12:13:57.364+0000] {processor.py:161} INFO - Started process (PID=1862) to work on /opt/airflow/dags/reports_etl_dag.py
[2026-01-24T12:13:57.365+0000] {processor.py:830} INFO - Processing file /opt/airflow/dags/reports_etl_dag.py for tasks to queue
[2026-01-24T12:13:57.366+0000] {logging_mixin.py:188} INFO - [2026-01-24T12:13:57.366+0000] {dagbag.py:545} INFO - Filling up the DagBag from /opt/airflow/dags/reports_etl_dag.py
[2026-01-24T12:13:57.778+0000] {processor.py:840} INFO - DAG(s) 'reports_etl_dag' retrieved from /opt/airflow/dags/reports_etl_dag.py
[2026-01-24T12:13:57.815+0000] {logging_mixin.py:188} INFO - [2026-01-24T12:13:57.814+0000] {dag.py:3096} INFO - Sync 1 DAGs
[2026-01-24T12:13:57.838+0000] {logging_mixin.py:188} INFO - [2026-01-24T12:13:57.838+0000] {dag.py:3954} INFO - Setting next_dagrun for reports_etl_dag to 2026-01-24 12:12:00+00:00, run_after=2026-01-24 12:15:00+00:00
[2026-01-24T12:13:57.855+0000] {processor.py:183} INFO - Processing /opt/airflow/dags/reports_etl_dag.py took 0.497 seconds
[2026-01-24T12:14:28.040+0000] {processor.py:161} INFO - Started process (PID=1878) to work on /opt/airflow/dags/reports_etl_dag.py
[2026-01-24T12:14:28.041+0000] {processor.py:830} INFO - Processing file /opt/airflow/dags/reports_etl_dag.py for tasks to queue
[2026-01-24T12:14:28.042+0000] {logging_mixin.py:188} INFO - [2026-01-24T12:14:28.042+0000] {dagbag.py:545} INFO - Filling up the DagBag from /opt/airflow/dags/reports_etl_dag.py
[2026-01-24T12:14:28.487+0000] {processor.py:840} INFO - DAG(s) 'reports_etl_dag' retrieved from /opt/airflow/dags/reports_etl_dag.py
[2026-01-24T12:14:28.522+0000] {logging_mixin.py:188} INFO - [2026-01-24T12:14:28.522+0000] {dag.py:3096} INFO - Sync 1 DAGs
[2026-01-24T12:14:28.547+0000] {logging_mixin.py:188} INFO - [2026-01-24T12:14:28.547+0000] {dag.py:3954} INFO - Setting next_dagrun for reports_etl_dag to 2026-01-24 12:12:00+00:00, run_after=2026-01-24 12:15:00+00:00
[2026-01-24T12:14:28.578+0000] {processor.py:183} INFO - Processing /opt/airflow/dags/reports_etl_dag.py took 0.544 seconds
[2026-01-24T12:14:58.864+0000] {processor.py:161} INFO - Started process (PID=1891) to work on /opt/airflow/dags/reports_etl_dag.py
[2026-01-24T12:14:58.865+0000] {processor.py:830} INFO - Processing file /opt/airflow/dags/reports_etl_dag.py for tasks to queue
[2026-01-24T12:14:58.866+0000] {logging_mixin.py:188} INFO - [2026-01-24T12:14:58.866+0000] {dagbag.py:545} INFO - Filling up the DagBag from /opt/airflow/dags/reports_etl_dag.py
[2026-01-24T12:14:59.381+0000] {processor.py:840} INFO - DAG(s) 'reports_etl_dag' retrieved from /opt/airflow/dags/reports_etl_dag.py
[2026-01-24T12:14:59.419+0000] {logging_mixin.py:188} INFO - [2026-01-24T12:14:59.419+0000] {dag.py:3096} INFO - Sync 1 DAGs
[2026-01-24T12:14:59.446+0000] {logging_mixin.py:188} INFO - [2026-01-24T12:14:59.445+0000] {dag.py:3954} INFO - Setting next_dagrun for reports_etl_dag to 2026-01-24 12:12:00+00:00, run_after=2026-01-24 12:15:00+00:00
[2026-01-24T12:14:59.467+0000] {processor.py:183} INFO - Processing /opt/airflow/dags/reports_etl_dag.py took 0.609 seconds
[2026-01-24T12:15:29.609+0000] {processor.py:161} INFO - Started process (PID=1910) to work on /opt/airflow/dags/reports_etl_dag.py
[2026-01-24T12:15:29.610+0000] {processor.py:830} INFO - Processing file /opt/airflow/dags/reports_etl_dag.py for tasks to queue
[2026-01-24T12:15:29.611+0000] {logging_mixin.py:188} INFO - [2026-01-24T12:15:29.611+0000] {dagbag.py:545} INFO - Filling up the DagBag from /opt/airflow/dags/reports_etl_dag.py
[2026-01-24T12:15:30.052+0000] {processor.py:840} INFO - DAG(s) 'reports_etl_dag' retrieved from /opt/airflow/dags/reports_etl_dag.py
[2026-01-24T12:15:30.095+0000] {logging_mixin.py:188} INFO - [2026-01-24T12:15:30.095+0000] {dag.py:3096} INFO - Sync 1 DAGs
[2026-01-24T12:15:30.121+0000] {logging_mixin.py:188} INFO - [2026-01-24T12:15:30.120+0000] {dag.py:3954} INFO - Setting next_dagrun for reports_etl_dag to 2026-01-24 12:15:00+00:00, run_after=2026-01-24 12:18:00+00:00
[2026-01-24T12:15:30.144+0000] {processor.py:183} INFO - Processing /opt/airflow/dags/reports_etl_dag.py took 0.541 seconds
[2026-01-24T12:16:00.387+0000] {processor.py:161} INFO - Started process (PID=1923) to work on /opt/airflow/dags/reports_etl_dag.py
[2026-01-24T12:16:00.388+0000] {processor.py:830} INFO - Processing file /opt/airflow/dags/reports_etl_dag.py for tasks to queue
[2026-01-24T12:16:00.390+0000] {logging_mixin.py:188} INFO - [2026-01-24T12:16:00.390+0000] {dagbag.py:545} INFO - Filling up the DagBag from /opt/airflow/dags/reports_etl_dag.py
[2026-01-24T12:16:00.814+0000] {processor.py:840} INFO - DAG(s) 'reports_etl_dag' retrieved from /opt/airflow/dags/reports_etl_dag.py
[2026-01-24T12:16:00.847+0000] {logging_mixin.py:188} INFO - [2026-01-24T12:16:00.847+0000] {dag.py:3096} INFO - Sync 1 DAGs
[2026-01-24T12:16:00.871+0000] {logging_mixin.py:188} INFO - [2026-01-24T12:16:00.871+0000] {dag.py:3954} INFO - Setting next_dagrun for reports_etl_dag to 2026-01-24 12:15:00+00:00, run_after=2026-01-24 12:18:00+00:00
[2026-01-24T12:16:00.892+0000] {processor.py:183} INFO - Processing /opt/airflow/dags/reports_etl_dag.py took 0.510 seconds
[2026-01-24T12:16:31.133+0000] {processor.py:161} INFO - Started process (PID=1939) to work on /opt/airflow/dags/reports_etl_dag.py
[2026-01-24T12:16:31.135+0000] {processor.py:830} INFO - Processing file /opt/airflow/dags/reports_etl_dag.py for tasks to queue
[2026-01-24T12:16:31.136+0000] {logging_mixin.py:188} INFO - [2026-01-24T12:16:31.136+0000] {dagbag.py:545} INFO - Filling up the DagBag from /opt/airflow/dags/reports_etl_dag.py
[2026-01-24T12:16:31.597+0000] {processor.py:840} INFO - DAG(s) 'reports_etl_dag' retrieved from /opt/airflow/dags/reports_etl_dag.py
[2026-01-24T12:16:31.633+0000] {logging_mixin.py:188} INFO - [2026-01-24T12:16:31.632+0000] {dag.py:3096} INFO - Sync 1 DAGs
[2026-01-24T12:16:31.657+0000] {logging_mixin.py:188} INFO - [2026-01-24T12:16:31.656+0000] {dag.py:3954} INFO - Setting next_dagrun for reports_etl_dag to 2026-01-24 12:15:00+00:00, run_after=2026-01-24 12:18:00+00:00
[2026-01-24T12:16:31.674+0000] {processor.py:183} INFO - Processing /opt/airflow/dags/reports_etl_dag.py took 0.548 seconds
[2026-01-24T12:17:01.837+0000] {processor.py:161} INFO - Started process (PID=1954) to work on /opt/airflow/dags/reports_etl_dag.py
[2026-01-24T12:17:01.838+0000] {processor.py:830} INFO - Processing file /opt/airflow/dags/reports_etl_dag.py for tasks to queue
[2026-01-24T12:17:01.839+0000] {logging_mixin.py:188} INFO - [2026-01-24T12:17:01.839+0000] {dagbag.py:545} INFO - Filling up the DagBag from /opt/airflow/dags/reports_etl_dag.py
[2026-01-24T12:17:02.319+0000] {processor.py:840} INFO - DAG(s) 'reports_etl_dag' retrieved from /opt/airflow/dags/reports_etl_dag.py
[2026-01-24T12:17:02.354+0000] {logging_mixin.py:188} INFO - [2026-01-24T12:17:02.354+0000] {dag.py:3096} INFO - Sync 1 DAGs
[2026-01-24T12:17:02.377+0000] {logging_mixin.py:188} INFO - [2026-01-24T12:17:02.377+0000] {dag.py:3954} INFO - Setting next_dagrun for reports_etl_dag to 2026-01-24 12:15:00+00:00, run_after=2026-01-24 12:18:00+00:00
[2026-01-24T12:17:02.396+0000] {processor.py:183} INFO - Processing /opt/airflow/dags/reports_etl_dag.py took 0.566 seconds
[2026-01-24T12:17:32.630+0000] {processor.py:161} INFO - Started process (PID=1968) to work on /opt/airflow/dags/reports_etl_dag.py
[2026-01-24T12:17:32.631+0000] {processor.py:830} INFO - Processing file /opt/airflow/dags/reports_etl_dag.py for tasks to queue
[2026-01-24T12:17:32.633+0000] {logging_mixin.py:188} INFO - [2026-01-24T12:17:32.633+0000] {dagbag.py:545} INFO - Filling up the DagBag from /opt/airflow/dags/reports_etl_dag.py
[2026-01-24T12:17:33.057+0000] {processor.py:840} INFO - DAG(s) 'reports_etl_dag' retrieved from /opt/airflow/dags/reports_etl_dag.py
[2026-01-24T12:17:33.093+0000] {logging_mixin.py:188} INFO - [2026-01-24T12:17:33.093+0000] {dag.py:3096} INFO - Sync 1 DAGs
[2026-01-24T12:17:33.117+0000] {logging_mixin.py:188} INFO - [2026-01-24T12:17:33.117+0000] {dag.py:3954} INFO - Setting next_dagrun for reports_etl_dag to 2026-01-24 12:15:00+00:00, run_after=2026-01-24 12:18:00+00:00
[2026-01-24T12:17:33.147+0000] {processor.py:183} INFO - Processing /opt/airflow/dags/reports_etl_dag.py took 0.522 seconds
[2026-01-24T12:18:03.284+0000] {processor.py:161} INFO - Started process (PID=1987) to work on /opt/airflow/dags/reports_etl_dag.py
[2026-01-24T12:18:03.285+0000] {processor.py:830} INFO - Processing file /opt/airflow/dags/reports_etl_dag.py for tasks to queue
[2026-01-24T12:18:03.287+0000] {logging_mixin.py:188} INFO - [2026-01-24T12:18:03.287+0000] {dagbag.py:545} INFO - Filling up the DagBag from /opt/airflow/dags/reports_etl_dag.py
[2026-01-24T12:18:03.712+0000] {processor.py:840} INFO - DAG(s) 'reports_etl_dag' retrieved from /opt/airflow/dags/reports_etl_dag.py
[2026-01-24T12:18:03.748+0000] {logging_mixin.py:188} INFO - [2026-01-24T12:18:03.748+0000] {dag.py:3096} INFO - Sync 1 DAGs
[2026-01-24T12:18:03.770+0000] {logging_mixin.py:188} INFO - [2026-01-24T12:18:03.770+0000] {dag.py:3954} INFO - Setting next_dagrun for reports_etl_dag to 2026-01-24 12:18:00+00:00, run_after=2026-01-24 12:21:00+00:00
[2026-01-24T12:18:03.788+0000] {processor.py:183} INFO - Processing /opt/airflow/dags/reports_etl_dag.py took 0.509 seconds
[2026-01-24T12:18:34.030+0000] {processor.py:161} INFO - Started process (PID=2000) to work on /opt/airflow/dags/reports_etl_dag.py
[2026-01-24T12:18:34.031+0000] {processor.py:830} INFO - Processing file /opt/airflow/dags/reports_etl_dag.py for tasks to queue
[2026-01-24T12:18:34.033+0000] {logging_mixin.py:188} INFO - [2026-01-24T12:18:34.033+0000] {dagbag.py:545} INFO - Filling up the DagBag from /opt/airflow/dags/reports_etl_dag.py
[2026-01-24T12:18:34.482+0000] {processor.py:840} INFO - DAG(s) 'reports_etl_dag' retrieved from /opt/airflow/dags/reports_etl_dag.py
[2026-01-24T12:18:34.522+0000] {logging_mixin.py:188} INFO - [2026-01-24T12:18:34.522+0000] {dag.py:3096} INFO - Sync 1 DAGs
[2026-01-24T12:18:34.549+0000] {logging_mixin.py:188} INFO - [2026-01-24T12:18:34.549+0000] {dag.py:3954} INFO - Setting next_dagrun for reports_etl_dag to 2026-01-24 12:18:00+00:00, run_after=2026-01-24 12:21:00+00:00
[2026-01-24T12:18:34.570+0000] {processor.py:183} INFO - Processing /opt/airflow/dags/reports_etl_dag.py took 0.546 seconds
[2026-01-24T12:19:04.762+0000] {processor.py:161} INFO - Started process (PID=2016) to work on /opt/airflow/dags/reports_etl_dag.py
[2026-01-24T12:19:04.763+0000] {processor.py:830} INFO - Processing file /opt/airflow/dags/reports_etl_dag.py for tasks to queue
[2026-01-24T12:19:04.765+0000] {logging_mixin.py:188} INFO - [2026-01-24T12:19:04.764+0000] {dagbag.py:545} INFO - Filling up the DagBag from /opt/airflow/dags/reports_etl_dag.py
[2026-01-24T12:19:05.189+0000] {processor.py:840} INFO - DAG(s) 'reports_etl_dag' retrieved from /opt/airflow/dags/reports_etl_dag.py
[2026-01-24T12:19:05.237+0000] {logging_mixin.py:188} INFO - [2026-01-24T12:19:05.237+0000] {dag.py:3096} INFO - Sync 1 DAGs
[2026-01-24T12:19:05.263+0000] {logging_mixin.py:188} INFO - [2026-01-24T12:19:05.263+0000] {dag.py:3954} INFO - Setting next_dagrun for reports_etl_dag to 2026-01-24 12:18:00+00:00, run_after=2026-01-24 12:21:00+00:00
[2026-01-24T12:19:05.284+0000] {processor.py:183} INFO - Processing /opt/airflow/dags/reports_etl_dag.py took 0.527 seconds
[2026-01-24T12:19:35.521+0000] {processor.py:161} INFO - Started process (PID=2029) to work on /opt/airflow/dags/reports_etl_dag.py
[2026-01-24T12:19:35.522+0000] {processor.py:830} INFO - Processing file /opt/airflow/dags/reports_etl_dag.py for tasks to queue
[2026-01-24T12:19:35.524+0000] {logging_mixin.py:188} INFO - [2026-01-24T12:19:35.524+0000] {dagbag.py:545} INFO - Filling up the DagBag from /opt/airflow/dags/reports_etl_dag.py
[2026-01-24T12:19:35.990+0000] {processor.py:840} INFO - DAG(s) 'reports_etl_dag' retrieved from /opt/airflow/dags/reports_etl_dag.py
[2026-01-24T12:19:36.025+0000] {logging_mixin.py:188} INFO - [2026-01-24T12:19:36.025+0000] {dag.py:3096} INFO - Sync 1 DAGs
[2026-01-24T12:19:36.050+0000] {logging_mixin.py:188} INFO - [2026-01-24T12:19:36.049+0000] {dag.py:3954} INFO - Setting next_dagrun for reports_etl_dag to 2026-01-24 12:18:00+00:00, run_after=2026-01-24 12:21:00+00:00
[2026-01-24T12:19:36.068+0000] {processor.py:183} INFO - Processing /opt/airflow/dags/reports_etl_dag.py took 0.515 seconds
[2026-01-24T12:20:06.218+0000] {processor.py:161} INFO - Started process (PID=2045) to work on /opt/airflow/dags/reports_etl_dag.py
[2026-01-24T12:20:06.219+0000] {processor.py:830} INFO - Processing file /opt/airflow/dags/reports_etl_dag.py for tasks to queue
[2026-01-24T12:20:06.221+0000] {logging_mixin.py:188} INFO - [2026-01-24T12:20:06.220+0000] {dagbag.py:545} INFO - Filling up the DagBag from /opt/airflow/dags/reports_etl_dag.py
[2026-01-24T12:20:06.653+0000] {processor.py:840} INFO - DAG(s) 'reports_etl_dag' retrieved from /opt/airflow/dags/reports_etl_dag.py
[2026-01-24T12:20:06.687+0000] {logging_mixin.py:188} INFO - [2026-01-24T12:20:06.687+0000] {dag.py:3096} INFO - Sync 1 DAGs
[2026-01-24T12:20:06.710+0000] {logging_mixin.py:188} INFO - [2026-01-24T12:20:06.710+0000] {dag.py:3954} INFO - Setting next_dagrun for reports_etl_dag to 2026-01-24 12:18:00+00:00, run_after=2026-01-24 12:21:00+00:00
[2026-01-24T12:20:06.727+0000] {processor.py:183} INFO - Processing /opt/airflow/dags/reports_etl_dag.py took 0.515 seconds
[2026-01-24T12:20:36.927+0000] {processor.py:161} INFO - Started process (PID=2058) to work on /opt/airflow/dags/reports_etl_dag.py
[2026-01-24T12:20:36.928+0000] {processor.py:830} INFO - Processing file /opt/airflow/dags/reports_etl_dag.py for tasks to queue
[2026-01-24T12:20:36.930+0000] {logging_mixin.py:188} INFO - [2026-01-24T12:20:36.929+0000] {dagbag.py:545} INFO - Filling up the DagBag from /opt/airflow/dags/reports_etl_dag.py
[2026-01-24T12:20:37.350+0000] {processor.py:840} INFO - DAG(s) 'reports_etl_dag' retrieved from /opt/airflow/dags/reports_etl_dag.py
[2026-01-24T12:20:37.387+0000] {logging_mixin.py:188} INFO - [2026-01-24T12:20:37.386+0000] {dag.py:3096} INFO - Sync 1 DAGs
[2026-01-24T12:20:37.410+0000] {logging_mixin.py:188} INFO - [2026-01-24T12:20:37.410+0000] {dag.py:3954} INFO - Setting next_dagrun for reports_etl_dag to 2026-01-24 12:18:00+00:00, run_after=2026-01-24 12:21:00+00:00
[2026-01-24T12:20:37.427+0000] {processor.py:183} INFO - Processing /opt/airflow/dags/reports_etl_dag.py took 0.505 seconds
[2026-01-24T12:21:07.677+0000] {processor.py:161} INFO - Started process (PID=2077) to work on /opt/airflow/dags/reports_etl_dag.py
[2026-01-24T12:21:07.678+0000] {processor.py:830} INFO - Processing file /opt/airflow/dags/reports_etl_dag.py for tasks to queue
[2026-01-24T12:21:07.680+0000] {logging_mixin.py:188} INFO - [2026-01-24T12:21:07.679+0000] {dagbag.py:545} INFO - Filling up the DagBag from /opt/airflow/dags/reports_etl_dag.py
[2026-01-24T12:21:08.129+0000] {processor.py:840} INFO - DAG(s) 'reports_etl_dag' retrieved from /opt/airflow/dags/reports_etl_dag.py
[2026-01-24T12:21:08.163+0000] {logging_mixin.py:188} INFO - [2026-01-24T12:21:08.163+0000] {dag.py:3096} INFO - Sync 1 DAGs
[2026-01-24T12:21:08.188+0000] {logging_mixin.py:188} INFO - [2026-01-24T12:21:08.188+0000] {dag.py:3954} INFO - Setting next_dagrun for reports_etl_dag to 2026-01-24 12:21:00+00:00, run_after=2026-01-24 12:24:00+00:00
[2026-01-24T12:21:08.219+0000] {processor.py:183} INFO - Processing /opt/airflow/dags/reports_etl_dag.py took 0.548 seconds
[2026-01-24T12:21:38.413+0000] {processor.py:161} INFO - Started process (PID=2090) to work on /opt/airflow/dags/reports_etl_dag.py
[2026-01-24T12:21:38.414+0000] {processor.py:830} INFO - Processing file /opt/airflow/dags/reports_etl_dag.py for tasks to queue
[2026-01-24T12:21:38.415+0000] {logging_mixin.py:188} INFO - [2026-01-24T12:21:38.415+0000] {dagbag.py:545} INFO - Filling up the DagBag from /opt/airflow/dags/reports_etl_dag.py
[2026-01-24T12:21:38.742+0000] {processor.py:840} INFO - DAG(s) 'reports_etl_dag' retrieved from /opt/airflow/dags/reports_etl_dag.py
[2026-01-24T12:21:38.793+0000] {logging_mixin.py:188} INFO - [2026-01-24T12:21:38.792+0000] {dag.py:3096} INFO - Sync 1 DAGs
[2026-01-24T12:21:38.826+0000] {logging_mixin.py:188} INFO - [2026-01-24T12:21:38.826+0000] {dag.py:3954} INFO - Setting next_dagrun for reports_etl_dag to 2026-01-24 12:21:00+00:00, run_after=2026-01-24 12:24:00+00:00
[2026-01-24T12:21:38.861+0000] {processor.py:183} INFO - Processing /opt/airflow/dags/reports_etl_dag.py took 0.454 seconds
[2026-01-24T12:22:09.108+0000] {processor.py:161} INFO - Started process (PID=2106) to work on /opt/airflow/dags/reports_etl_dag.py
[2026-01-24T12:22:09.109+0000] {processor.py:830} INFO - Processing file /opt/airflow/dags/reports_etl_dag.py for tasks to queue
[2026-01-24T12:22:09.111+0000] {logging_mixin.py:188} INFO - [2026-01-24T12:22:09.110+0000] {dagbag.py:545} INFO - Filling up the DagBag from /opt/airflow/dags/reports_etl_dag.py
[2026-01-24T12:22:09.463+0000] {processor.py:840} INFO - DAG(s) 'reports_etl_dag' retrieved from /opt/airflow/dags/reports_etl_dag.py
[2026-01-24T12:22:09.506+0000] {logging_mixin.py:188} INFO - [2026-01-24T12:22:09.506+0000] {dag.py:3096} INFO - Sync 1 DAGs
[2026-01-24T12:22:09.540+0000] {logging_mixin.py:188} INFO - [2026-01-24T12:22:09.540+0000] {dag.py:3954} INFO - Setting next_dagrun for reports_etl_dag to 2026-01-24 12:21:00+00:00, run_after=2026-01-24 12:24:00+00:00
[2026-01-24T12:22:09.562+0000] {processor.py:183} INFO - Processing /opt/airflow/dags/reports_etl_dag.py took 0.460 seconds
[2026-01-24T12:22:39.797+0000] {processor.py:161} INFO - Started process (PID=2119) to work on /opt/airflow/dags/reports_etl_dag.py
[2026-01-24T12:22:39.798+0000] {processor.py:830} INFO - Processing file /opt/airflow/dags/reports_etl_dag.py for tasks to queue
[2026-01-24T12:22:39.799+0000] {logging_mixin.py:188} INFO - [2026-01-24T12:22:39.799+0000] {dagbag.py:545} INFO - Filling up the DagBag from /opt/airflow/dags/reports_etl_dag.py
[2026-01-24T12:22:40.152+0000] {processor.py:840} INFO - DAG(s) 'reports_etl_dag' retrieved from /opt/airflow/dags/reports_etl_dag.py
[2026-01-24T12:22:40.191+0000] {logging_mixin.py:188} INFO - [2026-01-24T12:22:40.190+0000] {dag.py:3096} INFO - Sync 1 DAGs
[2026-01-24T12:22:40.216+0000] {logging_mixin.py:188} INFO - [2026-01-24T12:22:40.216+0000] {dag.py:3954} INFO - Setting next_dagrun for reports_etl_dag to 2026-01-24 12:21:00+00:00, run_after=2026-01-24 12:24:00+00:00
[2026-01-24T12:22:40.238+0000] {processor.py:183} INFO - Processing /opt/airflow/dags/reports_etl_dag.py took 0.447 seconds
[2026-01-24T12:23:10.456+0000] {processor.py:161} INFO - Started process (PID=2128) to work on /opt/airflow/dags/reports_etl_dag.py
[2026-01-24T12:23:10.458+0000] {processor.py:830} INFO - Processing file /opt/airflow/dags/reports_etl_dag.py for tasks to queue
[2026-01-24T12:23:10.459+0000] {logging_mixin.py:188} INFO - [2026-01-24T12:23:10.459+0000] {dagbag.py:545} INFO - Filling up the DagBag from /opt/airflow/dags/reports_etl_dag.py
[2026-01-24T12:23:10.794+0000] {processor.py:840} INFO - DAG(s) 'reports_etl_dag' retrieved from /opt/airflow/dags/reports_etl_dag.py
[2026-01-24T12:23:10.832+0000] {logging_mixin.py:188} INFO - [2026-01-24T12:23:10.832+0000] {dag.py:3096} INFO - Sync 1 DAGs
[2026-01-24T12:23:10.858+0000] {logging_mixin.py:188} INFO - [2026-01-24T12:23:10.857+0000] {dag.py:3954} INFO - Setting next_dagrun for reports_etl_dag to 2026-01-24 12:21:00+00:00, run_after=2026-01-24 12:24:00+00:00
[2026-01-24T12:23:10.889+0000] {processor.py:183} INFO - Processing /opt/airflow/dags/reports_etl_dag.py took 0.439 seconds
[2026-01-24T12:23:41.113+0000] {processor.py:161} INFO - Started process (PID=2141) to work on /opt/airflow/dags/reports_etl_dag.py
[2026-01-24T12:23:41.114+0000] {processor.py:830} INFO - Processing file /opt/airflow/dags/reports_etl_dag.py for tasks to queue
[2026-01-24T12:23:41.116+0000] {logging_mixin.py:188} INFO - [2026-01-24T12:23:41.116+0000] {dagbag.py:545} INFO - Filling up the DagBag from /opt/airflow/dags/reports_etl_dag.py
[2026-01-24T12:23:41.439+0000] {processor.py:840} INFO - DAG(s) 'reports_etl_dag' retrieved from /opt/airflow/dags/reports_etl_dag.py
[2026-01-24T12:23:41.475+0000] {logging_mixin.py:188} INFO - [2026-01-24T12:23:41.475+0000] {dag.py:3096} INFO - Sync 1 DAGs
[2026-01-24T12:23:41.507+0000] {logging_mixin.py:188} INFO - [2026-01-24T12:23:41.507+0000] {dag.py:3954} INFO - Setting next_dagrun for reports_etl_dag to 2026-01-24 12:21:00+00:00, run_after=2026-01-24 12:24:00+00:00
[2026-01-24T12:23:41.532+0000] {processor.py:183} INFO - Processing /opt/airflow/dags/reports_etl_dag.py took 0.425 seconds
[2026-01-24T12:24:11.779+0000] {processor.py:161} INFO - Started process (PID=2160) to work on /opt/airflow/dags/reports_etl_dag.py
[2026-01-24T12:24:11.780+0000] {processor.py:830} INFO - Processing file /opt/airflow/dags/reports_etl_dag.py for tasks to queue
[2026-01-24T12:24:11.782+0000] {logging_mixin.py:188} INFO - [2026-01-24T12:24:11.781+0000] {dagbag.py:545} INFO - Filling up the DagBag from /opt/airflow/dags/reports_etl_dag.py
[2026-01-24T12:24:12.126+0000] {processor.py:840} INFO - DAG(s) 'reports_etl_dag' retrieved from /opt/airflow/dags/reports_etl_dag.py
[2026-01-24T12:24:12.164+0000] {logging_mixin.py:188} INFO - [2026-01-24T12:24:12.164+0000] {dag.py:3096} INFO - Sync 1 DAGs
[2026-01-24T12:24:12.189+0000] {logging_mixin.py:188} INFO - [2026-01-24T12:24:12.189+0000] {dag.py:3954} INFO - Setting next_dagrun for reports_etl_dag to 2026-01-24 12:24:00+00:00, run_after=2026-01-24 12:27:00+00:00
[2026-01-24T12:24:12.208+0000] {processor.py:183} INFO - Processing /opt/airflow/dags/reports_etl_dag.py took 0.435 seconds
[2026-01-24T12:24:42.431+0000] {processor.py:161} INFO - Started process (PID=2173) to work on /opt/airflow/dags/reports_etl_dag.py
[2026-01-24T12:24:42.432+0000] {processor.py:830} INFO - Processing file /opt/airflow/dags/reports_etl_dag.py for tasks to queue
[2026-01-24T12:24:42.434+0000] {logging_mixin.py:188} INFO - [2026-01-24T12:24:42.434+0000] {dagbag.py:545} INFO - Filling up the DagBag from /opt/airflow/dags/reports_etl_dag.py
[2026-01-24T12:24:42.763+0000] {processor.py:840} INFO - DAG(s) 'reports_etl_dag' retrieved from /opt/airflow/dags/reports_etl_dag.py
[2026-01-24T12:24:42.801+0000] {logging_mixin.py:188} INFO - [2026-01-24T12:24:42.801+0000] {dag.py:3096} INFO - Sync 1 DAGs
[2026-01-24T12:24:42.829+0000] {logging_mixin.py:188} INFO - [2026-01-24T12:24:42.828+0000] {dag.py:3954} INFO - Setting next_dagrun for reports_etl_dag to 2026-01-24 12:24:00+00:00, run_after=2026-01-24 12:27:00+00:00
[2026-01-24T12:24:42.860+0000] {processor.py:183} INFO - Processing /opt/airflow/dags/reports_etl_dag.py took 0.435 seconds
[2026-01-24T12:25:13.090+0000] {processor.py:161} INFO - Started process (PID=2189) to work on /opt/airflow/dags/reports_etl_dag.py
[2026-01-24T12:25:13.091+0000] {processor.py:830} INFO - Processing file /opt/airflow/dags/reports_etl_dag.py for tasks to queue
[2026-01-24T12:25:13.093+0000] {logging_mixin.py:188} INFO - [2026-01-24T12:25:13.092+0000] {dagbag.py:545} INFO - Filling up the DagBag from /opt/airflow/dags/reports_etl_dag.py
[2026-01-24T12:25:13.414+0000] {processor.py:840} INFO - DAG(s) 'reports_etl_dag' retrieved from /opt/airflow/dags/reports_etl_dag.py
[2026-01-24T12:25:13.453+0000] {logging_mixin.py:188} INFO - [2026-01-24T12:25:13.452+0000] {dag.py:3096} INFO - Sync 1 DAGs
[2026-01-24T12:25:13.480+0000] {logging_mixin.py:188} INFO - [2026-01-24T12:25:13.480+0000] {dag.py:3954} INFO - Setting next_dagrun for reports_etl_dag to 2026-01-24 12:24:00+00:00, run_after=2026-01-24 12:27:00+00:00
[2026-01-24T12:25:13.505+0000] {processor.py:183} INFO - Processing /opt/airflow/dags/reports_etl_dag.py took 0.421 seconds
[2026-01-24T12:25:43.746+0000] {processor.py:161} INFO - Started process (PID=2203) to work on /opt/airflow/dags/reports_etl_dag.py
[2026-01-24T12:25:43.747+0000] {processor.py:830} INFO - Processing file /opt/airflow/dags/reports_etl_dag.py for tasks to queue
[2026-01-24T12:25:43.749+0000] {logging_mixin.py:188} INFO - [2026-01-24T12:25:43.749+0000] {dagbag.py:545} INFO - Filling up the DagBag from /opt/airflow/dags/reports_etl_dag.py
[2026-01-24T12:25:44.073+0000] {processor.py:840} INFO - DAG(s) 'reports_etl_dag' retrieved from /opt/airflow/dags/reports_etl_dag.py
[2026-01-24T12:25:44.109+0000] {logging_mixin.py:188} INFO - [2026-01-24T12:25:44.109+0000] {dag.py:3096} INFO - Sync 1 DAGs
[2026-01-24T12:25:44.135+0000] {logging_mixin.py:188} INFO - [2026-01-24T12:25:44.135+0000] {dag.py:3954} INFO - Setting next_dagrun for reports_etl_dag to 2026-01-24 12:24:00+00:00, run_after=2026-01-24 12:27:00+00:00
[2026-01-24T12:25:44.167+0000] {processor.py:183} INFO - Processing /opt/airflow/dags/reports_etl_dag.py took 0.427 seconds
[2026-01-24T12:26:14.387+0000] {processor.py:161} INFO - Started process (PID=2219) to work on /opt/airflow/dags/reports_etl_dag.py
[2026-01-24T12:26:14.388+0000] {processor.py:830} INFO - Processing file /opt/airflow/dags/reports_etl_dag.py for tasks to queue
[2026-01-24T12:26:14.390+0000] {logging_mixin.py:188} INFO - [2026-01-24T12:26:14.390+0000] {dagbag.py:545} INFO - Filling up the DagBag from /opt/airflow/dags/reports_etl_dag.py
[2026-01-24T12:26:14.715+0000] {processor.py:840} INFO - DAG(s) 'reports_etl_dag' retrieved from /opt/airflow/dags/reports_etl_dag.py
[2026-01-24T12:26:14.752+0000] {logging_mixin.py:188} INFO - [2026-01-24T12:26:14.751+0000] {dag.py:3096} INFO - Sync 1 DAGs
[2026-01-24T12:26:14.779+0000] {logging_mixin.py:188} INFO - [2026-01-24T12:26:14.778+0000] {dag.py:3954} INFO - Setting next_dagrun for reports_etl_dag to 2026-01-24 12:24:00+00:00, run_after=2026-01-24 12:27:00+00:00
[2026-01-24T12:26:14.797+0000] {processor.py:183} INFO - Processing /opt/airflow/dags/reports_etl_dag.py took 0.415 seconds
[2026-01-24T12:26:45.037+0000] {processor.py:161} INFO - Started process (PID=2232) to work on /opt/airflow/dags/reports_etl_dag.py
[2026-01-24T12:26:45.038+0000] {processor.py:830} INFO - Processing file /opt/airflow/dags/reports_etl_dag.py for tasks to queue
[2026-01-24T12:26:45.039+0000] {logging_mixin.py:188} INFO - [2026-01-24T12:26:45.039+0000] {dagbag.py:545} INFO - Filling up the DagBag from /opt/airflow/dags/reports_etl_dag.py
[2026-01-24T12:26:45.364+0000] {processor.py:840} INFO - DAG(s) 'reports_etl_dag' retrieved from /opt/airflow/dags/reports_etl_dag.py
[2026-01-24T12:26:45.400+0000] {logging_mixin.py:188} INFO - [2026-01-24T12:26:45.400+0000] {dag.py:3096} INFO - Sync 1 DAGs
[2026-01-24T12:26:45.425+0000] {logging_mixin.py:188} INFO - [2026-01-24T12:26:45.425+0000] {dag.py:3954} INFO - Setting next_dagrun for reports_etl_dag to 2026-01-24 12:24:00+00:00, run_after=2026-01-24 12:27:00+00:00
[2026-01-24T12:26:45.443+0000] {processor.py:183} INFO - Processing /opt/airflow/dags/reports_etl_dag.py took 0.412 seconds
[2026-01-24T12:27:15.698+0000] {processor.py:161} INFO - Started process (PID=2251) to work on /opt/airflow/dags/reports_etl_dag.py
[2026-01-24T12:27:15.699+0000] {processor.py:830} INFO - Processing file /opt/airflow/dags/reports_etl_dag.py for tasks to queue
[2026-01-24T12:27:15.701+0000] {logging_mixin.py:188} INFO - [2026-01-24T12:27:15.700+0000] {dagbag.py:545} INFO - Filling up the DagBag from /opt/airflow/dags/reports_etl_dag.py
[2026-01-24T12:27:16.026+0000] {processor.py:840} INFO - DAG(s) 'reports_etl_dag' retrieved from /opt/airflow/dags/reports_etl_dag.py
[2026-01-24T12:27:16.062+0000] {logging_mixin.py:188} INFO - [2026-01-24T12:27:16.062+0000] {dag.py:3096} INFO - Sync 1 DAGs
[2026-01-24T12:27:16.088+0000] {logging_mixin.py:188} INFO - [2026-01-24T12:27:16.088+0000] {dag.py:3954} INFO - Setting next_dagrun for reports_etl_dag to 2026-01-24 12:27:00+00:00, run_after=2026-01-24 12:30:00+00:00
[2026-01-24T12:27:16.119+0000] {processor.py:183} INFO - Processing /opt/airflow/dags/reports_etl_dag.py took 0.427 seconds
[2026-01-24T12:27:46.390+0000] {processor.py:161} INFO - Started process (PID=2264) to work on /opt/airflow/dags/reports_etl_dag.py
[2026-01-24T12:27:46.391+0000] {processor.py:830} INFO - Processing file /opt/airflow/dags/reports_etl_dag.py for tasks to queue
[2026-01-24T12:27:46.392+0000] {logging_mixin.py:188} INFO - [2026-01-24T12:27:46.392+0000] {dagbag.py:545} INFO - Filling up the DagBag from /opt/airflow/dags/reports_etl_dag.py
[2026-01-24T12:27:46.715+0000] {processor.py:840} INFO - DAG(s) 'reports_etl_dag' retrieved from /opt/airflow/dags/reports_etl_dag.py
[2026-01-24T12:27:46.753+0000] {logging_mixin.py:188} INFO - [2026-01-24T12:27:46.753+0000] {dag.py:3096} INFO - Sync 1 DAGs
[2026-01-24T12:27:46.780+0000] {logging_mixin.py:188} INFO - [2026-01-24T12:27:46.780+0000] {dag.py:3954} INFO - Setting next_dagrun for reports_etl_dag to 2026-01-24 12:27:00+00:00, run_after=2026-01-24 12:30:00+00:00
[2026-01-24T12:27:46.804+0000] {processor.py:183} INFO - Processing /opt/airflow/dags/reports_etl_dag.py took 0.420 seconds
[2026-01-24T12:28:17.079+0000] {processor.py:161} INFO - Started process (PID=2280) to work on /opt/airflow/dags/reports_etl_dag.py
[2026-01-24T12:28:17.080+0000] {processor.py:830} INFO - Processing file /opt/airflow/dags/reports_etl_dag.py for tasks to queue
[2026-01-24T12:28:17.082+0000] {logging_mixin.py:188} INFO - [2026-01-24T12:28:17.081+0000] {dagbag.py:545} INFO - Filling up the DagBag from /opt/airflow/dags/reports_etl_dag.py
[2026-01-24T12:28:17.407+0000] {processor.py:840} INFO - DAG(s) 'reports_etl_dag' retrieved from /opt/airflow/dags/reports_etl_dag.py
[2026-01-24T12:28:17.444+0000] {logging_mixin.py:188} INFO - [2026-01-24T12:28:17.443+0000] {dag.py:3096} INFO - Sync 1 DAGs
[2026-01-24T12:28:17.470+0000] {logging_mixin.py:188} INFO - [2026-01-24T12:28:17.469+0000] {dag.py:3954} INFO - Setting next_dagrun for reports_etl_dag to 2026-01-24 12:27:00+00:00, run_after=2026-01-24 12:30:00+00:00
[2026-01-24T12:28:17.501+0000] {processor.py:183} INFO - Processing /opt/airflow/dags/reports_etl_dag.py took 0.428 seconds
[2026-01-24T12:28:47.747+0000] {processor.py:161} INFO - Started process (PID=2293) to work on /opt/airflow/dags/reports_etl_dag.py
[2026-01-24T12:28:47.748+0000] {processor.py:830} INFO - Processing file /opt/airflow/dags/reports_etl_dag.py for tasks to queue
[2026-01-24T12:28:47.749+0000] {logging_mixin.py:188} INFO - [2026-01-24T12:28:47.749+0000] {dagbag.py:545} INFO - Filling up the DagBag from /opt/airflow/dags/reports_etl_dag.py
[2026-01-24T12:28:48.078+0000] {processor.py:840} INFO - DAG(s) 'reports_etl_dag' retrieved from /opt/airflow/dags/reports_etl_dag.py
[2026-01-24T12:28:48.117+0000] {logging_mixin.py:188} INFO - [2026-01-24T12:28:48.117+0000] {dag.py:3096} INFO - Sync 1 DAGs
[2026-01-24T12:28:48.143+0000] {logging_mixin.py:188} INFO - [2026-01-24T12:28:48.143+0000] {dag.py:3954} INFO - Setting next_dagrun for reports_etl_dag to 2026-01-24 12:27:00+00:00, run_after=2026-01-24 12:30:00+00:00
[2026-01-24T12:28:48.177+0000] {processor.py:183} INFO - Processing /opt/airflow/dags/reports_etl_dag.py took 0.436 seconds
[2026-01-24T12:29:18.415+0000] {processor.py:161} INFO - Started process (PID=2315) to work on /opt/airflow/dags/reports_etl_dag.py
[2026-01-24T12:29:18.416+0000] {processor.py:830} INFO - Processing file /opt/airflow/dags/reports_etl_dag.py for tasks to queue
[2026-01-24T12:29:18.418+0000] {logging_mixin.py:188} INFO - [2026-01-24T12:29:18.418+0000] {dagbag.py:545} INFO - Filling up the DagBag from /opt/airflow/dags/reports_etl_dag.py
[2026-01-24T12:29:18.746+0000] {processor.py:840} INFO - DAG(s) 'reports_etl_dag' retrieved from /opt/airflow/dags/reports_etl_dag.py
[2026-01-24T12:29:18.784+0000] {logging_mixin.py:188} INFO - [2026-01-24T12:29:18.784+0000] {dag.py:3096} INFO - Sync 1 DAGs
[2026-01-24T12:29:18.810+0000] {logging_mixin.py:188} INFO - [2026-01-24T12:29:18.809+0000] {dag.py:3954} INFO - Setting next_dagrun for reports_etl_dag to 2026-01-24 12:27:00+00:00, run_after=2026-01-24 12:30:00+00:00
[2026-01-24T12:29:18.829+0000] {processor.py:183} INFO - Processing /opt/airflow/dags/reports_etl_dag.py took 0.419 seconds
[2026-01-24T12:29:49.091+0000] {processor.py:161} INFO - Started process (PID=2328) to work on /opt/airflow/dags/reports_etl_dag.py
[2026-01-24T12:29:49.093+0000] {processor.py:830} INFO - Processing file /opt/airflow/dags/reports_etl_dag.py for tasks to queue
[2026-01-24T12:29:49.095+0000] {logging_mixin.py:188} INFO - [2026-01-24T12:29:49.095+0000] {dagbag.py:545} INFO - Filling up the DagBag from /opt/airflow/dags/reports_etl_dag.py
[2026-01-24T12:29:49.455+0000] {processor.py:840} INFO - DAG(s) 'reports_etl_dag' retrieved from /opt/airflow/dags/reports_etl_dag.py
[2026-01-24T12:29:49.495+0000] {logging_mixin.py:188} INFO - [2026-01-24T12:29:49.494+0000] {dag.py:3096} INFO - Sync 1 DAGs
[2026-01-24T12:29:49.524+0000] {logging_mixin.py:188} INFO - [2026-01-24T12:29:49.524+0000] {dag.py:3954} INFO - Setting next_dagrun for reports_etl_dag to 2026-01-24 12:27:00+00:00, run_after=2026-01-24 12:30:00+00:00
[2026-01-24T12:29:49.572+0000] {processor.py:183} INFO - Processing /opt/airflow/dags/reports_etl_dag.py took 0.489 seconds
[2026-01-24T12:31:00.260+0000] {processor.py:161} INFO - Started process (PID=172) to work on /opt/airflow/dags/reports_etl_dag.py
[2026-01-24T12:31:00.261+0000] {processor.py:830} INFO - Processing file /opt/airflow/dags/reports_etl_dag.py for tasks to queue
[2026-01-24T12:31:00.262+0000] {logging_mixin.py:188} INFO - [2026-01-24T12:31:00.262+0000] {dagbag.py:545} INFO - Filling up the DagBag from /opt/airflow/dags/reports_etl_dag.py
[2026-01-24T12:31:01.148+0000] {processor.py:840} INFO - DAG(s) 'reports_etl_dag' retrieved from /opt/airflow/dags/reports_etl_dag.py
[2026-01-24T12:31:01.351+0000] {logging_mixin.py:188} INFO - [2026-01-24T12:31:01.351+0000] {dag.py:3096} INFO - Sync 1 DAGs
[2026-01-24T12:31:01.375+0000] {logging_mixin.py:188} INFO - [2026-01-24T12:31:01.375+0000] {dag.py:3954} INFO - Setting next_dagrun for reports_etl_dag to 2026-01-24 12:30:00+00:00, run_after=2026-01-24 12:33:00+00:00
[2026-01-24T12:31:01.393+0000] {processor.py:183} INFO - Processing /opt/airflow/dags/reports_etl_dag.py took 1.138 seconds
[2026-01-24T12:31:31.497+0000] {processor.py:161} INFO - Started process (PID=195) to work on /opt/airflow/dags/reports_etl_dag.py
[2026-01-24T12:31:31.499+0000] {processor.py:830} INFO - Processing file /opt/airflow/dags/reports_etl_dag.py for tasks to queue
[2026-01-24T12:31:31.500+0000] {logging_mixin.py:188} INFO - [2026-01-24T12:31:31.500+0000] {dagbag.py:545} INFO - Filling up the DagBag from /opt/airflow/dags/reports_etl_dag.py
[2026-01-24T12:31:31.838+0000] {processor.py:840} INFO - DAG(s) 'reports_etl_dag' retrieved from /opt/airflow/dags/reports_etl_dag.py
[2026-01-24T12:31:31.881+0000] {logging_mixin.py:188} INFO - [2026-01-24T12:31:31.880+0000] {dag.py:3096} INFO - Sync 1 DAGs
[2026-01-24T12:31:31.910+0000] {logging_mixin.py:188} INFO - [2026-01-24T12:31:31.910+0000] {dag.py:3954} INFO - Setting next_dagrun for reports_etl_dag to 2026-01-24 12:30:00+00:00, run_after=2026-01-24 12:33:00+00:00
[2026-01-24T12:31:31.933+0000] {processor.py:183} INFO - Processing /opt/airflow/dags/reports_etl_dag.py took 0.441 seconds
[2026-01-24T12:32:02.211+0000] {processor.py:161} INFO - Started process (PID=209) to work on /opt/airflow/dags/reports_etl_dag.py
[2026-01-24T12:32:02.212+0000] {processor.py:830} INFO - Processing file /opt/airflow/dags/reports_etl_dag.py for tasks to queue
[2026-01-24T12:32:02.214+0000] {logging_mixin.py:188} INFO - [2026-01-24T12:32:02.213+0000] {dagbag.py:545} INFO - Filling up the DagBag from /opt/airflow/dags/reports_etl_dag.py
[2026-01-24T12:32:02.559+0000] {processor.py:840} INFO - DAG(s) 'reports_etl_dag' retrieved from /opt/airflow/dags/reports_etl_dag.py
[2026-01-24T12:32:02.607+0000] {logging_mixin.py:188} INFO - [2026-01-24T12:32:02.606+0000] {dag.py:3096} INFO - Sync 1 DAGs
[2026-01-24T12:32:02.632+0000] {logging_mixin.py:188} INFO - [2026-01-24T12:32:02.631+0000] {dag.py:3954} INFO - Setting next_dagrun for reports_etl_dag to 2026-01-24 12:30:00+00:00, run_after=2026-01-24 12:33:00+00:00
[2026-01-24T12:32:02.652+0000] {processor.py:183} INFO - Processing /opt/airflow/dags/reports_etl_dag.py took 0.448 seconds
[2026-01-24T12:32:26.865+0000] {processor.py:161} INFO - Started process (PID=224) to work on /opt/airflow/dags/reports_etl_dag.py
[2026-01-24T12:32:26.866+0000] {processor.py:830} INFO - Processing file /opt/airflow/dags/reports_etl_dag.py for tasks to queue
[2026-01-24T12:32:26.868+0000] {logging_mixin.py:188} INFO - [2026-01-24T12:32:26.867+0000] {dagbag.py:545} INFO - Filling up the DagBag from /opt/airflow/dags/reports_etl_dag.py
[2026-01-24T12:32:27.211+0000] {processor.py:840} INFO - DAG(s) 'reports_etl_dag' retrieved from /opt/airflow/dags/reports_etl_dag.py
[2026-01-24T12:32:27.253+0000] {logging_mixin.py:188} INFO - [2026-01-24T12:32:27.253+0000] {dag.py:3096} INFO - Sync 1 DAGs
[2026-01-24T12:32:27.292+0000] {logging_mixin.py:188} INFO - [2026-01-24T12:32:27.292+0000] {dag.py:3954} INFO - Setting next_dagrun for reports_etl_dag to 2026-01-24 12:30:00+00:00, run_after=2026-01-24 12:33:00+00:00
[2026-01-24T12:32:27.319+0000] {processor.py:183} INFO - Processing /opt/airflow/dags/reports_etl_dag.py took 0.460 seconds
[2026-01-24T12:32:33.920+0000] {processor.py:161} INFO - Started process (PID=230) to work on /opt/airflow/dags/reports_etl_dag.py
[2026-01-24T12:32:33.922+0000] {processor.py:830} INFO - Processing file /opt/airflow/dags/reports_etl_dag.py for tasks to queue
[2026-01-24T12:32:33.923+0000] {logging_mixin.py:188} INFO - [2026-01-24T12:32:33.923+0000] {dagbag.py:545} INFO - Filling up the DagBag from /opt/airflow/dags/reports_etl_dag.py
[2026-01-24T12:32:34.325+0000] {processor.py:840} INFO - DAG(s) 'reports_etl_dag' retrieved from /opt/airflow/dags/reports_etl_dag.py
[2026-01-24T12:32:34.368+0000] {logging_mixin.py:188} INFO - [2026-01-24T12:32:34.368+0000] {dag.py:3096} INFO - Sync 1 DAGs
[2026-01-24T12:32:34.394+0000] {logging_mixin.py:188} INFO - [2026-01-24T12:32:34.393+0000] {dag.py:3954} INFO - Setting next_dagrun for reports_etl_dag to 2026-01-24 12:30:00+00:00, run_after=2026-01-24 12:33:00+00:00
[2026-01-24T12:32:34.422+0000] {processor.py:183} INFO - Processing /opt/airflow/dags/reports_etl_dag.py took 0.508 seconds
[2026-01-24T12:32:44.501+0000] {processor.py:161} INFO - Started process (PID=236) to work on /opt/airflow/dags/reports_etl_dag.py
[2026-01-24T12:32:44.502+0000] {processor.py:830} INFO - Processing file /opt/airflow/dags/reports_etl_dag.py for tasks to queue
[2026-01-24T12:32:44.504+0000] {logging_mixin.py:188} INFO - [2026-01-24T12:32:44.503+0000] {dagbag.py:545} INFO - Filling up the DagBag from /opt/airflow/dags/reports_etl_dag.py
[2026-01-24T12:32:44.845+0000] {processor.py:840} INFO - DAG(s) 'reports_etl_dag' retrieved from /opt/airflow/dags/reports_etl_dag.py
[2026-01-24T12:32:44.884+0000] {logging_mixin.py:188} INFO - [2026-01-24T12:32:44.883+0000] {dag.py:3096} INFO - Sync 1 DAGs
[2026-01-24T12:32:44.912+0000] {logging_mixin.py:188} INFO - [2026-01-24T12:32:44.911+0000] {dag.py:3954} INFO - Setting next_dagrun for reports_etl_dag to 2026-01-24 12:30:00+00:00, run_after=2026-01-24 12:33:00+00:00
[2026-01-24T12:32:44.939+0000] {processor.py:183} INFO - Processing /opt/airflow/dags/reports_etl_dag.py took 0.445 seconds
[2026-01-24T12:32:45.558+0000] {processor.py:161} INFO - Started process (PID=242) to work on /opt/airflow/dags/reports_etl_dag.py
[2026-01-24T12:32:45.560+0000] {processor.py:830} INFO - Processing file /opt/airflow/dags/reports_etl_dag.py for tasks to queue
[2026-01-24T12:32:45.562+0000] {logging_mixin.py:188} INFO - [2026-01-24T12:32:45.561+0000] {dagbag.py:545} INFO - Filling up the DagBag from /opt/airflow/dags/reports_etl_dag.py
[2026-01-24T12:32:45.936+0000] {processor.py:840} INFO - DAG(s) 'reports_etl_dag' retrieved from /opt/airflow/dags/reports_etl_dag.py
[2026-01-24T12:32:45.980+0000] {logging_mixin.py:188} INFO - [2026-01-24T12:32:45.979+0000] {dag.py:3096} INFO - Sync 1 DAGs
[2026-01-24T12:32:46.008+0000] {logging_mixin.py:188} INFO - [2026-01-24T12:32:46.008+0000] {dag.py:3954} INFO - Setting next_dagrun for reports_etl_dag to 2026-01-24 12:30:00+00:00, run_after=2026-01-24 12:33:00+00:00
[2026-01-24T12:32:46.037+0000] {processor.py:183} INFO - Processing /opt/airflow/dags/reports_etl_dag.py took 0.485 seconds
[2026-01-24T12:32:46.990+0000] {processor.py:161} INFO - Started process (PID=248) to work on /opt/airflow/dags/reports_etl_dag.py
[2026-01-24T12:32:46.991+0000] {processor.py:830} INFO - Processing file /opt/airflow/dags/reports_etl_dag.py for tasks to queue
[2026-01-24T12:32:46.993+0000] {logging_mixin.py:188} INFO - [2026-01-24T12:32:46.993+0000] {dagbag.py:545} INFO - Filling up the DagBag from /opt/airflow/dags/reports_etl_dag.py
[2026-01-24T12:32:47.366+0000] {processor.py:840} INFO - DAG(s) 'reports_etl_dag' retrieved from /opt/airflow/dags/reports_etl_dag.py
[2026-01-24T12:32:47.412+0000] {logging_mixin.py:188} INFO - [2026-01-24T12:32:47.412+0000] {dag.py:3096} INFO - Sync 1 DAGs
[2026-01-24T12:32:47.441+0000] {logging_mixin.py:188} INFO - [2026-01-24T12:32:47.441+0000] {dag.py:3954} INFO - Setting next_dagrun for reports_etl_dag to 2026-01-24 12:30:00+00:00, run_after=2026-01-24 12:33:00+00:00
[2026-01-24T12:32:47.469+0000] {processor.py:183} INFO - Processing /opt/airflow/dags/reports_etl_dag.py took 0.486 seconds
[2026-01-24T12:33:17.706+0000] {processor.py:161} INFO - Started process (PID=300) to work on /opt/airflow/dags/reports_etl_dag.py
[2026-01-24T12:33:17.707+0000] {processor.py:830} INFO - Processing file /opt/airflow/dags/reports_etl_dag.py for tasks to queue
[2026-01-24T12:33:17.709+0000] {logging_mixin.py:188} INFO - [2026-01-24T12:33:17.709+0000] {dagbag.py:545} INFO - Filling up the DagBag from /opt/airflow/dags/reports_etl_dag.py
[2026-01-24T12:33:18.039+0000] {processor.py:840} INFO - DAG(s) 'reports_etl_dag' retrieved from /opt/airflow/dags/reports_etl_dag.py
[2026-01-24T12:33:18.077+0000] {logging_mixin.py:188} INFO - [2026-01-24T12:33:18.077+0000] {dag.py:3096} INFO - Sync 1 DAGs
[2026-01-24T12:33:18.103+0000] {logging_mixin.py:188} INFO - [2026-01-24T12:33:18.103+0000] {dag.py:3954} INFO - Setting next_dagrun for reports_etl_dag to 2026-01-24 12:33:00+00:00, run_after=2026-01-24 12:36:00+00:00
[2026-01-24T12:33:18.135+0000] {processor.py:183} INFO - Processing /opt/airflow/dags/reports_etl_dag.py took 0.435 seconds
[2026-01-24T12:33:48.425+0000] {processor.py:161} INFO - Started process (PID=313) to work on /opt/airflow/dags/reports_etl_dag.py
[2026-01-24T12:33:48.427+0000] {processor.py:830} INFO - Processing file /opt/airflow/dags/reports_etl_dag.py for tasks to queue
[2026-01-24T12:33:48.428+0000] {logging_mixin.py:188} INFO - [2026-01-24T12:33:48.428+0000] {dagbag.py:545} INFO - Filling up the DagBag from /opt/airflow/dags/reports_etl_dag.py
[2026-01-24T12:33:48.754+0000] {processor.py:840} INFO - DAG(s) 'reports_etl_dag' retrieved from /opt/airflow/dags/reports_etl_dag.py
[2026-01-24T12:33:48.792+0000] {logging_mixin.py:188} INFO - [2026-01-24T12:33:48.792+0000] {dag.py:3096} INFO - Sync 1 DAGs
[2026-01-24T12:33:48.818+0000] {logging_mixin.py:188} INFO - [2026-01-24T12:33:48.818+0000] {dag.py:3954} INFO - Setting next_dagrun for reports_etl_dag to 2026-01-24 12:33:00+00:00, run_after=2026-01-24 12:36:00+00:00
[2026-01-24T12:33:48.849+0000] {processor.py:183} INFO - Processing /opt/airflow/dags/reports_etl_dag.py took 0.430 seconds
[2026-01-24T12:34:19.052+0000] {processor.py:161} INFO - Started process (PID=398) to work on /opt/airflow/dags/reports_etl_dag.py
[2026-01-24T12:34:19.054+0000] {processor.py:830} INFO - Processing file /opt/airflow/dags/reports_etl_dag.py for tasks to queue
[2026-01-24T12:34:19.056+0000] {logging_mixin.py:188} INFO - [2026-01-24T12:34:19.055+0000] {dagbag.py:545} INFO - Filling up the DagBag from /opt/airflow/dags/reports_etl_dag.py
[2026-01-24T12:34:19.449+0000] {processor.py:840} INFO - DAG(s) 'reports_etl_dag' retrieved from /opt/airflow/dags/reports_etl_dag.py
[2026-01-24T12:34:19.492+0000] {logging_mixin.py:188} INFO - [2026-01-24T12:34:19.492+0000] {dag.py:3096} INFO - Sync 1 DAGs
[2026-01-24T12:34:19.526+0000] {logging_mixin.py:188} INFO - [2026-01-24T12:34:19.526+0000] {dag.py:3954} INFO - Setting next_dagrun for reports_etl_dag to 2026-01-24 12:33:00+00:00, run_after=2026-01-24 12:36:00+00:00
[2026-01-24T12:34:19.551+0000] {processor.py:183} INFO - Processing /opt/airflow/dags/reports_etl_dag.py took 0.505 seconds
[2026-01-24T12:35:15.004+0000] {processor.py:161} INFO - Started process (PID=172) to work on /opt/airflow/dags/reports_etl_dag.py
[2026-01-24T12:35:15.005+0000] {processor.py:830} INFO - Processing file /opt/airflow/dags/reports_etl_dag.py for tasks to queue
[2026-01-24T12:35:15.007+0000] {logging_mixin.py:188} INFO - [2026-01-24T12:35:15.006+0000] {dagbag.py:545} INFO - Filling up the DagBag from /opt/airflow/dags/reports_etl_dag.py
[2026-01-24T12:35:15.985+0000] {processor.py:840} INFO - DAG(s) 'reports_etl_dag' retrieved from /opt/airflow/dags/reports_etl_dag.py
[2026-01-24T12:35:16.175+0000] {logging_mixin.py:188} INFO - [2026-01-24T12:35:16.175+0000] {dag.py:3096} INFO - Sync 1 DAGs
[2026-01-24T12:35:16.199+0000] {logging_mixin.py:188} INFO - [2026-01-24T12:35:16.199+0000] {dag.py:3954} INFO - Setting next_dagrun for reports_etl_dag to 2026-01-24 12:33:00+00:00, run_after=2026-01-24 12:36:00+00:00
[2026-01-24T12:35:16.219+0000] {processor.py:183} INFO - Processing /opt/airflow/dags/reports_etl_dag.py took 1.221 seconds
[2026-01-24T12:35:46.458+0000] {processor.py:161} INFO - Started process (PID=222) to work on /opt/airflow/dags/reports_etl_dag.py
[2026-01-24T12:35:46.459+0000] {processor.py:830} INFO - Processing file /opt/airflow/dags/reports_etl_dag.py for tasks to queue
[2026-01-24T12:35:46.460+0000] {logging_mixin.py:188} INFO - [2026-01-24T12:35:46.460+0000] {dagbag.py:545} INFO - Filling up the DagBag from /opt/airflow/dags/reports_etl_dag.py
[2026-01-24T12:35:46.782+0000] {processor.py:840} INFO - DAG(s) 'reports_etl_dag' retrieved from /opt/airflow/dags/reports_etl_dag.py
[2026-01-24T12:35:46.820+0000] {logging_mixin.py:188} INFO - [2026-01-24T12:35:46.820+0000] {dag.py:3096} INFO - Sync 1 DAGs
[2026-01-24T12:35:46.847+0000] {logging_mixin.py:188} INFO - [2026-01-24T12:35:46.847+0000] {dag.py:3954} INFO - Setting next_dagrun for reports_etl_dag to 2026-01-24 12:33:00+00:00, run_after=2026-01-24 12:36:00+00:00
[2026-01-24T12:35:46.867+0000] {processor.py:183} INFO - Processing /opt/airflow/dags/reports_etl_dag.py took 0.414 seconds
[2026-01-24T12:36:17.082+0000] {processor.py:161} INFO - Started process (PID=280) to work on /opt/airflow/dags/reports_etl_dag.py
[2026-01-24T12:36:17.083+0000] {processor.py:830} INFO - Processing file /opt/airflow/dags/reports_etl_dag.py for tasks to queue
[2026-01-24T12:36:17.084+0000] {logging_mixin.py:188} INFO - [2026-01-24T12:36:17.084+0000] {dagbag.py:545} INFO - Filling up the DagBag from /opt/airflow/dags/reports_etl_dag.py
[2026-01-24T12:36:17.421+0000] {processor.py:840} INFO - DAG(s) 'reports_etl_dag' retrieved from /opt/airflow/dags/reports_etl_dag.py
[2026-01-24T12:36:17.460+0000] {logging_mixin.py:188} INFO - [2026-01-24T12:36:17.459+0000] {dag.py:3096} INFO - Sync 1 DAGs
[2026-01-24T12:36:17.485+0000] {logging_mixin.py:188} INFO - [2026-01-24T12:36:17.485+0000] {dag.py:3954} INFO - Setting next_dagrun for reports_etl_dag to 2026-01-24 12:36:00+00:00, run_after=2026-01-24 12:39:00+00:00
[2026-01-24T12:36:17.505+0000] {processor.py:183} INFO - Processing /opt/airflow/dags/reports_etl_dag.py took 0.429 seconds
[2026-01-24T12:36:47.754+0000] {processor.py:161} INFO - Started process (PID=324) to work on /opt/airflow/dags/reports_etl_dag.py
[2026-01-24T12:36:47.756+0000] {processor.py:830} INFO - Processing file /opt/airflow/dags/reports_etl_dag.py for tasks to queue
[2026-01-24T12:36:47.758+0000] {logging_mixin.py:188} INFO - [2026-01-24T12:36:47.757+0000] {dagbag.py:545} INFO - Filling up the DagBag from /opt/airflow/dags/reports_etl_dag.py
[2026-01-24T12:36:48.087+0000] {processor.py:840} INFO - DAG(s) 'reports_etl_dag' retrieved from /opt/airflow/dags/reports_etl_dag.py
[2026-01-24T12:36:48.126+0000] {logging_mixin.py:188} INFO - [2026-01-24T12:36:48.125+0000] {dag.py:3096} INFO - Sync 1 DAGs
[2026-01-24T12:36:48.152+0000] {logging_mixin.py:188} INFO - [2026-01-24T12:36:48.152+0000] {dag.py:3954} INFO - Setting next_dagrun for reports_etl_dag to 2026-01-24 12:36:00+00:00, run_after=2026-01-24 12:39:00+00:00
[2026-01-24T12:36:48.186+0000] {processor.py:183} INFO - Processing /opt/airflow/dags/reports_etl_dag.py took 0.437 seconds
[2026-01-24T12:37:18.421+0000] {processor.py:161} INFO - Started process (PID=374) to work on /opt/airflow/dags/reports_etl_dag.py
[2026-01-24T12:37:18.422+0000] {processor.py:830} INFO - Processing file /opt/airflow/dags/reports_etl_dag.py for tasks to queue
[2026-01-24T12:37:18.424+0000] {logging_mixin.py:188} INFO - [2026-01-24T12:37:18.424+0000] {dagbag.py:545} INFO - Filling up the DagBag from /opt/airflow/dags/reports_etl_dag.py
[2026-01-24T12:37:18.758+0000] {processor.py:840} INFO - DAG(s) 'reports_etl_dag' retrieved from /opt/airflow/dags/reports_etl_dag.py
[2026-01-24T12:37:18.797+0000] {logging_mixin.py:188} INFO - [2026-01-24T12:37:18.797+0000] {dag.py:3096} INFO - Sync 1 DAGs
[2026-01-24T12:37:18.823+0000] {logging_mixin.py:188} INFO - [2026-01-24T12:37:18.823+0000] {dag.py:3954} INFO - Setting next_dagrun for reports_etl_dag to 2026-01-24 12:36:00+00:00, run_after=2026-01-24 12:39:00+00:00
[2026-01-24T12:37:18.843+0000] {processor.py:183} INFO - Processing /opt/airflow/dags/reports_etl_dag.py took 0.428 seconds
[2026-01-24T12:37:49.040+0000] {processor.py:161} INFO - Started process (PID=387) to work on /opt/airflow/dags/reports_etl_dag.py
[2026-01-24T12:37:49.041+0000] {processor.py:830} INFO - Processing file /opt/airflow/dags/reports_etl_dag.py for tasks to queue
[2026-01-24T12:37:49.043+0000] {logging_mixin.py:188} INFO - [2026-01-24T12:37:49.042+0000] {dagbag.py:545} INFO - Filling up the DagBag from /opt/airflow/dags/reports_etl_dag.py
[2026-01-24T12:37:49.389+0000] {processor.py:840} INFO - DAG(s) 'reports_etl_dag' retrieved from /opt/airflow/dags/reports_etl_dag.py
[2026-01-24T12:37:49.428+0000] {logging_mixin.py:188} INFO - [2026-01-24T12:37:49.428+0000] {dag.py:3096} INFO - Sync 1 DAGs
[2026-01-24T12:37:49.457+0000] {logging_mixin.py:188} INFO - [2026-01-24T12:37:49.457+0000] {dag.py:3954} INFO - Setting next_dagrun for reports_etl_dag to 2026-01-24 12:36:00+00:00, run_after=2026-01-24 12:39:00+00:00
[2026-01-24T12:37:49.496+0000] {processor.py:183} INFO - Processing /opt/airflow/dags/reports_etl_dag.py took 0.463 seconds
[2026-01-24T12:38:19.691+0000] {processor.py:161} INFO - Started process (PID=420) to work on /opt/airflow/dags/reports_etl_dag.py
[2026-01-24T12:38:19.692+0000] {processor.py:830} INFO - Processing file /opt/airflow/dags/reports_etl_dag.py for tasks to queue
[2026-01-24T12:38:19.693+0000] {logging_mixin.py:188} INFO - [2026-01-24T12:38:19.693+0000] {dagbag.py:545} INFO - Filling up the DagBag from /opt/airflow/dags/reports_etl_dag.py
[2026-01-24T12:38:20.016+0000] {processor.py:840} INFO - DAG(s) 'reports_etl_dag' retrieved from /opt/airflow/dags/reports_etl_dag.py
[2026-01-24T12:38:20.057+0000] {logging_mixin.py:188} INFO - [2026-01-24T12:38:20.056+0000] {dag.py:3096} INFO - Sync 1 DAGs
[2026-01-24T12:38:20.085+0000] {logging_mixin.py:188} INFO - [2026-01-24T12:38:20.084+0000] {dag.py:3954} INFO - Setting next_dagrun for reports_etl_dag to 2026-01-24 12:36:00+00:00, run_after=2026-01-24 12:39:00+00:00
[2026-01-24T12:38:20.104+0000] {processor.py:183} INFO - Processing /opt/airflow/dags/reports_etl_dag.py took 0.420 seconds
[2026-01-24T12:38:50.287+0000] {processor.py:161} INFO - Started process (PID=433) to work on /opt/airflow/dags/reports_etl_dag.py
[2026-01-24T12:38:50.288+0000] {processor.py:830} INFO - Processing file /opt/airflow/dags/reports_etl_dag.py for tasks to queue
[2026-01-24T12:38:50.290+0000] {logging_mixin.py:188} INFO - [2026-01-24T12:38:50.290+0000] {dagbag.py:545} INFO - Filling up the DagBag from /opt/airflow/dags/reports_etl_dag.py
[2026-01-24T12:38:50.678+0000] {processor.py:840} INFO - DAG(s) 'reports_etl_dag' retrieved from /opt/airflow/dags/reports_etl_dag.py
[2026-01-24T12:38:50.722+0000] {logging_mixin.py:188} INFO - [2026-01-24T12:38:50.722+0000] {dag.py:3096} INFO - Sync 1 DAGs
[2026-01-24T12:38:50.755+0000] {logging_mixin.py:188} INFO - [2026-01-24T12:38:50.755+0000] {dag.py:3954} INFO - Setting next_dagrun for reports_etl_dag to 2026-01-24 12:36:00+00:00, run_after=2026-01-24 12:39:00+00:00
[2026-01-24T12:38:50.781+0000] {processor.py:183} INFO - Processing /opt/airflow/dags/reports_etl_dag.py took 0.502 seconds
[2026-01-24T12:39:20.955+0000] {processor.py:161} INFO - Started process (PID=525) to work on /opt/airflow/dags/reports_etl_dag.py
[2026-01-24T12:39:20.956+0000] {processor.py:830} INFO - Processing file /opt/airflow/dags/reports_etl_dag.py for tasks to queue
[2026-01-24T12:39:20.957+0000] {logging_mixin.py:188} INFO - [2026-01-24T12:39:20.957+0000] {dagbag.py:545} INFO - Filling up the DagBag from /opt/airflow/dags/reports_etl_dag.py
[2026-01-24T12:39:21.352+0000] {processor.py:840} INFO - DAG(s) 'reports_etl_dag' retrieved from /opt/airflow/dags/reports_etl_dag.py
[2026-01-24T12:39:21.394+0000] {logging_mixin.py:188} INFO - [2026-01-24T12:39:21.393+0000] {dag.py:3096} INFO - Sync 1 DAGs
[2026-01-24T12:39:21.421+0000] {logging_mixin.py:188} INFO - [2026-01-24T12:39:21.421+0000] {dag.py:3954} INFO - Setting next_dagrun for reports_etl_dag to 2026-01-24 12:39:00+00:00, run_after=2026-01-24 12:42:00+00:00
[2026-01-24T12:39:21.454+0000] {processor.py:183} INFO - Processing /opt/airflow/dags/reports_etl_dag.py took 0.504 seconds
[2026-01-24T12:39:51.624+0000] {processor.py:161} INFO - Started process (PID=538) to work on /opt/airflow/dags/reports_etl_dag.py
[2026-01-24T12:39:51.636+0000] {processor.py:830} INFO - Processing file /opt/airflow/dags/reports_etl_dag.py for tasks to queue
[2026-01-24T12:39:51.637+0000] {logging_mixin.py:188} INFO - [2026-01-24T12:39:51.637+0000] {dagbag.py:545} INFO - Filling up the DagBag from /opt/airflow/dags/reports_etl_dag.py
[2026-01-24T12:39:52.025+0000] {processor.py:840} INFO - DAG(s) 'reports_etl_dag' retrieved from /opt/airflow/dags/reports_etl_dag.py
[2026-01-24T12:39:52.065+0000] {logging_mixin.py:188} INFO - [2026-01-24T12:39:52.065+0000] {dag.py:3096} INFO - Sync 1 DAGs
[2026-01-24T12:39:52.094+0000] {logging_mixin.py:188} INFO - [2026-01-24T12:39:52.093+0000] {dag.py:3954} INFO - Setting next_dagrun for reports_etl_dag to 2026-01-24 12:39:00+00:00, run_after=2026-01-24 12:42:00+00:00
[2026-01-24T12:39:52.117+0000] {processor.py:183} INFO - Processing /opt/airflow/dags/reports_etl_dag.py took 0.499 seconds
[2026-01-24T12:40:22.336+0000] {processor.py:161} INFO - Started process (PID=564) to work on /opt/airflow/dags/reports_etl_dag.py
[2026-01-24T12:40:22.337+0000] {processor.py:830} INFO - Processing file /opt/airflow/dags/reports_etl_dag.py for tasks to queue
[2026-01-24T12:40:22.339+0000] {logging_mixin.py:188} INFO - [2026-01-24T12:40:22.339+0000] {dagbag.py:545} INFO - Filling up the DagBag from /opt/airflow/dags/reports_etl_dag.py
[2026-01-24T12:40:22.697+0000] {processor.py:840} INFO - DAG(s) 'reports_etl_dag' retrieved from /opt/airflow/dags/reports_etl_dag.py
[2026-01-24T12:40:22.738+0000] {logging_mixin.py:188} INFO - [2026-01-24T12:40:22.738+0000] {dag.py:3096} INFO - Sync 1 DAGs
[2026-01-24T12:40:22.768+0000] {logging_mixin.py:188} INFO - [2026-01-24T12:40:22.768+0000] {dag.py:3954} INFO - Setting next_dagrun for reports_etl_dag to 2026-01-24 12:39:00+00:00, run_after=2026-01-24 12:42:00+00:00
[2026-01-24T12:40:22.801+0000] {processor.py:183} INFO - Processing /opt/airflow/dags/reports_etl_dag.py took 0.471 seconds
[2026-01-24T12:40:53.014+0000] {processor.py:161} INFO - Started process (PID=577) to work on /opt/airflow/dags/reports_etl_dag.py
[2026-01-24T12:40:53.015+0000] {processor.py:830} INFO - Processing file /opt/airflow/dags/reports_etl_dag.py for tasks to queue
[2026-01-24T12:40:53.017+0000] {logging_mixin.py:188} INFO - [2026-01-24T12:40:53.017+0000] {dagbag.py:545} INFO - Filling up the DagBag from /opt/airflow/dags/reports_etl_dag.py
[2026-01-24T12:40:53.345+0000] {processor.py:840} INFO - DAG(s) 'reports_etl_dag' retrieved from /opt/airflow/dags/reports_etl_dag.py
[2026-01-24T12:40:53.383+0000] {logging_mixin.py:188} INFO - [2026-01-24T12:40:53.383+0000] {dag.py:3096} INFO - Sync 1 DAGs
[2026-01-24T12:40:53.410+0000] {logging_mixin.py:188} INFO - [2026-01-24T12:40:53.410+0000] {dag.py:3954} INFO - Setting next_dagrun for reports_etl_dag to 2026-01-24 12:39:00+00:00, run_after=2026-01-24 12:42:00+00:00
[2026-01-24T12:40:53.430+0000] {processor.py:183} INFO - Processing /opt/airflow/dags/reports_etl_dag.py took 0.421 seconds
[2026-01-24T12:41:23.626+0000] {processor.py:161} INFO - Started process (PID=630) to work on /opt/airflow/dags/reports_etl_dag.py
[2026-01-24T12:41:23.628+0000] {processor.py:830} INFO - Processing file /opt/airflow/dags/reports_etl_dag.py for tasks to queue
[2026-01-24T12:41:23.630+0000] {logging_mixin.py:188} INFO - [2026-01-24T12:41:23.630+0000] {dagbag.py:545} INFO - Filling up the DagBag from /opt/airflow/dags/reports_etl_dag.py
[2026-01-24T12:41:24.155+0000] {processor.py:840} INFO - DAG(s) 'reports_etl_dag' retrieved from /opt/airflow/dags/reports_etl_dag.py
[2026-01-24T12:41:24.210+0000] {logging_mixin.py:188} INFO - [2026-01-24T12:41:24.209+0000] {dag.py:3096} INFO - Sync 1 DAGs
[2026-01-24T12:41:24.251+0000] {logging_mixin.py:188} INFO - [2026-01-24T12:41:24.251+0000] {dag.py:3954} INFO - Setting next_dagrun for reports_etl_dag to 2026-01-24 12:39:00+00:00, run_after=2026-01-24 12:42:00+00:00
[2026-01-24T12:41:24.273+0000] {processor.py:183} INFO - Processing /opt/airflow/dags/reports_etl_dag.py took 0.657 seconds
[2026-01-24T12:42:51.200+0000] {processor.py:161} INFO - Started process (PID=172) to work on /opt/airflow/dags/reports_etl_dag.py
[2026-01-24T12:42:51.201+0000] {processor.py:830} INFO - Processing file /opt/airflow/dags/reports_etl_dag.py for tasks to queue
[2026-01-24T12:42:51.203+0000] {logging_mixin.py:188} INFO - [2026-01-24T12:42:51.203+0000] {dagbag.py:545} INFO - Filling up the DagBag from /opt/airflow/dags/reports_etl_dag.py
[2026-01-24T12:42:52.212+0000] {processor.py:840} INFO - DAG(s) 'reports_etl_dag' retrieved from /opt/airflow/dags/reports_etl_dag.py
[2026-01-24T12:42:52.449+0000] {logging_mixin.py:188} INFO - [2026-01-24T12:42:52.448+0000] {dag.py:3096} INFO - Sync 1 DAGs
[2026-01-24T12:42:52.479+0000] {logging_mixin.py:188} INFO - [2026-01-24T12:42:52.479+0000] {dag.py:3954} INFO - Setting next_dagrun for reports_etl_dag to 2026-01-24 12:42:00+00:00, run_after=2026-01-24 12:45:00+00:00
[2026-01-24T12:42:52.504+0000] {processor.py:183} INFO - Processing /opt/airflow/dags/reports_etl_dag.py took 1.310 seconds
[2026-01-24T12:43:22.677+0000] {processor.py:161} INFO - Started process (PID=248) to work on /opt/airflow/dags/reports_etl_dag.py
[2026-01-24T12:43:22.678+0000] {processor.py:830} INFO - Processing file /opt/airflow/dags/reports_etl_dag.py for tasks to queue
[2026-01-24T12:43:22.679+0000] {logging_mixin.py:188} INFO - [2026-01-24T12:43:22.679+0000] {dagbag.py:545} INFO - Filling up the DagBag from /opt/airflow/dags/reports_etl_dag.py
[2026-01-24T12:43:23.015+0000] {processor.py:840} INFO - DAG(s) 'reports_etl_dag' retrieved from /opt/airflow/dags/reports_etl_dag.py
[2026-01-24T12:43:23.053+0000] {logging_mixin.py:188} INFO - [2026-01-24T12:43:23.053+0000] {dag.py:3096} INFO - Sync 1 DAGs
[2026-01-24T12:43:23.080+0000] {logging_mixin.py:188} INFO - [2026-01-24T12:43:23.080+0000] {dag.py:3954} INFO - Setting next_dagrun for reports_etl_dag to 2026-01-24 12:42:00+00:00, run_after=2026-01-24 12:45:00+00:00
[2026-01-24T12:43:23.111+0000] {processor.py:183} INFO - Processing /opt/airflow/dags/reports_etl_dag.py took 0.440 seconds
[2026-01-24T12:43:53.364+0000] {processor.py:161} INFO - Started process (PID=261) to work on /opt/airflow/dags/reports_etl_dag.py
[2026-01-24T12:43:53.365+0000] {processor.py:830} INFO - Processing file /opt/airflow/dags/reports_etl_dag.py for tasks to queue
[2026-01-24T12:43:53.367+0000] {logging_mixin.py:188} INFO - [2026-01-24T12:43:53.366+0000] {dagbag.py:545} INFO - Filling up the DagBag from /opt/airflow/dags/reports_etl_dag.py
[2026-01-24T12:43:53.688+0000] {processor.py:840} INFO - DAG(s) 'reports_etl_dag' retrieved from /opt/airflow/dags/reports_etl_dag.py
[2026-01-24T12:43:53.725+0000] {logging_mixin.py:188} INFO - [2026-01-24T12:43:53.725+0000] {dag.py:3096} INFO - Sync 1 DAGs
[2026-01-24T12:43:53.752+0000] {logging_mixin.py:188} INFO - [2026-01-24T12:43:53.752+0000] {dag.py:3954} INFO - Setting next_dagrun for reports_etl_dag to 2026-01-24 12:42:00+00:00, run_after=2026-01-24 12:45:00+00:00
[2026-01-24T12:43:53.775+0000] {processor.py:183} INFO - Processing /opt/airflow/dags/reports_etl_dag.py took 0.417 seconds
[2026-01-24T12:44:23.966+0000] {processor.py:161} INFO - Started process (PID=334) to work on /opt/airflow/dags/reports_etl_dag.py
[2026-01-24T12:44:23.967+0000] {processor.py:830} INFO - Processing file /opt/airflow/dags/reports_etl_dag.py for tasks to queue
[2026-01-24T12:44:23.969+0000] {logging_mixin.py:188} INFO - [2026-01-24T12:44:23.969+0000] {dagbag.py:545} INFO - Filling up the DagBag from /opt/airflow/dags/reports_etl_dag.py
[2026-01-24T12:44:24.295+0000] {processor.py:840} INFO - DAG(s) 'reports_etl_dag' retrieved from /opt/airflow/dags/reports_etl_dag.py
[2026-01-24T12:44:24.334+0000] {logging_mixin.py:188} INFO - [2026-01-24T12:44:24.334+0000] {dag.py:3096} INFO - Sync 1 DAGs
[2026-01-24T12:44:24.360+0000] {logging_mixin.py:188} INFO - [2026-01-24T12:44:24.360+0000] {dag.py:3954} INFO - Setting next_dagrun for reports_etl_dag to 2026-01-24 12:42:00+00:00, run_after=2026-01-24 12:45:00+00:00
[2026-01-24T12:44:24.380+0000] {processor.py:183} INFO - Processing /opt/airflow/dags/reports_etl_dag.py took 0.419 seconds
[2026-01-24T12:44:54.591+0000] {processor.py:161} INFO - Started process (PID=386) to work on /opt/airflow/dags/reports_etl_dag.py
[2026-01-24T12:44:54.592+0000] {processor.py:830} INFO - Processing file /opt/airflow/dags/reports_etl_dag.py for tasks to queue
[2026-01-24T12:44:54.593+0000] {logging_mixin.py:188} INFO - [2026-01-24T12:44:54.593+0000] {dagbag.py:545} INFO - Filling up the DagBag from /opt/airflow/dags/reports_etl_dag.py
[2026-01-24T12:44:54.924+0000] {processor.py:840} INFO - DAG(s) 'reports_etl_dag' retrieved from /opt/airflow/dags/reports_etl_dag.py
[2026-01-24T12:44:54.966+0000] {logging_mixin.py:188} INFO - [2026-01-24T12:44:54.965+0000] {dag.py:3096} INFO - Sync 1 DAGs
[2026-01-24T12:44:54.992+0000] {logging_mixin.py:188} INFO - [2026-01-24T12:44:54.992+0000] {dag.py:3954} INFO - Setting next_dagrun for reports_etl_dag to 2026-01-24 12:42:00+00:00, run_after=2026-01-24 12:45:00+00:00
[2026-01-24T12:44:55.012+0000] {processor.py:183} INFO - Processing /opt/airflow/dags/reports_etl_dag.py took 0.427 seconds
[2026-01-24T12:45:25.201+0000] {processor.py:161} INFO - Started process (PID=459) to work on /opt/airflow/dags/reports_etl_dag.py
[2026-01-24T12:45:25.202+0000] {processor.py:830} INFO - Processing file /opt/airflow/dags/reports_etl_dag.py for tasks to queue
[2026-01-24T12:45:25.204+0000] {logging_mixin.py:188} INFO - [2026-01-24T12:45:25.203+0000] {dagbag.py:545} INFO - Filling up the DagBag from /opt/airflow/dags/reports_etl_dag.py
[2026-01-24T12:45:25.535+0000] {processor.py:840} INFO - DAG(s) 'reports_etl_dag' retrieved from /opt/airflow/dags/reports_etl_dag.py
[2026-01-24T12:45:25.573+0000] {logging_mixin.py:188} INFO - [2026-01-24T12:45:25.572+0000] {dag.py:3096} INFO - Sync 1 DAGs
[2026-01-24T12:45:25.601+0000] {logging_mixin.py:188} INFO - [2026-01-24T12:45:25.600+0000] {dag.py:3954} INFO - Setting next_dagrun for reports_etl_dag to 2026-01-24 12:45:00+00:00, run_after=2026-01-24 12:48:00+00:00
[2026-01-24T12:45:25.634+0000] {processor.py:183} INFO - Processing /opt/airflow/dags/reports_etl_dag.py took 0.439 seconds
[2026-01-24T12:46:48.300+0000] {processor.py:161} INFO - Started process (PID=172) to work on /opt/airflow/dags/reports_etl_dag.py
[2026-01-24T12:46:48.301+0000] {processor.py:830} INFO - Processing file /opt/airflow/dags/reports_etl_dag.py for tasks to queue
[2026-01-24T12:46:48.302+0000] {logging_mixin.py:188} INFO - [2026-01-24T12:46:48.302+0000] {dagbag.py:545} INFO - Filling up the DagBag from /opt/airflow/dags/reports_etl_dag.py
[2026-01-24T12:46:49.262+0000] {processor.py:840} INFO - DAG(s) 'reports_etl_dag' retrieved from /opt/airflow/dags/reports_etl_dag.py
[2026-01-24T12:46:49.466+0000] {logging_mixin.py:188} INFO - [2026-01-24T12:46:49.466+0000] {dag.py:3096} INFO - Sync 1 DAGs
[2026-01-24T12:46:49.492+0000] {logging_mixin.py:188} INFO - [2026-01-24T12:46:49.492+0000] {dag.py:3954} INFO - Setting next_dagrun for reports_etl_dag to 2026-01-24 12:45:00+00:00, run_after=2026-01-24 12:48:00+00:00
[2026-01-24T12:46:49.513+0000] {processor.py:183} INFO - Processing /opt/airflow/dags/reports_etl_dag.py took 1.219 seconds
[2026-01-24T12:47:19.710+0000] {processor.py:161} INFO - Started process (PID=231) to work on /opt/airflow/dags/reports_etl_dag.py
[2026-01-24T12:47:19.711+0000] {processor.py:830} INFO - Processing file /opt/airflow/dags/reports_etl_dag.py for tasks to queue
[2026-01-24T12:47:19.713+0000] {logging_mixin.py:188} INFO - [2026-01-24T12:47:19.712+0000] {dagbag.py:545} INFO - Filling up the DagBag from /opt/airflow/dags/reports_etl_dag.py
[2026-01-24T12:47:20.063+0000] {processor.py:840} INFO - DAG(s) 'reports_etl_dag' retrieved from /opt/airflow/dags/reports_etl_dag.py
[2026-01-24T12:47:20.100+0000] {logging_mixin.py:188} INFO - [2026-01-24T12:47:20.099+0000] {dag.py:3096} INFO - Sync 1 DAGs
[2026-01-24T12:47:20.127+0000] {logging_mixin.py:188} INFO - [2026-01-24T12:47:20.127+0000] {dag.py:3954} INFO - Setting next_dagrun for reports_etl_dag to 2026-01-24 12:45:00+00:00, run_after=2026-01-24 12:48:00+00:00
[2026-01-24T12:47:20.159+0000] {processor.py:183} INFO - Processing /opt/airflow/dags/reports_etl_dag.py took 0.455 seconds
[2026-01-24T12:47:50.361+0000] {processor.py:161} INFO - Started process (PID=244) to work on /opt/airflow/dags/reports_etl_dag.py
[2026-01-24T12:47:50.362+0000] {processor.py:830} INFO - Processing file /opt/airflow/dags/reports_etl_dag.py for tasks to queue
[2026-01-24T12:47:50.364+0000] {logging_mixin.py:188} INFO - [2026-01-24T12:47:50.364+0000] {dagbag.py:545} INFO - Filling up the DagBag from /opt/airflow/dags/reports_etl_dag.py
[2026-01-24T12:47:50.687+0000] {processor.py:840} INFO - DAG(s) 'reports_etl_dag' retrieved from /opt/airflow/dags/reports_etl_dag.py
[2026-01-24T12:47:50.725+0000] {logging_mixin.py:188} INFO - [2026-01-24T12:47:50.724+0000] {dag.py:3096} INFO - Sync 1 DAGs
[2026-01-24T12:47:50.751+0000] {logging_mixin.py:188} INFO - [2026-01-24T12:47:50.751+0000] {dag.py:3954} INFO - Setting next_dagrun for reports_etl_dag to 2026-01-24 12:45:00+00:00, run_after=2026-01-24 12:48:00+00:00
[2026-01-24T12:47:50.771+0000] {processor.py:183} INFO - Processing /opt/airflow/dags/reports_etl_dag.py took 0.416 seconds
[2026-01-24T12:48:21.022+0000] {processor.py:161} INFO - Started process (PID=336) to work on /opt/airflow/dags/reports_etl_dag.py
[2026-01-24T12:48:21.023+0000] {processor.py:830} INFO - Processing file /opt/airflow/dags/reports_etl_dag.py for tasks to queue
[2026-01-24T12:48:21.024+0000] {logging_mixin.py:188} INFO - [2026-01-24T12:48:21.024+0000] {dagbag.py:545} INFO - Filling up the DagBag from /opt/airflow/dags/reports_etl_dag.py
[2026-01-24T12:48:21.351+0000] {processor.py:840} INFO - DAG(s) 'reports_etl_dag' retrieved from /opt/airflow/dags/reports_etl_dag.py
[2026-01-24T12:48:21.388+0000] {logging_mixin.py:188} INFO - [2026-01-24T12:48:21.388+0000] {dag.py:3096} INFO - Sync 1 DAGs
[2026-01-24T12:48:21.413+0000] {logging_mixin.py:188} INFO - [2026-01-24T12:48:21.413+0000] {dag.py:3954} INFO - Setting next_dagrun for reports_etl_dag to 2026-01-24 12:48:00+00:00, run_after=2026-01-24 12:51:00+00:00
[2026-01-24T12:48:21.445+0000] {processor.py:183} INFO - Processing /opt/airflow/dags/reports_etl_dag.py took 0.429 seconds
[2026-01-24T12:48:51.630+0000] {processor.py:161} INFO - Started process (PID=349) to work on /opt/airflow/dags/reports_etl_dag.py
[2026-01-24T12:48:51.632+0000] {processor.py:830} INFO - Processing file /opt/airflow/dags/reports_etl_dag.py for tasks to queue
[2026-01-24T12:48:51.634+0000] {logging_mixin.py:188} INFO - [2026-01-24T12:48:51.633+0000] {dagbag.py:545} INFO - Filling up the DagBag from /opt/airflow/dags/reports_etl_dag.py
[2026-01-24T12:48:51.967+0000] {processor.py:840} INFO - DAG(s) 'reports_etl_dag' retrieved from /opt/airflow/dags/reports_etl_dag.py
[2026-01-24T12:48:52.006+0000] {logging_mixin.py:188} INFO - [2026-01-24T12:48:52.006+0000] {dag.py:3096} INFO - Sync 1 DAGs
[2026-01-24T12:48:52.033+0000] {logging_mixin.py:188} INFO - [2026-01-24T12:48:52.033+0000] {dag.py:3954} INFO - Setting next_dagrun for reports_etl_dag to 2026-01-24 12:48:00+00:00, run_after=2026-01-24 12:51:00+00:00
[2026-01-24T12:48:52.057+0000] {processor.py:183} INFO - Processing /opt/airflow/dags/reports_etl_dag.py took 0.436 seconds
[2026-01-24T12:49:22.237+0000] {processor.py:161} INFO - Started process (PID=382) to work on /opt/airflow/dags/reports_etl_dag.py
[2026-01-24T12:49:22.238+0000] {processor.py:830} INFO - Processing file /opt/airflow/dags/reports_etl_dag.py for tasks to queue
[2026-01-24T12:49:22.240+0000] {logging_mixin.py:188} INFO - [2026-01-24T12:49:22.240+0000] {dagbag.py:545} INFO - Filling up the DagBag from /opt/airflow/dags/reports_etl_dag.py
[2026-01-24T12:49:22.562+0000] {processor.py:840} INFO - DAG(s) 'reports_etl_dag' retrieved from /opt/airflow/dags/reports_etl_dag.py
[2026-01-24T12:49:22.599+0000] {logging_mixin.py:188} INFO - [2026-01-24T12:49:22.598+0000] {dag.py:3096} INFO - Sync 1 DAGs
[2026-01-24T12:49:22.625+0000] {logging_mixin.py:188} INFO - [2026-01-24T12:49:22.625+0000] {dag.py:3954} INFO - Setting next_dagrun for reports_etl_dag to 2026-01-24 12:48:00+00:00, run_after=2026-01-24 12:51:00+00:00
[2026-01-24T12:49:22.645+0000] {processor.py:183} INFO - Processing /opt/airflow/dags/reports_etl_dag.py took 0.413 seconds
[2026-01-24T12:49:52.867+0000] {processor.py:161} INFO - Started process (PID=415) to work on /opt/airflow/dags/reports_etl_dag.py
[2026-01-24T12:49:52.868+0000] {processor.py:830} INFO - Processing file /opt/airflow/dags/reports_etl_dag.py for tasks to queue
[2026-01-24T12:49:52.870+0000] {logging_mixin.py:188} INFO - [2026-01-24T12:49:52.869+0000] {dagbag.py:545} INFO - Filling up the DagBag from /opt/airflow/dags/reports_etl_dag.py
[2026-01-24T12:49:53.200+0000] {processor.py:840} INFO - DAG(s) 'reports_etl_dag' retrieved from /opt/airflow/dags/reports_etl_dag.py
[2026-01-24T12:49:53.237+0000] {logging_mixin.py:188} INFO - [2026-01-24T12:49:53.237+0000] {dag.py:3096} INFO - Sync 1 DAGs
[2026-01-24T12:49:53.263+0000] {logging_mixin.py:188} INFO - [2026-01-24T12:49:53.263+0000] {dag.py:3954} INFO - Setting next_dagrun for reports_etl_dag to 2026-01-24 12:48:00+00:00, run_after=2026-01-24 12:51:00+00:00
[2026-01-24T12:49:53.283+0000] {processor.py:183} INFO - Processing /opt/airflow/dags/reports_etl_dag.py took 0.421 seconds
[2026-01-24T12:50:23.580+0000] {processor.py:161} INFO - Started process (PID=448) to work on /opt/airflow/dags/reports_etl_dag.py
[2026-01-24T12:50:23.581+0000] {processor.py:830} INFO - Processing file /opt/airflow/dags/reports_etl_dag.py for tasks to queue
[2026-01-24T12:50:23.582+0000] {logging_mixin.py:188} INFO - [2026-01-24T12:50:23.582+0000] {dagbag.py:545} INFO - Filling up the DagBag from /opt/airflow/dags/reports_etl_dag.py
[2026-01-24T12:50:23.902+0000] {processor.py:840} INFO - DAG(s) 'reports_etl_dag' retrieved from /opt/airflow/dags/reports_etl_dag.py
[2026-01-24T12:50:23.941+0000] {logging_mixin.py:188} INFO - [2026-01-24T12:50:23.941+0000] {dag.py:3096} INFO - Sync 1 DAGs
[2026-01-24T12:50:23.968+0000] {logging_mixin.py:188} INFO - [2026-01-24T12:50:23.968+0000] {dag.py:3954} INFO - Setting next_dagrun for reports_etl_dag to 2026-01-24 12:48:00+00:00, run_after=2026-01-24 12:51:00+00:00
[2026-01-24T12:50:23.987+0000] {processor.py:183} INFO - Processing /opt/airflow/dags/reports_etl_dag.py took 0.413 seconds
[2026-01-24T12:50:54.199+0000] {processor.py:161} INFO - Started process (PID=461) to work on /opt/airflow/dags/reports_etl_dag.py
[2026-01-24T12:50:54.200+0000] {processor.py:830} INFO - Processing file /opt/airflow/dags/reports_etl_dag.py for tasks to queue
[2026-01-24T12:50:54.201+0000] {logging_mixin.py:188} INFO - [2026-01-24T12:50:54.201+0000] {dagbag.py:545} INFO - Filling up the DagBag from /opt/airflow/dags/reports_etl_dag.py
[2026-01-24T12:50:54.555+0000] {processor.py:840} INFO - DAG(s) 'reports_etl_dag' retrieved from /opt/airflow/dags/reports_etl_dag.py
[2026-01-24T12:50:54.592+0000] {logging_mixin.py:188} INFO - [2026-01-24T12:50:54.592+0000] {dag.py:3096} INFO - Sync 1 DAGs
[2026-01-24T12:50:54.618+0000] {logging_mixin.py:188} INFO - [2026-01-24T12:50:54.618+0000] {dag.py:3954} INFO - Setting next_dagrun for reports_etl_dag to 2026-01-24 12:48:00+00:00, run_after=2026-01-24 12:51:00+00:00
[2026-01-24T12:50:54.650+0000] {processor.py:183} INFO - Processing /opt/airflow/dags/reports_etl_dag.py took 0.457 seconds
[2026-01-24T12:51:24.900+0000] {processor.py:161} INFO - Started process (PID=513) to work on /opt/airflow/dags/reports_etl_dag.py
[2026-01-24T12:51:24.901+0000] {processor.py:830} INFO - Processing file /opt/airflow/dags/reports_etl_dag.py for tasks to queue
[2026-01-24T12:51:24.903+0000] {logging_mixin.py:188} INFO - [2026-01-24T12:51:24.902+0000] {dagbag.py:545} INFO - Filling up the DagBag from /opt/airflow/dags/reports_etl_dag.py
[2026-01-24T12:51:25.239+0000] {processor.py:840} INFO - DAG(s) 'reports_etl_dag' retrieved from /opt/airflow/dags/reports_etl_dag.py
[2026-01-24T12:51:25.281+0000] {logging_mixin.py:188} INFO - [2026-01-24T12:51:25.280+0000] {dag.py:3096} INFO - Sync 1 DAGs
[2026-01-24T12:51:25.317+0000] {logging_mixin.py:188} INFO - [2026-01-24T12:51:25.317+0000] {dag.py:3954} INFO - Setting next_dagrun for reports_etl_dag to 2026-01-24 12:51:00+00:00, run_after=2026-01-24 12:54:00+00:00
[2026-01-24T12:51:25.338+0000] {processor.py:183} INFO - Processing /opt/airflow/dags/reports_etl_dag.py took 0.444 seconds
[2026-01-24T12:51:55.599+0000] {processor.py:161} INFO - Started process (PID=519) to work on /opt/airflow/dags/reports_etl_dag.py
[2026-01-24T12:51:55.600+0000] {processor.py:830} INFO - Processing file /opt/airflow/dags/reports_etl_dag.py for tasks to queue
[2026-01-24T12:51:55.602+0000] {logging_mixin.py:188} INFO - [2026-01-24T12:51:55.601+0000] {dagbag.py:545} INFO - Filling up the DagBag from /opt/airflow/dags/reports_etl_dag.py
[2026-01-24T12:51:55.927+0000] {processor.py:840} INFO - DAG(s) 'reports_etl_dag' retrieved from /opt/airflow/dags/reports_etl_dag.py
[2026-01-24T12:51:55.964+0000] {logging_mixin.py:188} INFO - [2026-01-24T12:51:55.964+0000] {dag.py:3096} INFO - Sync 1 DAGs
[2026-01-24T12:51:55.990+0000] {logging_mixin.py:188} INFO - [2026-01-24T12:51:55.990+0000] {dag.py:3954} INFO - Setting next_dagrun for reports_etl_dag to 2026-01-24 12:51:00+00:00, run_after=2026-01-24 12:54:00+00:00
[2026-01-24T12:51:56.033+0000] {processor.py:183} INFO - Processing /opt/airflow/dags/reports_etl_dag.py took 0.441 seconds
[2026-01-24T12:52:26.222+0000] {processor.py:161} INFO - Started process (PID=552) to work on /opt/airflow/dags/reports_etl_dag.py
[2026-01-24T12:52:26.223+0000] {processor.py:830} INFO - Processing file /opt/airflow/dags/reports_etl_dag.py for tasks to queue
[2026-01-24T12:52:26.225+0000] {logging_mixin.py:188} INFO - [2026-01-24T12:52:26.224+0000] {dagbag.py:545} INFO - Filling up the DagBag from /opt/airflow/dags/reports_etl_dag.py
[2026-01-24T12:52:26.558+0000] {processor.py:840} INFO - DAG(s) 'reports_etl_dag' retrieved from /opt/airflow/dags/reports_etl_dag.py
[2026-01-24T12:52:26.598+0000] {logging_mixin.py:188} INFO - [2026-01-24T12:52:26.597+0000] {dag.py:3096} INFO - Sync 1 DAGs
[2026-01-24T12:52:26.625+0000] {logging_mixin.py:188} INFO - [2026-01-24T12:52:26.625+0000] {dag.py:3954} INFO - Setting next_dagrun for reports_etl_dag to 2026-01-24 12:51:00+00:00, run_after=2026-01-24 12:54:00+00:00
[2026-01-24T12:52:26.657+0000] {processor.py:183} INFO - Processing /opt/airflow/dags/reports_etl_dag.py took 0.441 seconds
[2026-01-24T12:52:56.893+0000] {processor.py:161} INFO - Started process (PID=565) to work on /opt/airflow/dags/reports_etl_dag.py
[2026-01-24T12:52:56.894+0000] {processor.py:830} INFO - Processing file /opt/airflow/dags/reports_etl_dag.py for tasks to queue
[2026-01-24T12:52:56.896+0000] {logging_mixin.py:188} INFO - [2026-01-24T12:52:56.896+0000] {dagbag.py:545} INFO - Filling up the DagBag from /opt/airflow/dags/reports_etl_dag.py
[2026-01-24T12:52:57.225+0000] {processor.py:840} INFO - DAG(s) 'reports_etl_dag' retrieved from /opt/airflow/dags/reports_etl_dag.py
[2026-01-24T12:52:57.262+0000] {logging_mixin.py:188} INFO - [2026-01-24T12:52:57.262+0000] {dag.py:3096} INFO - Sync 1 DAGs
[2026-01-24T12:52:57.291+0000] {logging_mixin.py:188} INFO - [2026-01-24T12:52:57.291+0000] {dag.py:3954} INFO - Setting next_dagrun for reports_etl_dag to 2026-01-24 12:51:00+00:00, run_after=2026-01-24 12:54:00+00:00
[2026-01-24T12:52:57.322+0000] {processor.py:183} INFO - Processing /opt/airflow/dags/reports_etl_dag.py took 0.436 seconds
[2026-01-24T18:53:45.657+0000] {processor.py:161} INFO - Started process (PID=172) to work on /opt/airflow/dags/reports_etl_dag.py
[2026-01-24T18:53:45.659+0000] {processor.py:830} INFO - Processing file /opt/airflow/dags/reports_etl_dag.py for tasks to queue
[2026-01-24T18:53:45.661+0000] {logging_mixin.py:188} INFO - [2026-01-24T18:53:45.660+0000] {dagbag.py:545} INFO - Filling up the DagBag from /opt/airflow/dags/reports_etl_dag.py
[2026-01-24T18:53:46.915+0000] {processor.py:840} INFO - DAG(s) 'reports_etl_dag' retrieved from /opt/airflow/dags/reports_etl_dag.py
[2026-01-24T18:53:46.584+0000] {logging_mixin.py:188} INFO - [2026-01-24T18:53:46.583+0000] {dag.py:3096} INFO - Sync 1 DAGs
[2026-01-24T18:53:46.623+0000] {logging_mixin.py:188} INFO - [2026-01-24T18:53:46.622+0000] {dag.py:3954} INFO - Setting next_dagrun for reports_etl_dag to 2026-01-24 18:51:00+00:00, run_after=2026-01-24 18:54:00+00:00
[2026-01-24T18:53:46.653+0000] {processor.py:183} INFO - Processing /opt/airflow/dags/reports_etl_dag.py took 1.605 seconds
[2026-01-24T18:54:16.916+0000] {processor.py:161} INFO - Started process (PID=279) to work on /opt/airflow/dags/reports_etl_dag.py
[2026-01-24T18:54:16.917+0000] {processor.py:830} INFO - Processing file /opt/airflow/dags/reports_etl_dag.py for tasks to queue
[2026-01-24T18:54:16.918+0000] {logging_mixin.py:188} INFO - [2026-01-24T18:54:16.918+0000] {dagbag.py:545} INFO - Filling up the DagBag from /opt/airflow/dags/reports_etl_dag.py
[2026-01-24T18:54:17.284+0000] {processor.py:840} INFO - DAG(s) 'reports_etl_dag' retrieved from /opt/airflow/dags/reports_etl_dag.py
[2026-01-24T18:54:17.328+0000] {logging_mixin.py:188} INFO - [2026-01-24T18:54:17.328+0000] {dag.py:3096} INFO - Sync 1 DAGs
[2026-01-24T18:54:17.359+0000] {logging_mixin.py:188} INFO - [2026-01-24T18:54:17.358+0000] {dag.py:3954} INFO - Setting next_dagrun for reports_etl_dag to 2026-01-24 18:54:00+00:00, run_after=2026-01-24 18:57:00+00:00
[2026-01-24T18:54:17.382+0000] {processor.py:183} INFO - Processing /opt/airflow/dags/reports_etl_dag.py took 0.474 seconds
[2026-01-24T18:54:47.555+0000] {processor.py:161} INFO - Started process (PID=292) to work on /opt/airflow/dags/reports_etl_dag.py
[2026-01-24T18:54:47.556+0000] {processor.py:830} INFO - Processing file /opt/airflow/dags/reports_etl_dag.py for tasks to queue
[2026-01-24T18:54:47.558+0000] {logging_mixin.py:188} INFO - [2026-01-24T18:54:47.557+0000] {dagbag.py:545} INFO - Filling up the DagBag from /opt/airflow/dags/reports_etl_dag.py
[2026-01-24T18:54:47.895+0000] {processor.py:840} INFO - DAG(s) 'reports_etl_dag' retrieved from /opt/airflow/dags/reports_etl_dag.py
[2026-01-24T18:54:47.934+0000] {logging_mixin.py:188} INFO - [2026-01-24T18:54:47.934+0000] {dag.py:3096} INFO - Sync 1 DAGs
[2026-01-24T18:54:47.962+0000] {logging_mixin.py:188} INFO - [2026-01-24T18:54:47.961+0000] {dag.py:3954} INFO - Setting next_dagrun for reports_etl_dag to 2026-01-24 18:54:00+00:00, run_after=2026-01-24 18:57:00+00:00
[2026-01-24T18:54:47.993+0000] {processor.py:183} INFO - Processing /opt/airflow/dags/reports_etl_dag.py took 0.444 seconds
[2026-01-24T18:55:18.227+0000] {processor.py:161} INFO - Started process (PID=305) to work on /opt/airflow/dags/reports_etl_dag.py
[2026-01-24T18:55:18.228+0000] {processor.py:830} INFO - Processing file /opt/airflow/dags/reports_etl_dag.py for tasks to queue
[2026-01-24T18:55:18.229+0000] {logging_mixin.py:188} INFO - [2026-01-24T18:55:18.229+0000] {dagbag.py:545} INFO - Filling up the DagBag from /opt/airflow/dags/reports_etl_dag.py
[2026-01-24T18:55:18.585+0000] {processor.py:840} INFO - DAG(s) 'reports_etl_dag' retrieved from /opt/airflow/dags/reports_etl_dag.py
[2026-01-24T18:55:18.628+0000] {logging_mixin.py:188} INFO - [2026-01-24T18:55:18.628+0000] {dag.py:3096} INFO - Sync 1 DAGs
[2026-01-24T18:55:18.657+0000] {logging_mixin.py:188} INFO - [2026-01-24T18:55:18.657+0000] {dag.py:3954} INFO - Setting next_dagrun for reports_etl_dag to 2026-01-24 18:54:00+00:00, run_after=2026-01-24 18:57:00+00:00
[2026-01-24T18:55:18.680+0000] {processor.py:183} INFO - Processing /opt/airflow/dags/reports_etl_dag.py took 0.459 seconds
[2026-01-24T18:55:49.402+0000] {processor.py:161} INFO - Started process (PID=318) to work on /opt/airflow/dags/reports_etl_dag.py
[2026-01-24T18:55:49.403+0000] {processor.py:830} INFO - Processing file /opt/airflow/dags/reports_etl_dag.py for tasks to queue
[2026-01-24T18:55:49.404+0000] {logging_mixin.py:188} INFO - [2026-01-24T18:55:49.404+0000] {dagbag.py:545} INFO - Filling up the DagBag from /opt/airflow/dags/reports_etl_dag.py
[2026-01-24T18:55:49.735+0000] {processor.py:840} INFO - DAG(s) 'reports_etl_dag' retrieved from /opt/airflow/dags/reports_etl_dag.py
[2026-01-24T18:55:49.776+0000] {logging_mixin.py:188} INFO - [2026-01-24T18:55:49.776+0000] {dag.py:3096} INFO - Sync 1 DAGs
[2026-01-24T18:55:49.805+0000] {logging_mixin.py:188} INFO - [2026-01-24T18:55:49.805+0000] {dag.py:3954} INFO - Setting next_dagrun for reports_etl_dag to 2026-01-24 18:54:00+00:00, run_after=2026-01-24 18:57:00+00:00
[2026-01-24T18:55:49.839+0000] {processor.py:183} INFO - Processing /opt/airflow/dags/reports_etl_dag.py took 0.443 seconds
[2026-01-24T18:56:20.186+0000] {processor.py:161} INFO - Started process (PID=331) to work on /opt/airflow/dags/reports_etl_dag.py
[2026-01-24T18:56:20.187+0000] {processor.py:830} INFO - Processing file /opt/airflow/dags/reports_etl_dag.py for tasks to queue
[2026-01-24T18:56:20.189+0000] {logging_mixin.py:188} INFO - [2026-01-24T18:56:20.189+0000] {dagbag.py:545} INFO - Filling up the DagBag from /opt/airflow/dags/reports_etl_dag.py
[2026-01-24T18:56:20.525+0000] {processor.py:840} INFO - DAG(s) 'reports_etl_dag' retrieved from /opt/airflow/dags/reports_etl_dag.py
[2026-01-24T18:56:20.564+0000] {logging_mixin.py:188} INFO - [2026-01-24T18:56:20.563+0000] {dag.py:3096} INFO - Sync 1 DAGs
[2026-01-24T18:56:20.591+0000] {logging_mixin.py:188} INFO - [2026-01-24T18:56:20.591+0000] {dag.py:3954} INFO - Setting next_dagrun for reports_etl_dag to 2026-01-24 18:54:00+00:00, run_after=2026-01-24 18:57:00+00:00
[2026-01-24T18:56:20.613+0000] {processor.py:183} INFO - Processing /opt/airflow/dags/reports_etl_dag.py took 0.433 seconds
[2026-01-24T18:56:51.330+0000] {processor.py:161} INFO - Started process (PID=344) to work on /opt/airflow/dags/reports_etl_dag.py
[2026-01-24T18:56:51.331+0000] {processor.py:830} INFO - Processing file /opt/airflow/dags/reports_etl_dag.py for tasks to queue
[2026-01-24T18:56:51.333+0000] {logging_mixin.py:188} INFO - [2026-01-24T18:56:51.332+0000] {dagbag.py:545} INFO - Filling up the DagBag from /opt/airflow/dags/reports_etl_dag.py
[2026-01-24T18:56:51.679+0000] {processor.py:840} INFO - DAG(s) 'reports_etl_dag' retrieved from /opt/airflow/dags/reports_etl_dag.py
[2026-01-24T18:56:51.720+0000] {logging_mixin.py:188} INFO - [2026-01-24T18:56:51.719+0000] {dag.py:3096} INFO - Sync 1 DAGs
[2026-01-24T18:56:51.748+0000] {logging_mixin.py:188} INFO - [2026-01-24T18:56:51.748+0000] {dag.py:3954} INFO - Setting next_dagrun for reports_etl_dag to 2026-01-24 18:54:00+00:00, run_after=2026-01-24 18:57:00+00:00
[2026-01-24T18:56:51.769+0000] {processor.py:183} INFO - Processing /opt/airflow/dags/reports_etl_dag.py took 0.444 seconds
[2026-01-24T18:57:22.008+0000] {processor.py:161} INFO - Started process (PID=396) to work on /opt/airflow/dags/reports_etl_dag.py
[2026-01-24T18:57:22.009+0000] {processor.py:830} INFO - Processing file /opt/airflow/dags/reports_etl_dag.py for tasks to queue
[2026-01-24T18:57:22.011+0000] {logging_mixin.py:188} INFO - [2026-01-24T18:57:22.011+0000] {dagbag.py:545} INFO - Filling up the DagBag from /opt/airflow/dags/reports_etl_dag.py
[2026-01-24T18:57:22.364+0000] {processor.py:840} INFO - DAG(s) 'reports_etl_dag' retrieved from /opt/airflow/dags/reports_etl_dag.py
[2026-01-24T18:57:22.407+0000] {logging_mixin.py:188} INFO - [2026-01-24T18:57:22.406+0000] {dag.py:3096} INFO - Sync 1 DAGs
[2026-01-24T18:57:22.435+0000] {logging_mixin.py:188} INFO - [2026-01-24T18:57:22.435+0000] {dag.py:3954} INFO - Setting next_dagrun for reports_etl_dag to 2026-01-24 18:57:00+00:00, run_after=2026-01-24 19:00:00+00:00
[2026-01-24T18:57:22.462+0000] {processor.py:183} INFO - Processing /opt/airflow/dags/reports_etl_dag.py took 0.459 seconds
[2026-01-24T18:57:53.148+0000] {processor.py:161} INFO - Started process (PID=409) to work on /opt/airflow/dags/reports_etl_dag.py
[2026-01-24T18:57:53.149+0000] {processor.py:830} INFO - Processing file /opt/airflow/dags/reports_etl_dag.py for tasks to queue
[2026-01-24T18:57:53.151+0000] {logging_mixin.py:188} INFO - [2026-01-24T18:57:53.151+0000] {dagbag.py:545} INFO - Filling up the DagBag from /opt/airflow/dags/reports_etl_dag.py
[2026-01-24T18:57:53.517+0000] {processor.py:840} INFO - DAG(s) 'reports_etl_dag' retrieved from /opt/airflow/dags/reports_etl_dag.py
[2026-01-24T18:57:53.557+0000] {logging_mixin.py:188} INFO - [2026-01-24T18:57:53.557+0000] {dag.py:3096} INFO - Sync 1 DAGs
[2026-01-24T18:57:53.583+0000] {logging_mixin.py:188} INFO - [2026-01-24T18:57:53.583+0000] {dag.py:3954} INFO - Setting next_dagrun for reports_etl_dag to 2026-01-24 18:57:00+00:00, run_after=2026-01-24 19:00:00+00:00
[2026-01-24T18:57:53.709+0000] {processor.py:183} INFO - Processing /opt/airflow/dags/reports_etl_dag.py took 0.566 seconds
[2026-01-24T18:58:23.794+0000] {processor.py:161} INFO - Started process (PID=422) to work on /opt/airflow/dags/reports_etl_dag.py
[2026-01-24T18:58:23.795+0000] {processor.py:830} INFO - Processing file /opt/airflow/dags/reports_etl_dag.py for tasks to queue
[2026-01-24T18:58:23.797+0000] {logging_mixin.py:188} INFO - [2026-01-24T18:58:23.796+0000] {dagbag.py:545} INFO - Filling up the DagBag from /opt/airflow/dags/reports_etl_dag.py
[2026-01-24T18:58:24.148+0000] {processor.py:840} INFO - DAG(s) 'reports_etl_dag' retrieved from /opt/airflow/dags/reports_etl_dag.py
[2026-01-24T18:58:24.188+0000] {logging_mixin.py:188} INFO - [2026-01-24T18:58:24.187+0000] {dag.py:3096} INFO - Sync 1 DAGs
[2026-01-24T18:58:24.214+0000] {logging_mixin.py:188} INFO - [2026-01-24T18:58:24.214+0000] {dag.py:3954} INFO - Setting next_dagrun for reports_etl_dag to 2026-01-24 18:57:00+00:00, run_after=2026-01-24 19:00:00+00:00
[2026-01-24T18:58:24.234+0000] {processor.py:183} INFO - Processing /opt/airflow/dags/reports_etl_dag.py took 0.446 seconds
[2026-01-24T18:58:54.487+0000] {processor.py:161} INFO - Started process (PID=455) to work on /opt/airflow/dags/reports_etl_dag.py
[2026-01-24T18:58:54.488+0000] {processor.py:830} INFO - Processing file /opt/airflow/dags/reports_etl_dag.py for tasks to queue
[2026-01-24T18:58:54.490+0000] {logging_mixin.py:188} INFO - [2026-01-24T18:58:54.489+0000] {dagbag.py:545} INFO - Filling up the DagBag from /opt/airflow/dags/reports_etl_dag.py
[2026-01-24T18:58:54.836+0000] {processor.py:840} INFO - DAG(s) 'reports_etl_dag' retrieved from /opt/airflow/dags/reports_etl_dag.py
[2026-01-24T18:58:54.874+0000] {logging_mixin.py:188} INFO - [2026-01-24T18:58:54.873+0000] {dag.py:3096} INFO - Sync 1 DAGs
[2026-01-24T18:58:54.900+0000] {logging_mixin.py:188} INFO - [2026-01-24T18:58:54.900+0000] {dag.py:3954} INFO - Setting next_dagrun for reports_etl_dag to 2026-01-24 18:57:00+00:00, run_after=2026-01-24 19:00:00+00:00
[2026-01-24T18:58:55.025+0000] {processor.py:183} INFO - Processing /opt/airflow/dags/reports_etl_dag.py took 0.544 seconds
[2026-01-24T18:59:25.655+0000] {processor.py:161} INFO - Started process (PID=468) to work on /opt/airflow/dags/reports_etl_dag.py
[2026-01-24T18:59:25.656+0000] {processor.py:830} INFO - Processing file /opt/airflow/dags/reports_etl_dag.py for tasks to queue
[2026-01-24T18:59:25.658+0000] {logging_mixin.py:188} INFO - [2026-01-24T18:59:25.658+0000] {dagbag.py:545} INFO - Filling up the DagBag from /opt/airflow/dags/reports_etl_dag.py
[2026-01-24T18:59:26.039+0000] {processor.py:840} INFO - DAG(s) 'reports_etl_dag' retrieved from /opt/airflow/dags/reports_etl_dag.py
[2026-01-24T18:59:26.082+0000] {logging_mixin.py:188} INFO - [2026-01-24T18:59:26.082+0000] {dag.py:3096} INFO - Sync 1 DAGs
[2026-01-24T18:59:26.210+0000] {logging_mixin.py:188} INFO - [2026-01-24T18:59:26.210+0000] {dag.py:3954} INFO - Setting next_dagrun for reports_etl_dag to 2026-01-24 18:57:00+00:00, run_after=2026-01-24 19:00:00+00:00
[2026-01-24T18:59:26.229+0000] {processor.py:183} INFO - Processing /opt/airflow/dags/reports_etl_dag.py took 0.579 seconds
[2026-01-24T18:59:56.312+0000] {processor.py:161} INFO - Started process (PID=481) to work on /opt/airflow/dags/reports_etl_dag.py
[2026-01-24T18:59:56.313+0000] {processor.py:830} INFO - Processing file /opt/airflow/dags/reports_etl_dag.py for tasks to queue
[2026-01-24T18:59:56.315+0000] {logging_mixin.py:188} INFO - [2026-01-24T18:59:56.315+0000] {dagbag.py:545} INFO - Filling up the DagBag from /opt/airflow/dags/reports_etl_dag.py
[2026-01-24T18:59:56.653+0000] {processor.py:840} INFO - DAG(s) 'reports_etl_dag' retrieved from /opt/airflow/dags/reports_etl_dag.py
[2026-01-24T18:59:56.694+0000] {logging_mixin.py:188} INFO - [2026-01-24T18:59:56.694+0000] {dag.py:3096} INFO - Sync 1 DAGs
[2026-01-24T18:59:56.722+0000] {logging_mixin.py:188} INFO - [2026-01-24T18:59:56.722+0000] {dag.py:3954} INFO - Setting next_dagrun for reports_etl_dag to 2026-01-24 18:57:00+00:00, run_after=2026-01-24 19:00:00+00:00
[2026-01-24T18:59:56.858+0000] {processor.py:183} INFO - Processing /opt/airflow/dags/reports_etl_dag.py took 0.552 seconds
[2026-01-24T19:00:26.949+0000] {processor.py:161} INFO - Started process (PID=533) to work on /opt/airflow/dags/reports_etl_dag.py
[2026-01-24T19:00:26.950+0000] {processor.py:830} INFO - Processing file /opt/airflow/dags/reports_etl_dag.py for tasks to queue
[2026-01-24T19:00:26.952+0000] {logging_mixin.py:188} INFO - [2026-01-24T19:00:26.952+0000] {dagbag.py:545} INFO - Filling up the DagBag from /opt/airflow/dags/reports_etl_dag.py
[2026-01-24T19:00:27.398+0000] {processor.py:840} INFO - DAG(s) 'reports_etl_dag' retrieved from /opt/airflow/dags/reports_etl_dag.py
[2026-01-24T19:00:27.434+0000] {logging_mixin.py:188} INFO - [2026-01-24T19:00:27.433+0000] {dag.py:3096} INFO - Sync 1 DAGs
[2026-01-24T19:00:27.461+0000] {logging_mixin.py:188} INFO - [2026-01-24T19:00:27.460+0000] {dag.py:3954} INFO - Setting next_dagrun for reports_etl_dag to 2026-01-24 19:00:00+00:00, run_after=2026-01-24 19:03:00+00:00
[2026-01-24T19:00:27.479+0000] {processor.py:183} INFO - Processing /opt/airflow/dags/reports_etl_dag.py took 0.536 seconds
[2026-01-24T19:00:58.101+0000] {processor.py:161} INFO - Started process (PID=546) to work on /opt/airflow/dags/reports_etl_dag.py
[2026-01-24T19:00:58.102+0000] {processor.py:830} INFO - Processing file /opt/airflow/dags/reports_etl_dag.py for tasks to queue
[2026-01-24T19:00:58.103+0000] {logging_mixin.py:188} INFO - [2026-01-24T19:00:58.103+0000] {dagbag.py:545} INFO - Filling up the DagBag from /opt/airflow/dags/reports_etl_dag.py
[2026-01-24T19:00:58.538+0000] {processor.py:840} INFO - DAG(s) 'reports_etl_dag' retrieved from /opt/airflow/dags/reports_etl_dag.py
[2026-01-24T19:00:58.575+0000] {logging_mixin.py:188} INFO - [2026-01-24T19:00:58.575+0000] {dag.py:3096} INFO - Sync 1 DAGs
[2026-01-24T19:00:58.599+0000] {logging_mixin.py:188} INFO - [2026-01-24T19:00:58.598+0000] {dag.py:3954} INFO - Setting next_dagrun for reports_etl_dag to 2026-01-24 19:00:00+00:00, run_after=2026-01-24 19:03:00+00:00
[2026-01-24T19:00:58.649+0000] {processor.py:183} INFO - Processing /opt/airflow/dags/reports_etl_dag.py took 0.554 seconds
[2026-01-24T19:01:28.740+0000] {processor.py:161} INFO - Started process (PID=559) to work on /opt/airflow/dags/reports_etl_dag.py
[2026-01-24T19:01:28.742+0000] {processor.py:830} INFO - Processing file /opt/airflow/dags/reports_etl_dag.py for tasks to queue
[2026-01-24T19:01:28.743+0000] {logging_mixin.py:188} INFO - [2026-01-24T19:01:28.743+0000] {dagbag.py:545} INFO - Filling up the DagBag from /opt/airflow/dags/reports_etl_dag.py
[2026-01-24T19:01:29.195+0000] {processor.py:840} INFO - DAG(s) 'reports_etl_dag' retrieved from /opt/airflow/dags/reports_etl_dag.py
[2026-01-24T19:01:29.230+0000] {logging_mixin.py:188} INFO - [2026-01-24T19:01:29.229+0000] {dag.py:3096} INFO - Sync 1 DAGs
[2026-01-24T19:01:29.254+0000] {logging_mixin.py:188} INFO - [2026-01-24T19:01:29.254+0000] {dag.py:3954} INFO - Setting next_dagrun for reports_etl_dag to 2026-01-24 19:00:00+00:00, run_after=2026-01-24 19:03:00+00:00
[2026-01-24T19:01:29.272+0000] {processor.py:183} INFO - Processing /opt/airflow/dags/reports_etl_dag.py took 0.538 seconds
[2026-01-24T19:01:59.924+0000] {processor.py:161} INFO - Started process (PID=572) to work on /opt/airflow/dags/reports_etl_dag.py
[2026-01-24T19:01:59.925+0000] {processor.py:830} INFO - Processing file /opt/airflow/dags/reports_etl_dag.py for tasks to queue
[2026-01-24T19:01:59.927+0000] {logging_mixin.py:188} INFO - [2026-01-24T19:01:59.926+0000] {dagbag.py:545} INFO - Filling up the DagBag from /opt/airflow/dags/reports_etl_dag.py
[2026-01-24T19:02:00.365+0000] {processor.py:840} INFO - DAG(s) 'reports_etl_dag' retrieved from /opt/airflow/dags/reports_etl_dag.py
[2026-01-24T19:02:00.401+0000] {logging_mixin.py:188} INFO - [2026-01-24T19:02:00.401+0000] {dag.py:3096} INFO - Sync 1 DAGs
[2026-01-24T19:02:00.425+0000] {logging_mixin.py:188} INFO - [2026-01-24T19:02:00.425+0000] {dag.py:3954} INFO - Setting next_dagrun for reports_etl_dag to 2026-01-24 19:00:00+00:00, run_after=2026-01-24 19:03:00+00:00
[2026-01-24T19:02:00.459+0000] {processor.py:183} INFO - Processing /opt/airflow/dags/reports_etl_dag.py took 0.540 seconds
[2026-01-24T19:02:30.511+0000] {processor.py:161} INFO - Started process (PID=585) to work on /opt/airflow/dags/reports_etl_dag.py
[2026-01-24T19:02:30.512+0000] {processor.py:830} INFO - Processing file /opt/airflow/dags/reports_etl_dag.py for tasks to queue
[2026-01-24T19:02:30.514+0000] {logging_mixin.py:188} INFO - [2026-01-24T19:02:30.514+0000] {dagbag.py:545} INFO - Filling up the DagBag from /opt/airflow/dags/reports_etl_dag.py
[2026-01-24T19:02:30.950+0000] {processor.py:840} INFO - DAG(s) 'reports_etl_dag' retrieved from /opt/airflow/dags/reports_etl_dag.py
[2026-01-24T19:02:30.984+0000] {logging_mixin.py:188} INFO - [2026-01-24T19:02:30.983+0000] {dag.py:3096} INFO - Sync 1 DAGs
[2026-01-24T19:02:31.009+0000] {logging_mixin.py:188} INFO - [2026-01-24T19:02:31.008+0000] {dag.py:3954} INFO - Setting next_dagrun for reports_etl_dag to 2026-01-24 19:00:00+00:00, run_after=2026-01-24 19:03:00+00:00
[2026-01-24T19:02:31.026+0000] {processor.py:183} INFO - Processing /opt/airflow/dags/reports_etl_dag.py took 0.521 seconds
[2026-01-24T19:03:01.166+0000] {processor.py:161} INFO - Started process (PID=602) to work on /opt/airflow/dags/reports_etl_dag.py
[2026-01-24T19:03:01.167+0000] {processor.py:830} INFO - Processing file /opt/airflow/dags/reports_etl_dag.py for tasks to queue
[2026-01-24T19:03:01.169+0000] {logging_mixin.py:188} INFO - [2026-01-24T19:03:01.169+0000] {dagbag.py:545} INFO - Filling up the DagBag from /opt/airflow/dags/reports_etl_dag.py
[2026-01-24T19:03:01.657+0000] {processor.py:840} INFO - DAG(s) 'reports_etl_dag' retrieved from /opt/airflow/dags/reports_etl_dag.py
[2026-01-24T19:03:01.695+0000] {logging_mixin.py:188} INFO - [2026-01-24T19:03:01.695+0000] {dag.py:3096} INFO - Sync 1 DAGs
[2026-01-24T19:03:01.721+0000] {logging_mixin.py:188} INFO - [2026-01-24T19:03:01.720+0000] {dag.py:3954} INFO - Setting next_dagrun for reports_etl_dag to 2026-01-24 19:03:00+00:00, run_after=2026-01-24 19:06:00+00:00
[2026-01-24T19:03:01.742+0000] {processor.py:183} INFO - Processing /opt/airflow/dags/reports_etl_dag.py took 0.582 seconds
[2026-01-24T19:03:32.330+0000] {processor.py:161} INFO - Started process (PID=650) to work on /opt/airflow/dags/reports_etl_dag.py
[2026-01-24T19:03:32.331+0000] {processor.py:830} INFO - Processing file /opt/airflow/dags/reports_etl_dag.py for tasks to queue
[2026-01-24T19:03:32.333+0000] {logging_mixin.py:188} INFO - [2026-01-24T19:03:32.333+0000] {dagbag.py:545} INFO - Filling up the DagBag from /opt/airflow/dags/reports_etl_dag.py
[2026-01-24T19:03:32.790+0000] {processor.py:840} INFO - DAG(s) 'reports_etl_dag' retrieved from /opt/airflow/dags/reports_etl_dag.py
[2026-01-24T19:03:32.836+0000] {logging_mixin.py:188} INFO - [2026-01-24T19:03:32.836+0000] {dag.py:3096} INFO - Sync 1 DAGs
[2026-01-24T19:03:32.871+0000] {logging_mixin.py:188} INFO - [2026-01-24T19:03:32.871+0000] {dag.py:3954} INFO - Setting next_dagrun for reports_etl_dag to 2026-01-24 19:03:00+00:00, run_after=2026-01-24 19:06:00+00:00
[2026-01-24T19:03:32.898+0000] {processor.py:183} INFO - Processing /opt/airflow/dags/reports_etl_dag.py took 0.573 seconds
[2026-01-24T19:04:03.012+0000] {processor.py:161} INFO - Started process (PID=663) to work on /opt/airflow/dags/reports_etl_dag.py
[2026-01-24T19:04:03.014+0000] {processor.py:830} INFO - Processing file /opt/airflow/dags/reports_etl_dag.py for tasks to queue
[2026-01-24T19:04:03.015+0000] {logging_mixin.py:188} INFO - [2026-01-24T19:04:03.015+0000] {dagbag.py:545} INFO - Filling up the DagBag from /opt/airflow/dags/reports_etl_dag.py
[2026-01-24T19:04:03.476+0000] {processor.py:840} INFO - DAG(s) 'reports_etl_dag' retrieved from /opt/airflow/dags/reports_etl_dag.py
[2026-01-24T19:04:03.513+0000] {logging_mixin.py:188} INFO - [2026-01-24T19:04:03.513+0000] {dag.py:3096} INFO - Sync 1 DAGs
[2026-01-24T19:04:03.537+0000] {logging_mixin.py:188} INFO - [2026-01-24T19:04:03.537+0000] {dag.py:3954} INFO - Setting next_dagrun for reports_etl_dag to 2026-01-24 19:03:00+00:00, run_after=2026-01-24 19:06:00+00:00
[2026-01-24T19:04:03.569+0000] {processor.py:183} INFO - Processing /opt/airflow/dags/reports_etl_dag.py took 0.566 seconds
[2026-01-24T19:04:34.175+0000] {processor.py:161} INFO - Started process (PID=676) to work on /opt/airflow/dags/reports_etl_dag.py
[2026-01-24T19:04:34.176+0000] {processor.py:830} INFO - Processing file /opt/airflow/dags/reports_etl_dag.py for tasks to queue
[2026-01-24T19:04:34.178+0000] {logging_mixin.py:188} INFO - [2026-01-24T19:04:34.177+0000] {dagbag.py:545} INFO - Filling up the DagBag from /opt/airflow/dags/reports_etl_dag.py
[2026-01-24T19:04:34.618+0000] {processor.py:840} INFO - DAG(s) 'reports_etl_dag' retrieved from /opt/airflow/dags/reports_etl_dag.py
[2026-01-24T19:04:34.655+0000] {logging_mixin.py:188} INFO - [2026-01-24T19:04:34.655+0000] {dag.py:3096} INFO - Sync 1 DAGs
[2026-01-24T19:04:34.682+0000] {logging_mixin.py:188} INFO - [2026-01-24T19:04:34.681+0000] {dag.py:3954} INFO - Setting next_dagrun for reports_etl_dag to 2026-01-24 19:03:00+00:00, run_after=2026-01-24 19:06:00+00:00
[2026-01-24T19:04:34.700+0000] {processor.py:183} INFO - Processing /opt/airflow/dags/reports_etl_dag.py took 0.531 seconds
[2026-01-24T19:05:05.248+0000] {processor.py:161} INFO - Started process (PID=689) to work on /opt/airflow/dags/reports_etl_dag.py
[2026-01-24T19:05:05.249+0000] {processor.py:830} INFO - Processing file /opt/airflow/dags/reports_etl_dag.py for tasks to queue
[2026-01-24T19:05:05.250+0000] {logging_mixin.py:188} INFO - [2026-01-24T19:05:05.250+0000] {dagbag.py:545} INFO - Filling up the DagBag from /opt/airflow/dags/reports_etl_dag.py
[2026-01-24T19:05:05.689+0000] {processor.py:840} INFO - DAG(s) 'reports_etl_dag' retrieved from /opt/airflow/dags/reports_etl_dag.py
[2026-01-24T19:05:05.725+0000] {logging_mixin.py:188} INFO - [2026-01-24T19:05:05.724+0000] {dag.py:3096} INFO - Sync 1 DAGs
[2026-01-24T19:05:05.749+0000] {logging_mixin.py:188} INFO - [2026-01-24T19:05:05.748+0000] {dag.py:3954} INFO - Setting next_dagrun for reports_etl_dag to 2026-01-24 19:03:00+00:00, run_after=2026-01-24 19:06:00+00:00
[2026-01-24T19:05:05.766+0000] {processor.py:183} INFO - Processing /opt/airflow/dags/reports_etl_dag.py took 0.524 seconds
[2026-01-24T19:05:35.982+0000] {processor.py:161} INFO - Started process (PID=702) to work on /opt/airflow/dags/reports_etl_dag.py
[2026-01-24T19:05:35.983+0000] {processor.py:830} INFO - Processing file /opt/airflow/dags/reports_etl_dag.py for tasks to queue
[2026-01-24T19:05:35.985+0000] {logging_mixin.py:188} INFO - [2026-01-24T19:05:35.985+0000] {dagbag.py:545} INFO - Filling up the DagBag from /opt/airflow/dags/reports_etl_dag.py
[2026-01-24T19:05:36.478+0000] {processor.py:840} INFO - DAG(s) 'reports_etl_dag' retrieved from /opt/airflow/dags/reports_etl_dag.py
[2026-01-24T19:05:36.515+0000] {logging_mixin.py:188} INFO - [2026-01-24T19:05:36.515+0000] {dag.py:3096} INFO - Sync 1 DAGs
[2026-01-24T19:05:36.541+0000] {logging_mixin.py:188} INFO - [2026-01-24T19:05:36.541+0000] {dag.py:3954} INFO - Setting next_dagrun for reports_etl_dag to 2026-01-24 19:03:00+00:00, run_after=2026-01-24 19:06:00+00:00
[2026-01-24T19:05:36.573+0000] {processor.py:183} INFO - Processing /opt/airflow/dags/reports_etl_dag.py took 0.598 seconds
[2026-01-24T19:06:06.653+0000] {processor.py:161} INFO - Started process (PID=754) to work on /opt/airflow/dags/reports_etl_dag.py
[2026-01-24T19:06:06.654+0000] {processor.py:830} INFO - Processing file /opt/airflow/dags/reports_etl_dag.py for tasks to queue
[2026-01-24T19:06:06.656+0000] {logging_mixin.py:188} INFO - [2026-01-24T19:06:06.656+0000] {dagbag.py:545} INFO - Filling up the DagBag from /opt/airflow/dags/reports_etl_dag.py
[2026-01-24T19:06:07.108+0000] {processor.py:840} INFO - DAG(s) 'reports_etl_dag' retrieved from /opt/airflow/dags/reports_etl_dag.py
[2026-01-24T19:06:07.146+0000] {logging_mixin.py:188} INFO - [2026-01-24T19:06:07.146+0000] {dag.py:3096} INFO - Sync 1 DAGs
[2026-01-24T19:06:07.171+0000] {logging_mixin.py:188} INFO - [2026-01-24T19:06:07.171+0000] {dag.py:3954} INFO - Setting next_dagrun for reports_etl_dag to 2026-01-24 19:06:00+00:00, run_after=2026-01-24 19:09:00+00:00
[2026-01-24T19:06:07.204+0000] {processor.py:183} INFO - Processing /opt/airflow/dags/reports_etl_dag.py took 0.557 seconds
[2026-01-24T19:06:37.840+0000] {processor.py:161} INFO - Started process (PID=767) to work on /opt/airflow/dags/reports_etl_dag.py
[2026-01-24T19:06:37.841+0000] {processor.py:830} INFO - Processing file /opt/airflow/dags/reports_etl_dag.py for tasks to queue
[2026-01-24T19:06:37.842+0000] {logging_mixin.py:188} INFO - [2026-01-24T19:06:37.842+0000] {dagbag.py:545} INFO - Filling up the DagBag from /opt/airflow/dags/reports_etl_dag.py
[2026-01-24T19:06:38.282+0000] {processor.py:840} INFO - DAG(s) 'reports_etl_dag' retrieved from /opt/airflow/dags/reports_etl_dag.py
[2026-01-24T19:06:38.332+0000] {logging_mixin.py:188} INFO - [2026-01-24T19:06:38.331+0000] {dag.py:3096} INFO - Sync 1 DAGs
[2026-01-24T19:06:38.358+0000] {logging_mixin.py:188} INFO - [2026-01-24T19:06:38.358+0000] {dag.py:3954} INFO - Setting next_dagrun for reports_etl_dag to 2026-01-24 19:06:00+00:00, run_after=2026-01-24 19:09:00+00:00
[2026-01-24T19:06:38.376+0000] {processor.py:183} INFO - Processing /opt/airflow/dags/reports_etl_dag.py took 0.542 seconds
[2026-01-24T19:07:08.857+0000] {processor.py:161} INFO - Started process (PID=780) to work on /opt/airflow/dags/reports_etl_dag.py
[2026-01-24T19:07:08.858+0000] {processor.py:830} INFO - Processing file /opt/airflow/dags/reports_etl_dag.py for tasks to queue
[2026-01-24T19:07:08.859+0000] {logging_mixin.py:188} INFO - [2026-01-24T19:07:08.859+0000] {dagbag.py:545} INFO - Filling up the DagBag from /opt/airflow/dags/reports_etl_dag.py
[2026-01-24T19:07:09.397+0000] {processor.py:840} INFO - DAG(s) 'reports_etl_dag' retrieved from /opt/airflow/dags/reports_etl_dag.py
[2026-01-24T19:07:09.438+0000] {logging_mixin.py:188} INFO - [2026-01-24T19:07:09.437+0000] {dag.py:3096} INFO - Sync 1 DAGs
[2026-01-24T19:07:09.465+0000] {logging_mixin.py:188} INFO - [2026-01-24T19:07:09.465+0000] {dag.py:3954} INFO - Setting next_dagrun for reports_etl_dag to 2026-01-24 19:06:00+00:00, run_after=2026-01-24 19:09:00+00:00
[2026-01-24T19:07:09.499+0000] {processor.py:183} INFO - Processing /opt/airflow/dags/reports_etl_dag.py took 0.649 seconds
[2026-01-24T19:07:39.600+0000] {processor.py:161} INFO - Started process (PID=800) to work on /opt/airflow/dags/reports_etl_dag.py
[2026-01-24T19:07:39.601+0000] {processor.py:830} INFO - Processing file /opt/airflow/dags/reports_etl_dag.py for tasks to queue
[2026-01-24T19:07:39.603+0000] {logging_mixin.py:188} INFO - [2026-01-24T19:07:39.602+0000] {dagbag.py:545} INFO - Filling up the DagBag from /opt/airflow/dags/reports_etl_dag.py
[2026-01-24T19:07:40.122+0000] {processor.py:840} INFO - DAG(s) 'reports_etl_dag' retrieved from /opt/airflow/dags/reports_etl_dag.py
[2026-01-24T19:07:40.162+0000] {logging_mixin.py:188} INFO - [2026-01-24T19:07:40.162+0000] {dag.py:3096} INFO - Sync 1 DAGs
[2026-01-24T19:07:40.189+0000] {logging_mixin.py:188} INFO - [2026-01-24T19:07:40.189+0000] {dag.py:3954} INFO - Setting next_dagrun for reports_etl_dag to 2026-01-24 19:06:00+00:00, run_after=2026-01-24 19:09:00+00:00
[2026-01-24T19:07:40.224+0000] {processor.py:183} INFO - Processing /opt/airflow/dags/reports_etl_dag.py took 0.631 seconds
